0.704094,0.709929,-0.015871,6.70,0.811,0.867,1.000
0.999717,-0.008780,-0.022090,6.29,1.000,0.854,0.737
0.994773,-0.099450,-0.023161,4.61,1.000,0.866,0.758
0.972491,0.231682,-0.024192,5.51,1.000,0.894,0.807
0.523245,0.852062,-0.014311,5.96,1.000,0.946,0.896
0.654822,-0.755568,-0.018053,5.70,1.000,0.984,0.960
0.435120,0.900289,-0.012233,5.59,0.778,0.847,1.000
0.874075,0.485136,-0.025229,6.13,1.000,0.927,0.864
0.919361,-0.392458,-0.027427,6.18,0.953,0.950,1.000
0.953827,-0.298814,-0.030406,6.19,0.835,0.882,1.000
0.998442,-0.044472,-0.033711,6.43,0.745,0.826,1.000
0.923288,-0.382827,-0.031355,5.94,0.835,0.882,1.000
0.833087,-0.552365,-0.029304,5.68,1.000,0.851,0.731
0.998448,-0.042709,-0.035746,6.07,1.000,0.806,0.648
0.873267,0.486191,-0.031977,2.06,0.754,0.832,1.000
0.987518,-0.153398,-0.035736,5.99,1.000,0.866,0.758
0.801964,0.596598,-0.030400,6.19,1.000,0.995,0.979
0.952645,-0.301996,-0.035584,6.06,1.000,0.761,0.564
0.902189,0.429925,-0.034935,6.23,1.000,0.880,0.782
0.178401,0.983931,-0.007272,6.01,0.854,0.893,1.000
0.512385,0.858510,-0.020531,2.27,0.927,0.936,1.000
0.949168,0.312533,-0.037459,5.53,1.000,0.866,0.758
0.587301,-0.809037,-0.023178,6.33,1.000,0.929,0.868
0.882313,-0.469283,-0.036016,5.42,0.984,0.968,1.000
0.697233,-0.716271,-0.028649,3.88,1.000,0.868,0.761
0.980198,0.193302,-0.042961,5.51,0.766,0.840,1.000
0.693048,0.720215,-0.031234,5.03,0.968,0.959,1.000
0.541645,0.840241,-0.024821,6.74,0.763,0.838,1.000
0.994799,-0.091477,-0.044797,5.84,1.000,0.878,0.778
0.135173,-0.990804,-0.005922,5.28,1.000,0.864,0.754
0.974927,-0.217803,-0.045607,5.85,1.000,0.872,0.768
0.288312,-0.957443,-0.013399,6.64,0.946,0.946,1.000
0.962615,-0.266701,-0.047353,4.89,1.000,0.993,0.974
0.883456,-0.466382,-0.044651,5.41,1.000,0.812,0.660
0.816746,-0.575477,-0.041851,5.25,1.000,0.978,1.000
0.666238,0.744923,-0.034872,6.16,1.000,0.794,0.627
0.950048,-0.307993,-0.050483,5.25,1.000,0.790,0.618
0.790053,0.611435,-0.044309,6.73,0.748,0.828,1.000
0.963482,0.261913,-0.055709,2.83,0.717,0.809,1.000
0.889585,0.453792,-0.052072,6.30,1.000,0.951,0.904
0.752995,0.656524,-0.044450,5.72,0.910,0.926,1.000
0.897021,-0.438715,-0.053692,5.94,1.000,0.779,0.598
0.894994,-0.442832,-0.053708,6.31,1.000,0.790,0.618
0.835137,0.547652,-0.051219,6.25,0.785,0.851,1.000
0.936548,0.345407,-0.059757,4.80,1.000,0.776,0.592
0.988822,-0.135379,-0.062471,5.12,1.000,0.768,0.578
0.087110,-0.996186,-0.005070,5.77,1.000,0.754,0.550
0.943971,-0.324459,-0.060382,4.44,1.000,0.763,0.567
0.923351,0.379200,-0.060257,6.24,0.785,0.851,1.000
0.986063,0.153345,-0.064544,5.79,0.910,0.926,1.000
0.983998,-0.166248,-0.064099,5.75,0.763,0.838,1.000
0.850460,0.523032,-0.056177,6.45,1.000,0.963,0.925
0.886805,0.458387,-0.058811,6.35,0.781,0.849,1.000
0.818359,-0.572209,-0.053530,6.17,1.000,0.812,0.660
0.225221,0.974177,-0.015979,6.35,0.766,0.840,1.000
0.722391,0.689553,-0.051655,6.15,0.804,0.863,1.000
0.851012,-0.521701,-0.060062,5.67,1.000,0.810,0.657
0.242835,-0.969920,-0.016896,6.49,1.000,0.874,0.771
0.987091,0.143320,-0.071484,6.11,1.000,0.890,0.800
0.475344,0.879095,-0.035223,5.74,1.000,0.898,0.814
0.935937,-0.345471,-0.068355,6.47,0.760,0.836,1.000
0.667936,0.742531,-0.050081,5.89,0.760,0.836,1.000
0.778461,0.624993,-0.058163,4.61,0.807,0.865,1.000
0.194044,-0.980889,-0.014264,6.77,1.000,1.000,0.988
0.621567,0.781880,-0.048145,6.14,0.748,0.828,1.000
0.942460,-0.326411,-0.072284,6.45,0.946,0.946,1.000
0.996554,0.029472,-0.077534,6.17,1.000,0.886,0.793
0.798326,0.598818,-0.063980,4.52,0.804,0.863,1.000
0.977814,0.194334,-0.078186,6.05,1.000,0.868,0.761
0.719466,0.692031,-0.058840,6.11,0.763,0.838,1.000
0.849666,0.522755,-0.069252,5.87,0.785,0.851,1.000
0.986846,-0.140085,-0.080686,6.46,1.000,0.943,0.892
0.726121,-0.684996,-0.059411,6.33,1.000,0.834,0.701
0.984616,-0.153398,-0.083668,3.56,1.000,0.833,0.698
0.755000,0.652492,-0.065036,6.33,1.000,0.840,0.711
0.655307,0.753165,-0.057582,6.52,1.000,0.963,0.925
0.422972,-0.905382,-0.037138,4.23,1.000,0.968,0.934
0.854346,0.514078,-0.076273,5.90,0.757,0.834,1.000
0.836071,0.543341,-0.075935,5.79,1.000,0.773,0.587
0.985805,0.142461,-0.088841,5.37,1.000,0.812,0.660
0.977621,0.190414,-0.089436,6.56,1.000,0.963,0.925
0.785002,0.615230,-0.072552,5.18,0.984,0.968,1.000
0.346751,-0.937434,-0.031328,5.51,0.772,0.844,1.000
0.870921,-0.484530,-0.082020,5.18,1.000,0.874,0.771
0.935112,-0.342968,-0.089101,5.12,1.000,0.740,0.523
0.967790,0.233148,-0.094999,6.23,1.000,0.833,0.698
0.216729,-0.976019,-0.020369,5.97,1.000,0.802,0.642
0.972522,-0.211486,-0.097342,6.39,1.000,0.948,0.900
0.852452,-0.515578,-0.086627,6.55,0.788,0.853,1.000
0.777474,0.623569,-0.081830,7.39,1.000,0.720,0.483
0.611942,0.788226,-0.065020,5.57,0.751,0.830,1.000
0.469313,0.881560,-0.050966,5.40,0.788,0.853,1.000
0.993548,-0.038722,-0.106596,6.07,1.000,0.833,0.698
0.597557,0.799128,-0.065725,5.74,0.769,0.842,1.000
0.993294,0.033848,-0.110553,5.77,1.000,0.902,0.822
0.219235,-0.975358,-0.024738,2.80,1.000,0.958,0.917
0.734701,-0.673091,-0.084629,2.39,1.000,0.856,0.741
0.718486,-0.690630,-0.082507,3.94,0.847,0.889,1.000
0.993260,-0.000868,-0.115905,6.19,1.000,0.894,0.807
0.895862,-0.431255,-0.107004,5.98,1.000,0.868,0.761
0.944514,0.307241,-0.116174,5.06,1.000,0.764,0.570
0.709127,0.699594,-0.087787,5.17,0.797,0.859,1.000
0.832383,-0.544745,-0.101940,4.81,1.000,0.765,0.572
0.951835,0.283095,-0.117763,6.06,1.000,0.774,0.589
0.976715,0.176908,-0.121375,6.04,0.993,0.973,1.000
0.930511,-0.347509,-0.115702,6.43,1.000,0.966,0.930
0.761099,-0.641650,-0.094935,5.43,1.000,0.777,0.595
0.793316,0.600420,-0.100723,6.26,1.000,0.890,0.800
0.630653,-0.771988,-0.079442,6.26,1.000,0.856,0.741
0.222580,0.974446,-0.030209,6.21,1.000,0.907,0.829
0.495969,0.865827,-0.066026,5.94,0.791,0.855,1.000
0.860697,0.496242,-0.113778,5.23,0.876,0.906,1.000
0.958342,-0.256528,-0.125594,6.14,0.946,0.946,1.000
0.839810,-0.531645,-0.109874,6.57,1.000,0.812,0.660
0.989058,-0.069012,-0.130388,5.72,1.000,0.777,0.595
0.907019,-0.403350,-0.120935,5.19,0.828,0.878,1.000
0.748739,-0.655261,-0.100114,6.19,0.921,0.932,1.000
0.660470,-0.745650,-0.088228,5.69,0.933,0.939,1.000
0.394699,0.917195,-0.054456,6.18,0.757,0.834,1.000
0.825278,0.553125,-0.113881,5.87,1.000,0.847,0.724
0.574818,0.814341,-0.080206,4.73,0.757,0.834,1.000
0.598286,0.796946,-0.083250,5.60,1.000,0.845,0.721
0.652463,-0.752456,-0.090005,4.77,0.794,0.857,1.000
0.450343,-0.890674,-0.062380,4.37,0.766,0.840,1.000
0.450219,-0.890736,-0.062393,4.54,0.839,0.884,1.000
0.718180,0.688288,-0.102361,6.70,0.785,0.851,1.000
0.322432,0.945414,-0.047213,6.42,0.785,0.851,1.000
0.450344,0.890464,-0.065297,4.16,0.835,0.882,1.000
0.928455,0.346845,-0.132931,5.38,1.000,0.858,0.744
0.982740,0.121099,-0.139850,5.67,0.788,0.853,1.000
0.877422,0.462995,-0.125559,6.67,1.000,0.963,0.925
0.871627,0.473785,-0.125675,6.30,1.000,0.874,0.771
0.569063,0.818100,-0.082950,5.93,1.000,0.866,0.758
0.448890,-0.891253,-0.064546,5.09,0.801,0.861,1.000
0.390297,0.918793,-0.059053,6.48,0.763,0.838,1.000
0.860475,-0.493309,-0.127390,5.55,1.000,0.824,0.682
0.317771,-0.947020,-0.046624,6.13,0.871,0.903,1.000
0.603628,-0.792003,-0.091461,5.57,1.000,0.998,0.983
0.961620,0.231257,-0.147671,6.40,1.000,0.963,0.925
0.986254,-0.062665,-0.152893,5.20,1.000,0.974,0.943
0.987957,-0.008823,-0.154474,5.93,1.000,0.978,1.000
0.578139,0.810743,-0.091926,5.08,0.754,0.832,1.000
0.961625,0.228464,-0.151927,6.41,1.000,0.984,0.960
0.488813,0.868857,-0.078415,5.79,0.899,0.920,1.000
0.661025,-0.743155,-0.103765,5.51,1.000,0.978,1.000
0.569200,-0.817366,-0.089024,6.06,1.000,0.872,0.768
0.877831,0.457947,-0.140344,6.50,0.760,0.836,1.000
0.954118,-0.258374,-0.151331,6.45,1.000,0.862,0.751
0.910157,-0.388199,-0.144623,6.06,0.899,0.920,1.000
0.704225,0.700767,-0.113986,5.13,1.000,0.771,0.584
0.581589,0.807958,-0.094644,3.66,0.726,0.815,1.000
0.821019,0.555127,-0.133276,4.36,0.745,0.826,1.000
0.952467,0.262722,-0.154216,5.89,0.742,0.825,1.000
0.901490,0.406963,-0.147302,6.47,1.000,0.963,0.925
0.804332,0.579273,-0.132261,5.48,1.000,0.898,0.814
0.128668,0.991431,-0.022565,6.40,1.000,0.976,0.947
0.895989,-0.418933,-0.147306,5.57,1.000,0.934,0.876
0.415285,-0.907226,-0.066933,6.42,1.000,0.826,0.685
0.985161,0.054694,-0.162687,6.39,1.000,0.814,0.664
0.574511,-0.813041,-0.094342,6.41,1.000,0.874,0.771
0.859660,0.489560,-0.145999,4.37,1.000,0.900,0.818
0.641890,0.758754,-0.110773,5.43,1.000,0.765,0.572
0.845808,0.512955,-0.146584,3.27,1.000,0.822,0.679
0.918291,0.362447,-0.159290,5.87,1.000,0.905,0.826
0.916722,0.365500,-0.161340,5.36,1.000,0.843,0.717
0.542804,0.834244,-0.096953,2.23,1.000,0.841,0.714
0.285959,-0.957002,-0.048726,6.85,0.824,0.875,1.000
0.816833,-0.558638,-0.143901,6.69,1.000,0.987,0.965
0.698903,-0.704593,-0.122816,6.01,1.000,0.847,0.724
0.943822,-0.284299,-0.168446,6.49,1.000,0.890,0.800
0.900646,-0.403616,-0.161031,6.14,1.000,0.938,0.884
0.981430,-0.075883,-0.176174,5.91,1.000,0.854,0.737
0.759690,0.635521,-0.137785,5.33,1.000,0.896,0.811
0.500332,-0.861225,-0.089213,5.89,1.000,0.976,0.947
0.397594,0.914590,-0.073791,5.83,1.000,0.866,0.758
0.894090,0.416744,-0.164096,6.04,0.885,0.911,1.000
0.625229,0.771763,-0.116063,4.80,0.754,0.832,1.000
0.682345,-0.720370,-0.124393,4.59,1.000,0.880,0.782
0.509822,0.854942,-0.095683,6.17,0.785,0.851,1.000
0.542770,-0.833902,-0.100041,5.70,0.859,0.896,1.000
0.669458,0.731648,-0.128519,4.94,0.850,0.891,1.000
0.769446,-0.622014,-0.145093,6.06,0.778,0.847,1.000
0.487444,-0.868307,-0.091876,5.98,1.000,0.815,0.667
0.408091,-0.909730,-0.076507,5.39,1.000,0.990,0.969
0.933977,-0.308796,-0.179813,2.04,1.000,0.870,0.765
0.658317,0.741556,-0.129276,5.67,0.751,0.830,1.000
0.960267,-0.208111,-0.185947,6.02,1.000,0.854,0.737
0.528249,-0.843045,-0.101135,4.36,0.788,0.853,1.000
0.253899,0.965872,-0.051253,5.66,0.804,0.863,1.000
0.652802,0.746458,-0.129036,4.54,0.766,0.840,1.000
0.964690,-0.184113,-0.188347,4.76,1.000,0.872,0.768
0.768932,-0.621444,-0.150168,5.90,1.000,0.843,0.717
0.559303,0.821365,-0.111980,5.42,0.801,0.861,1.000
0.909534,-0.374705,-0.179845,5.24,0.921,0.932,1.000
0.721094,-0.677860,-0.143277,5.94,0.894,0.917,1.000
0.453091,-0.886993,-0.089177,6.07,1.000,0.978,1.000
0.345778,0.935598,-0.071371,6.33,1.000,0.963,0.925
0.977244,-0.080706,-0.196167,6.15,1.000,0.768,0.578
0.580431,-0.806083,-0.115455,6.15,1.000,0.982,0.956
0.955706,-0.222924,-0.192176,6.15,1.000,0.961,0.921
0.557652,0.822196,-0.114093,6.52,1.000,0.963,0.925
0.694473,0.705394,-0.141866,6.05,0.766,0.840,1.000
0.940192,-0.282746,-0.189982,6.47,0.910,0.926,1.000
0.495938,0.862288,-0.102493,6.39,1.000,0.856,0.741
0.255732,0.965234,-0.054087,5.41,0.763,0.838,1.000
0.661516,-0.737886,-0.133866,5.80,1.000,0.953,0.908
0.905030,-0.383037,-0.184939,5.50,1.000,0.878,0.778
0.943933,0.266827,-0.194406,5.38,1.000,0.764,0.570
0.291243,0.954631,-0.062107,5.87,1.000,0.872,0.768
0.957722,0.207466,-0.199315,5.50,1.000,0.880,0.782
0.922248,0.335104,-0.192780,6.13,0.889,0.914,1.000
0.892261,0.410993,-0.186965,4.06,1.000,0.851,0.731
0.971929,0.117379,-0.203902,5.99,1.000,0.886,0.793
0.913709,0.357150,-0.193854,6.54,1.000,0.990,0.969
0.930189,-0.310036,-0.196537,5.70,1.000,0.819,0.673
0.520465,0.846340,-0.113242,3.44,1.000,0.971,0.938
0.908671,-0.370112,-0.193220,5.57,0.769,0.842,1.000
0.969957,0.127065,-0.207454,5.93,1.000,0.854,0.737
0.973649,0.092033,-0.208658,5.75,1.000,0.898,0.814
0.615507,0.776798,-0.133176,4.89,0.754,0.832,1.000
0.968970,0.131997,-0.208983,4.43,1.000,0.786,0.613
0.934846,0.291379,-0.202882,5.07,1.000,0.987,0.965
0.736070,0.657098,-0.162554,4.53,0.742,0.825,1.000
0.949600,-0.234487,-0.208030,5.59,1.000,0.819,0.673
0.891600,-0.408910,-0.194529,5.90,1.000,0.884,0.789
0.670266,-0.727746,-0.145360,6.27,1.000,0.894,0.807
0.864421,0.465009,-0.191163,7.00,0.939,0.943,1.000
0.864419,0.465001,-0.191189,7.10,1.000,0.963,0.925
0.896642,-0.396534,-0.196962,6.28,0.832,0.880,1.000
0.423885,0.900679,-0.095384,5.39,1.000,0.993,0.974
0.690114,0.707134,-0.153959,6.15,0.791,0.855,1.000
0.959379,-0.184714,-0.213245,5.19,1.000,0.990,0.969
0.254287,-0.965579,-0.054735,5.07,1.000,0.807,0.651
0.460687,0.881352,-0.104820,6.07,1.000,0.732,0.507
0.607084,0.782696,-0.137248,6.39,0.894,0.917,1.000
0.709371,-0.687021,-0.157464,6.48,0.899,0.920,1.000
0.106481,0.993975,-0.025999,5.62,0.817,0.871,1.000
0.605879,0.783380,-0.138658,6.21,1.000,0.963,0.925
0.614165,-0.777003,-0.138089,5.22,0.939,0.943,1.000
0.973347,0.059045,-0.221608,6.37,1.000,0.860,0.747
0.470025,0.875668,-0.110824,4.82,1.000,0.982,0.956
0.704423,-0.690998,-0.162203,6.90,0.933,0.939,1.000
0.761346,0.623178,-0.178888,6.69,0.794,0.857,1.000
0.889480,-0.406830,-0.208121,5.46,1.000,0.829,0.692
0.973177,-0.019968,-0.229190,4.77,1.000,0.776,0.592
0.772705,0.607626,-0.183621,6.06,1.000,0.847,0.724
0.589518,0.795359,-0.140969,6.27,0.854,0.893,1.000
0.883588,-0.419087,-0.208898,6.46,1.000,0.978,1.000
0.341021,-0.936699,-0.079366,6.22,1.000,0.974,0.943
0.500673,0.856923,-0.122518,4.83,1.000,0.834,0.701
0.917781,0.328674,-0.222826,5.74,0.785,0.851,1.000
0.960781,-0.151965,-0.231964,6.16,1.000,0.890,0.800
0.641300,0.751018,-0.157182,6.27,1.000,0.760,0.561
0.443561,-0.889985,-0.105736,5.70,1.000,0.777,0.595
0.889941,0.400802,-0.217630,5.47,1.000,0.874,0.771
0.883251,0.415597,-0.217131,6.20,1.000,0.768,0.578
0.514106,0.848017,-0.128693,6.21,1.000,0.807,0.651
0.350903,0.932173,-0.088998,6.37,0.953,0.950,1.000
0.862947,0.457245,-0.215057,6.09,0.835,0.882,1.000
0.962635,-0.127882,-0.238704,5.85,1.000,0.783,0.607
0.474232,0.872212,-0.119797,2.47,0.742,0.825,1.000
0.496747,0.858791,-0.125381,4.63,1.000,0.882,0.786
0.479405,0.869174,-0.121275,5.55,0.766,0.840,1.000
0.951571,-0.195376,-0.237363,5.31,1.000,0.783,0.607
0.858568,-0.466009,-0.213767,6.10,1.000,0.761,0.564
0.758741,0.622507,-0.191827,3.87,0.832,0.880,1.000
0.339741,-0.936837,-0.083142,5.45,1.000,0.856,0.741
0.889194,0.397428,-0.226680,4.42,1.000,0.886,0.793
0.674734,0.717394,-0.173436,6.12,1.000,0.870,0.765
0.388109,0.916029,-0.101309,5.97,0.781,0.849,1.000
0.846981,0.484691,-0.218400,5.42,1.000,0.858,0.744
0.802880,0.558481,-0.208524,5.98,1.000,0.874,0.771
0.940717,0.236767,-0.242885,6.32,1.000,0.896,0.811
0.901051,0.364949,-0.234349,6.37,0.817,0.871,1.000
0.314554,0.945422,-0.085045,6.39,0.832,0.880,1.000
0.948326,-0.197315,-0.248486,5.61,1.000,0.880,0.782
0.843235,-0.490257,-0.220459,4.31,0.739,0.823,1.000
0.473647,-0.872038,-0.123317,6.23,0.821,0.873,1.000
0.686402,0.703533,-0.184103,6.84,1.000,0.963,0.925
0.686373,0.703560,-0.184106,6.04,0.785,0.851,1.000
0.959941,0.112909,-0.256445,6.11,1.000,0.761,0.564
0.062367,0.997867,-0.019290,4.25,1.000,0.834,0.701
0.015761,0.999852,-0.006840,6.46,0.824,0.875,1.000
0.605749,0.777530,-0.168862,6.47,1.000,0.963,0.925
0.750390,-0.628189,-0.205653,5.59,1.000,0.840,0.711
0.651738,0.735815,-0.183886,6.45,0.880,0.909,1.000
0.722643,0.660592,-0.203483,5.98,0.843,0.886,1.000
0.818127,0.527022,-0.230036,5.50,0.772,0.844,1.000
0.465150,0.875254,-0.132538,5.92,1.000,0.993,0.974
0.820734,-0.523271,-0.229308,5.50,0.814,0.869,1.000
0.953411,0.137272,-0.268635,4.28,1.000,0.882,0.786
0.524776,-0.838694,-0.145607,6.11,1.000,0.886,0.793
0.958977,-0.084316,-0.270655,5.43,1.000,0.852,0.734
0.457303,0.879485,-0.131835,5.84,1.000,0.979,0.951
0.585120,0.793377,-0.167891,5.99,1.000,0.791,0.621
0.663905,-0.724142,-0.186678,5.36,1.000,0.894,0.807
0.837162,-0.492816,-0.237261,6.29,1.000,0.888,0.796
0.961208,0.023851,-0.274790,6.04,0.889,0.914,1.000
0.604217,0.777256,-0.175484,6.54,0.763,0.838,1.000
0.834844,0.494831,-0.241202,6.19,0.993,0.973,1.000
0.399934,-0.909643,-0.112256,6.21,1.000,0.765,0.572
0.735903,0.642669,-0.213127,6.72,0.910,0.926,1.000
0.047074,0.998759,-0.016261,6.25,1.000,0.851,0.731
0.955525,0.098562,-0.277952,6.00,1.000,0.785,0.610
0.927464,0.257910,-0.270726,5.68,0.976,0.963,1.000
0.438629,0.889110,-0.130719,6.54,0.854,0.893,1.000
0.892632,0.366068,-0.263062,5.34,0.778,0.847,1.000
0.892666,0.365937,-0.263128,5.56,0.766,0.840,1.000
0.165600,0.984843,-0.051583,6.29,1.000,0.963,0.925
0.955526,0.085562,-0.282223,6.35,0.953,0.950,1.000
0.955479,0.085581,-0.282376,7.25,1.000,0.993,0.974
0.944784,-0.173290,-0.278125,6.12,1.000,0.872,0.768
0.522439,0.838052,-0.157245,6.43,1.000,0.840,0.711
0.944612,-0.170888,-0.280188,5.58,0.791,0.855,1.000
0.569489,0.803840,-0.171826,6.38,1.000,0.963,0.925
0.933731,0.224205,-0.279067,6.12,1.000,0.882,0.786
0.875831,-0.406617,-0.259967,6.14,1.000,0.856,0.741
0.549403,0.818353,-0.168686,5.17,1.000,0.941,0.888
0.657279,-0.727995,-0.194955,3.31,1.000,0.896,0.811
0.778578,-0.582986,-0.232258,6.61,0.835,0.882,1.000
0.688567,0.693929,-0.210565,5.03,0.824,0.875,1.000
0.874558,-0.406679,-0.264121,6.37,0.871,0.903,1.000
0.502654,0.850477,-0.155009,5.79,0.785,0.851,1.000
0.810861,0.530100,-0.247989,6.25,0.968,0.959,1.000
0.894394,0.354114,-0.273245,5.55,0.832,0.880,1.000
0.942680,-0.169961,-0.287172,5.82,0.993,0.973,1.000
0.951188,0.098447,-0.292487,5.52,0.927,0.936,1.000
0.716567,-0.662449,-0.218387,5.21,0.843,0.886,1.000
0.452679,-0.881099,-0.136913,5.37,1.000,0.898,0.814
0.170410,0.983803,-0.055598,5.64,0.791,0.855,1.000
0.940500,-0.176779,-0.290189,3.45,1.000,0.843,0.717
0.647923,0.734227,-0.202747,4.25,0.766,0.840,1.000
0.344907,0.932189,-0.109833,5.29,0.781,0.849,1.000
0.775554,0.582415,-0.243533,2.06,1.000,0.774,0.589
0.544867,-0.821605,-0.167584,3.92,0.763,0.838,1.000
0.898351,0.336415,-0.282473,5.55,1.000,0.941,0.888
0.707537,0.670186,-0.224149,5.65,1.000,0.963,0.925
0.860729,0.429846,-0.272723,5.80,1.000,0.791,0.621
0.414223,0.900340,-0.133445,5.55,0.766,0.840,1.000
0.544153,0.820648,-0.174455,4.33,0.847,0.889,1.000
0.918009,0.270166,-0.290291,6.06,1.000,0.788,0.615
0.401826,0.906447,-0.129960,5.57,0.760,0.836,1.000
0.941959,-0.154816,-0.297902,6.40,1.000,0.866,0.758
0.952111,0.042670,-0.302759,5.95,1.000,0.785,0.610
0.753131,0.611861,-0.241701,5.81,0.757,0.834,1.000
0.812575,0.521378,-0.260550,5.16,0.871,0.903,1.000
0.509612,-0.845210,-0.160982,6.41,1.000,0.896,0.811
0.888366,0.358934,-0.286307,4.66,1.000,0.868,0.761
0.823289,0.501356,-0.266153,4.51,1.000,0.856,0.741
0.950692,-0.039279,-0.307638,5.94,1.000,0.802,0.642
0.450049,0.880526,-0.148763,6.41,0.791,0.855,1.000
0.667983,0.711263,-0.218868,6.11,1.000,0.765,0.572
0.821941,0.500970,-0.271002,6.19,1.000,0.874,0.771
0.165522,0.984534,-0.057408,6.26,0.984,0.968,1.000
0.816448,-0.512076,-0.266817,6.52,1.000,0.995,0.979
0.750098,-0.613684,-0.246463,5.92,0.894,0.917,1.000
0.862679,0.416021,-0.287595,4.65,1.000,0.866,0.758
0.940415,0.131829,-0.313435,5.24,0.915,0.929,1.000
0.940376,0.131882,-0.313528,6.30,1.000,0.993,0.974
0.833067,0.477615,-0.279077,6.43,1.000,0.757,0.556
0.910807,0.277878,-0.305311,5.98,0.763,0.838,1.000
0.296108,0.949666,-0.102250,7.83,1.000,0.920,0.852
0.938721,-0.137843,-0.315915,5.13,1.000,1.000,0.988
0.940289,0.121788,-0.317844,6.03,1.000,0.858,0.744
0.947045,-0.016997,-0.320649,5.70,0.984,0.968,1.000
0.631278,0.744104,-0.218625,6.61,0.772,0.844,1.000
0.663160,-0.713634,-0.225710,4.96,1.000,0.968,0.934
0.791572,0.546317,-0.273771,6.02,1.000,0.845,0.721
0.668627,0.705896,-0.233773,6.34,1.000,0.963,0.925
0.943757,-0.043624,-0.327751,5.41,1.000,0.894,0.807
0.802361,0.526136,-0.281776,6.73,1.000,0.963,0.925
0.202152,0.976562,-0.073902,6.31,1.000,0.890,0.800
0.637645,0.736330,-0.226334,6.25,1.000,0.810,0.657
0.340870,-0.932803,-0.116986,4.86,1.000,0.998,0.983
0.941057,0.063042,-0.332322,5.16,0.811,0.867,1.000
0.748076,0.607183,-0.267789,6.46,0.871,0.903,1.000
0.377960,-0.916349,-0.132101,6.24,0.804,0.863,1.000
0.222816,0.971296,-0.083291,6.38,0.894,0.917,1.000
0.494671,0.850184,-0.180245,4.98,1.000,0.943,0.892
0.836002,0.458094,-0.302078,4.76,0.797,0.859,1.000
0.401504,0.903772,-0.148295,6.34,0.817,0.871,1.000
0.939946,-0.008882,-0.341207,5.87,1.000,0.953,0.908
0.182586,0.980703,-0.069887,6.07,0.960,0.954,1.000
0.937324,-0.056640,-0.343824,6.23,1.000,0.870,0.765
0.920992,-0.194900,-0.337324,6.15,1.000,0.852,0.734
0.822468,0.480806,-0.303927,5.23,1.000,0.804,0.645
0.655821,0.713604,-0.246311,4.88,1.000,0.858,0.744
0.493270,0.849369,-0.187770,6.45,1.000,0.963,0.925
0.935302,0.030127,-0.352566,6.20,1.000,0.783,0.607
0.935754,-0.007849,-0.352566,6.49,1.000,0.858,0.744
0.884471,-0.326911,-0.332928,6.35,1.000,0.995,0.979
0.738921,0.611734,-0.282450,5.58,0.885,0.911,1.000
0.772210,0.562745,-0.294975,6.29,1.000,0.909,0.833
0.875490,0.349699,-0.333508,5.97,1.000,0.755,0.553
0.303339,0.945405,-0.119144,6.49,1.000,0.963,0.925
0.346622,0.928031,-0.136422,4.74,1.000,0.864,0.754
0.801338,-0.514223,-0.305667,5.84,1.000,0.770,0.581
0.924413,-0.139303,-0.355042,6.21,0.871,0.903,1.000
0.924038,-0.142341,-0.354813,3.60,1.000,0.862,0.751
0.462041,0.868071,-0.181576,2.68,0.832,0.880,1.000
0.926256,-0.120392,-0.357149,5.91,0.976,0.963,1.000
0.897923,-0.269933,-0.347665,6.14,1.000,0.892,0.803
0.931153,-0.049697,-0.361225,6.15,1.000,0.882,0.786
0.853766,0.398936,-0.334566,6.18,0.993,0.973,1.000
0.698492,-0.662522,-0.270506,5.42,1.000,0.866,0.758
0.675012,0.687820,-0.266950,5.96,1.000,0.993,0.974
0.765856,0.567552,-0.302239,6.31,1.000,0.998,0.983
0.664771,-0.701262,-0.257509,6.26,1.000,0.847,0.724
0.900965,-0.252051,-0.353175,4.90,1.000,0.831,0.695
0.878427,0.328409,-0.347151,5.38,0.960,0.954,1.000
0.877396,0.329530,-0.348693,5.50,1.000,0.852,0.734
0.766441,0.564643,-0.306180,6.27,1.000,1.000,0.988
0.929666,-0.006957,-0.368339,6.41,1.000,0.829,0.692
0.651341,0.712108,-0.262025,4.83,0.984,0.968,1.000
0.699369,0.657383,-0.280590,6.46,0.889,0.914,1.000
0.927217,0.061663,-0.369414,6.58,0.775,0.845,1.000
0.403095,-0.901602,-0.156934,5.93,1.000,0.777,0.595
0.905017,-0.225915,-0.360425,5.66,0.933,0.939,1.000
0.707031,0.647263,-0.284882,6.60,0.775,0.845,1.000
0.783018,-0.537933,-0.312267,5.79,1.000,0.716,0.475
0.010126,0.999918,-0.007898,2.02,1.000,0.963,0.925
0.910809,-0.189124,-0.366959,6.13,1.000,0.815,0.667
0.917628,0.138506,-0.372525,6.20,1.000,0.851,0.731
0.311273,0.941263,-0.130895,5.81,1.000,0.998,0.983
0.373738,0.914240,-0.156475,6.14,0.814,0.869,1.000
0.674141,-0.686051,-0.273620,3.41,1.000,0.776,0.592
0.629881,0.731440,-0.261238,5.27,1.000,0.874,0.771
0.769818,-0.555768,-0.313850,6.58,0.904,0.923,1.000
0.877060,0.314913,-0.362760,6.02,0.835,0.882,1.000
0.859444,-0.368602,-0.354244,5.12,0.794,0.857,1.000
0.918266,0.107026,-0.381227,4.84,1.000,0.807,0.651
0.633514,-0.728447,-0.260814,6.31,1.000,0.763,0.567
0.828330,-0.441628,-0.344723,5.93,1.000,0.812,0.660
0.888532,0.264645,-0.374798,3.62,1.000,0.880,0.782
0.755694,0.570714,-0.321266,6.39,0.751,0.830,1.000
0.482034,0.851063,-0.208170,5.70,1.000,0.783,0.607
0.603855,-0.755542,-0.253998,3.95,1.000,0.876,0.775
0.795304,-0.504276,-0.336447,5.82,1.000,0.858,0.744
0.469196,0.859245,-0.203846,4.71,1.000,0.874,0.771
0.644739,-0.714174,-0.272520,6.17,0.807,0.865,1.000
0.907343,-0.156688,-0.390099,6.59,0.775,0.845,1.000
0.735169,-0.599935,-0.315600,5.51,1.000,0.870,0.765
0.729722,0.605116,-0.318340,5.88,0.766,0.840,1.000
0.594364,-0.762982,-0.254146,6.28,1.000,1.000,0.988
0.910666,-0.122307,-0.394623,5.76,1.000,0.953,0.908
0.246528,0.962696,-0.111538,6.58,0.797,0.859,1.000
0.868514,0.316652,-0.381334,5.89,1.000,0.783,0.607
0.881891,-0.270199,-0.386343,5.63,0.811,0.867,1.000
0.688829,0.657065,-0.306236,6.38,1.000,0.852,0.734
0.777370,-0.528323,-0.341424,6.12,1.000,0.852,0.734
0.602137,0.751526,-0.269517,5.92,1.000,0.834,0.701
0.884188,0.253106,-0.392618,6.22,0.775,0.845,1.000
0.265167,0.956509,-0.121564,5.28,1.000,0.882,0.786
0.871728,0.299601,-0.387723,5.80,1.000,0.963,0.925
0.684137,0.661385,-0.307452,4.09,1.000,0.979,0.951
0.880772,-0.265561,-0.392068,5.42,1.000,0.834,0.701
0.482915,-0.849335,-0.213125,6.01,0.953,0.950,1.000
0.482387,0.847840,-0.220159,5.56,1.000,0.806,0.648
0.791674,-0.498601,-0.353056,5.69,0.921,0.932,1.000
0.891194,0.210330,-0.401914,5.57,0.933,0.939,1.000
0.601439,0.750438,-0.274070,3.57,1.000,0.822,0.679
0.638259,0.712026,-0.292650,6.36,0.801,0.861,1.000
0.898395,-0.163393,-0.407664,6.24,1.000,0.982,0.956
0.182878,-0.979941,-0.079189,6.11,1.000,0.880,0.782
0.479738,-0.850544,-0.215469,6.18,1.000,0.770,0.581
0.648540,0.699490,-0.300183,4.98,1.000,0.896,0.811
0.534160,0.807664,-0.249703,6.39,1.000,0.770,0.581
0.730545,-0.595220,-0.334688,5.94,1.000,0.864,0.754
0.492723,-0.840913,-0.223807,0.46,0.739,0.823,1.000
0.846484,-0.362849,-0.389622,5.58,0.927,0.936,1.000
0.823186,-0.422965,-0.378768,6.70,0.763,0.838,1.000
0.869973,0.282439,-0.404197,5.97,1.000,0.851,0.731
0.658717,0.685790,-0.309489,5.61,0.863,0.898,1.000
0.687556,0.650469,-0.322734,4.94,0.760,0.836,1.000
0.337245,0.927465,-0.161475,5.59,0.766,0.840,1.000
0.541176,-0.803222,-0.248923,6.84,1.000,0.978,1.000
0.298886,0.943353,-0.144056,5.18,0.775,0.845,1.000
0.437008,0.874944,-0.208559,6.71,0.778,0.847,1.000
0.469592,0.853803,-0.224730,6.37,0.781,0.849,1.000
0.664540,0.677051,-0.316210,4.95,1.000,0.958,0.917
0.814155,0.434380,-0.385313,6.17,1.000,0.978,1.000
0.781852,0.500714,-0.371474,5.99,1.000,0.872,0.768
0.504416,-0.830966,-0.234651,5.87,1.000,0.894,0.807
0.504453,-0.830933,-0.234686,5.76,1.000,0.900,0.818
0.430882,0.878164,-0.207771,6.34,0.791,0.855,1.000
0.899509,0.095629,-0.426309,4.44,1.000,0.809,0.654
0.737040,0.577082,-0.351780,5.64,0.766,0.840,1.000
0.442519,0.870795,-0.214228,5.78,0.781,0.849,1.000
0.885481,-0.196369,-0.421144,5.75,1.000,0.978,1.000
0.845819,0.346422,-0.405687,5.24,1.000,0.907,0.829
0.710758,-0.617490,-0.336942,6.17,0.984,0.968,1.000
0.632931,0.711072,-0.306226,6.34,1.000,0.872,0.768
0.569829,0.773714,-0.276878,4.07,0.775,0.845,1.000
0.762466,-0.534750,-0.364263,5.25,1.000,0.864,0.754
0.722346,-0.599478,-0.344735,5.72,0.785,0.851,1.000
0.482133,0.843733,-0.235930,6.21,0.821,0.873,1.000
0.899350,-0.064363,-0.432466,4.99,1.000,0.806,0.648
0.580081,-0.766481,-0.275706,6.64,0.828,0.878,1.000
0.487543,0.839517,-0.239817,6.25,0.801,0.861,1.000
0.760893,0.532753,-0.370427,6.34,1.000,0.963,0.925
0.622190,0.721032,-0.304948,6.35,1.000,0.963,0.925
0.440663,-0.872832,-0.209714,5.71,1.000,0.824,0.682
0.533284,-0.806347,-0.255759,5.52,1.000,0.982,0.956
0.895852,-0.083079,-0.436517,6.19,1.000,0.780,0.601
0.842466,0.343382,-0.415138,6.27,1.000,0.927,0.864
0.864120,-0.274589,-0.421779,3.50,1.000,0.934,0.876
0.884690,0.159154,-0.438170,4.26,1.000,0.882,0.786
0.392877,0.897660,-0.199634,5.63,1.000,0.913,0.841
0.111307,-0.992493,-0.050682,5.87,1.000,0.961,0.921
0.890480,-0.099899,-0.443920,5.34,1.000,0.783,0.607
0.811361,-0.423449,-0.402969,5.31,0.960,0.954,1.000
0.852826,0.299258,-0.427940,6.55,0.880,0.909,1.000
0.170154,-0.982118,-0.080572,6.33,1.000,0.886,0.793
0.794873,-0.459412,-0.396381,6.39,0.939,0.943,1.000
0.616644,0.722119,-0.313518,6.32,0.993,0.973,1.000
0.565307,-0.775125,-0.282150,5.49,1.000,0.771,0.584
0.531930,-0.804085,-0.265515,5.04,0.801,0.861,1.000
0.701559,0.615012,-0.359966,5.94,1.000,0.880,0.782
0.851931,0.291630,-0.434932,5.84,0.778,0.847,1.000
0.748714,0.540098,-0.384346,5.79,1.000,0.976,0.947
0.665699,-0.666012,-0.336561,6.18,1.000,0.780,0.601
0.083039,-0.995836,-0.037610,5.69,1.000,0.886,0.793
0.595705,0.741940,-0.307669,5.82,0.899,0.920,1.000
0.888306,0.064281,-0.454732,5.91,1.000,0.880,0.782
0.710413,-0.604039,-0.361180,6.32,1.000,0.870,0.765
0.545724,0.787294,-0.286973,5.90,0.993,0.973,1.000
0.820552,0.379057,-0.427797,5.86,1.000,0.929,0.868
0.872447,-0.185433,-0.452161,4.67,0.921,0.932,1.000
0.760897,-0.516126,-0.393254,6.34,1.000,0.833,0.698
0.504588,0.820626,-0.268261,5.52,0.733,0.819,1.000
0.868866,0.191551,-0.456487,5.94,0.904,0.923,1.000
0.695402,-0.621201,-0.361284,6.37,1.000,0.984,0.960
0.557932,0.774865,-0.297147,5.79,0.766,0.840,1.000
0.595179,-0.740997,-0.310943,6.14,1.000,0.872,0.768
0.548869,0.782333,-0.294445,6.26,1.000,0.963,0.925
0.869708,-0.179403,-0.459807,3.73,1.000,0.847,0.724
0.496753,0.825094,-0.269177,6.45,0.850,0.891,1.000
0.566536,-0.768352,-0.297780,5.94,0.835,0.882,1.000
0.389426,0.896254,-0.212311,3.38,0.742,0.825,1.000
0.667084,0.652492,-0.359519,5.40,1.000,0.815,0.667
0.765944,0.493621,-0.411908,3.41,1.000,0.993,0.974
0.830371,0.330446,-0.448652,4.83,1.000,0.963,0.925
0.830383,0.330409,-0.448659,4.75,0.775,0.845,1.000
0.842978,-0.291189,-0.452324,5.80,0.889,0.914,1.000
0.317916,0.931598,-0.176224,4.99,0.757,0.834,1.000
0.878381,0.055604,-0.474716,4.62,1.000,0.886,0.793
0.152091,-0.985339,-0.077306,6.06,0.927,0.936,1.000
0.664822,0.652124,-0.364344,6.24,1.000,0.827,0.689
0.699071,0.603602,-0.383358,6.26,1.000,0.841,0.714
0.820248,0.355238,-0.448329,2.64,0.832,0.880,1.000
0.687860,-0.623808,-0.371097,6.10,1.000,0.851,0.731
0.607639,-0.722997,-0.328709,4.41,1.000,0.773,0.587
0.696099,0.605680,-0.385484,5.89,1.000,0.767,0.575
0.695922,0.605317,-0.386372,5.67,1.000,0.862,0.751
0.647400,-0.675551,-0.352852,5.11,0.769,0.842,1.000
0.801899,0.399985,-0.443814,5.74,1.000,0.838,0.708
0.874382,0.032278,-0.484163,6.01,1.000,0.974,0.943
0.412085,0.880461,-0.234466,6.02,0.775,0.845,1.000
0.649993,0.665158,-0.367524,6.78,0.769,0.842,1.000
0.829933,0.305986,-0.466459,5.10,1.000,0.890,0.800
0.770381,0.466455,-0.434663,5.82,1.000,0.771,0.584
0.806573,-0.383118,-0.450178,4.85,1.000,0.799,0.636
0.543216,-0.783790,-0.300981,3.70,1.000,0.905,0.826
0.371519,0.903495,-0.213705,5.26,0.791,0.855,1.000
0.567873,0.757043,-0.323121,5.69,1.000,0.872,0.768
0.797726,0.400287,-0.451003,4.79,0.894,0.917,1.000
0.333478,-0.924860,-0.182829,4.69,1.000,0.884,0.789
0.426107,-0.873444,-0.235644,6.06,0.946,0.946,1.000
0.179929,0.977843,-0.106997,6.04,1.000,0.847,0.724
0.539962,-0.785491,-0.302398,6.10,1.000,0.995,0.979
0.590499,-0.735920,-0.331260,4.83,1.000,0.898,0.814
0.281873,0.944989,-0.165964,4.54,0.843,0.886,1.000
0.728587,-0.545615,-0.414084,6.35,1.000,0.870,0.765
0.809011,0.359318,-0.465179,5.87,1.000,0.868,0.761
0.847372,0.212940,-0.486433,6.09,0.854,0.893,1.000
0.238930,0.960539,-0.142395,6.23,1.000,0.963,0.925
0.259259,0.953303,-0.154910,3.98,0.785,0.851,1.000
0.188159,0.975463,-0.114316,5.38,0.910,0.926,1.000
0.864426,0.054030,-0.499848,5.88,1.000,0.958,0.917
0.809923,-0.355506,-0.466519,5.41,1.000,0.764,0.570
0.362066,-0.909416,-0.204625,6.37,1.000,0.894,0.807
0.808072,-0.359635,-0.466564,4.00,1.000,0.776,0.592
0.364656,0.905579,-0.216685,6.00,0.797,0.859,1.000
0.855491,-0.148217,-0.496152,5.51,1.000,0.783,0.607
0.643845,-0.669527,-0.370402,5.57,1.000,0.862,0.751
0.371468,0.901757,-0.221011,5.58,0.953,0.950,1.000
0.500115,0.813989,-0.295478,5.04,0.763,0.838,1.000
0.413577,-0.879397,-0.235828,2.86,0.894,0.917,1.000
0.204874,0.970779,-0.124957,5.22,1.000,0.884,0.789
0.176707,-0.979394,-0.097791,6.16,1.000,0.978,1.000
0.747624,-0.500025,-0.437073,5.35,1.000,0.898,0.814
0.860524,0.048215,-0.507123,5.23,1.000,0.963,0.925
0.860524,0.048215,-0.507123,4.33,0.797,0.859,1.000
0.127837,0.988483,-0.080989,6.05,0.824,0.875,1.000
0.360219,0.907069,-0.217874,6.52,0.788,0.853,1.000
0.718493,0.548788,-0.427317,5.50,0.797,0.859,1.000
0.351606,-0.914016,-0.202356,6.10,1.000,0.841,0.714
0.836638,0.233049,-0.495707,5.94,1.000,0.773,0.587
0.612763,-0.703564,-0.359889,5.14,1.000,0.788,0.615
0.633854,0.673396,-0.380482,2.26,1.000,0.807,0.651
0.633824,0.673410,-0.380507,4.84,0.797,0.859,1.000
0.771535,0.437360,-0.462006,5.63,1.000,0.979,0.951
0.747796,-0.494928,-0.442546,6.42,0.835,0.882,1.000
0.858969,0.002240,-0.512023,5.43,0.839,0.884,1.000
0.828974,-0.263971,-0.493073,5.86,1.000,0.878,0.778
0.814654,0.313219,-0.488091,6.21,1.000,0.799,0.636
0.857594,-0.005939,-0.514293,5.93,1.000,0.898,0.814
0.855697,-0.071560,-0.512505,5.62,1.000,0.773,0.587
0.746570,-0.489336,-0.450760,4.69,0.736,0.821,1.000
0.785698,0.385074,-0.484145,5.03,0.824,0.875,1.000
0.843359,0.143449,-0.517849,6.31,1.000,0.764,0.570
0.766575,0.433733,-0.473539,6.15,0.778,0.847,1.000
0.851525,0.000611,-0.524314,6.28,1.000,0.894,0.807
0.779681,0.398149,-0.483297,2.00,1.000,0.845,0.721
0.443248,0.851943,-0.278791,5.67,1.000,0.961,0.921
0.604365,0.700404,-0.379706,6.42,1.000,0.963,0.925
0.668659,0.613723,-0.419808,4.82,0.828,0.878,1.000
0.497420,0.807404,-0.317288,6.31,1.000,0.884,0.789
0.691849,0.573394,-0.438821,3.00,0.835,0.882,1.000
0.759641,0.437425,-0.481254,4.98,0.921,0.932,1.000
0.806941,0.296116,-0.511039,6.43,1.000,0.963,0.925
0.805863,-0.305354,-0.507291,6.10,1.000,0.770,0.581
0.229889,0.961395,-0.151229,6.29,1.000,0.892,0.803
0.449472,0.844756,-0.290452,6.36,0.921,0.932,1.000
0.653465,0.629855,-0.419840,5.63,0.781,0.849,1.000
0.653405,0.629904,-0.419861,6.10,0.766,0.840,1.000
0.769288,-0.412243,-0.488111,6.48,0.899,0.920,1.000
0.793627,0.333811,-0.508652,5.70,1.000,0.764,0.570
0.613038,-0.688566,-0.387378,5.85,1.000,0.838,0.708
0.755901,0.437382,-0.487145,6.02,1.000,0.809,0.654
0.716062,0.522891,-0.462429,6.23,0.824,0.875,1.000
0.830827,0.149013,-0.536210,5.63,1.000,0.974,0.943
0.608430,-0.692339,-0.387917,6.32,1.000,0.894,0.807
0.532136,-0.775214,-0.340403,6.12,1.000,0.911,0.837
0.827267,-0.174546,-0.534006,6.01,0.960,0.954,1.000
0.839202,-0.031852,-0.542887,5.93,1.000,0.880,0.782
0.331719,0.917230,-0.220571,6.07,1.000,0.956,0.913
0.435332,0.853197,-0.287299,6.44,1.000,0.963,0.925
0.723318,0.504574,-0.471398,4.94,1.000,0.920,0.852
0.598840,0.697561,-0.393445,4.83,1.000,0.790,0.618
0.763804,0.409410,-0.498987,5.96,1.000,0.807,0.651
0.524633,0.777869,-0.345948,5.31,1.000,0.888,0.796
0.780074,0.361801,-0.510474,5.27,0.993,0.973,1.000
0.563464,0.737091,-0.373102,6.06,0.968,0.959,1.000
0.806597,0.263532,-0.529105,5.71,1.000,0.779,0.598
0.826337,0.153791,-0.541770,4.37,1.000,0.896,0.811
0.836054,-0.041764,-0.547055,5.54,1.000,0.971,0.938
0.780705,-0.358372,-0.511926,5.86,1.000,0.872,0.768
0.719093,-0.510901,-0.471047,5.28,0.781,0.849,1.000
0.556817,0.740938,-0.375454,6.33,1.000,0.963,0.925
0.449709,0.839196,-0.305799,6.48,0.894,0.917,1.000
0.692577,0.549882,-0.466870,5.28,0.785,0.851,1.000
0.747017,0.434965,-0.502764,5.79,1.000,0.978,1.000
0.751733,0.423299,-0.505683,5.58,1.000,0.993,0.974
0.819019,-0.164455,-0.549693,6.55,0.781,0.849,1.000
0.626779,-0.658252,-0.416957,5.91,1.000,0.880,0.782
0.683352,0.562432,-0.465511,4.87,1.000,0.961,0.921
0.437945,0.847119,-0.300987,5.75,1.000,0.841,0.714
0.442501,0.843548,-0.304336,5.98,1.000,0.864,0.754
0.590534,0.698502,-0.404183,6.70,1.000,0.963,0.925
0.685861,0.556980,-0.468367,4.01,0.794,0.857,1.000
0.756094,0.403031,-0.515643,6.55,1.000,0.870,0.765
0.821443,-0.111854,-0.559213,5.51,1.000,0.882,0.786
0.314292,-0.926145,-0.208509,5.55,1.000,0.779,0.598
0.354520,0.901359,-0.248734,6.60,0.778,0.847,1.000
0.774620,0.340398,-0.533004,5.62,0.791,0.855,1.000
0.555892,0.735861,-0.386643,5.30,0.785,0.851,1.000
0.565559,0.725044,-0.393007,6.21,1.000,0.963,0.925
0.823681,0.030674,-0.566224,5.58,1.000,0.963,0.925
0.538914,0.754197,-0.375177,6.37,1.000,0.963,0.925
0.515174,-0.782741,-0.349160,3.56,0.751,0.830,1.000
0.721209,0.479343,-0.500088,5.03,0.801,0.861,1.000
0.755463,0.393425,-0.523920,6.46,0.927,0.936,1.000
0.629747,0.640579,-0.439406,6.63,0.760,0.836,1.000
0.314447,-0.925517,-0.211050,5.69,1.000,0.819,0.673
0.554229,0.735043,-0.390567,6.11,0.763,0.838,1.000
0.707898,0.502844,-0.496013,6.47,1.000,0.963,0.925
0.819680,-0.051944,-0.570462,3.04,1.000,0.799,0.636
0.523321,0.767740,-0.369744,5.59,0.748,0.828,1.000
0.738889,-0.437517,-0.512466,6.34,1.000,0.931,0.872
0.817595,-0.075772,-0.570786,6.50,0.814,0.869,1.000
0.456557,0.827527,-0.326732,5.17,0.946,0.946,1.000
0.611292,-0.667161,-0.425697,6.37,1.000,0.843,0.717
0.609113,0.661265,-0.437847,5.82,0.889,0.914,1.000
0.458852,-0.828498,-0.321008,5.81,1.000,0.779,0.598
0.814240,0.006909,-0.580488,5.28,1.000,0.764,0.570
0.460008,0.822784,-0.333796,6.28,1.000,0.902,0.822
0.813494,-0.015446,-0.581367,5.42,0.910,0.926,1.000
0.799696,-0.187000,-0.570541,5.46,0.933,0.939,1.000
0.775538,-0.303405,-0.553612,5.87,1.000,0.831,0.695
0.519269,0.766119,-0.378710,5.19,1.000,0.878,0.778
0.743527,-0.403807,-0.533017,5.20,1.000,0.963,0.925
0.443436,0.834944,-0.325935,6.25,0.910,0.926,1.000
0.770375,-0.314894,-0.554404,6.22,1.000,0.886,0.793
0.593101,-0.684547,-0.423823,6.31,1.000,0.874,0.771
0.514333,0.769161,-0.379280,4.71,1.000,0.782,0.604
0.642987,-0.609819,-0.463346,6.53,1.000,0.770,0.581
0.509868,-0.778158,-0.366749,5.92,0.867,0.901,1.000
0.793120,0.184132,-0.580565,5.47,0.757,0.834,1.000
0.727307,-0.435977,-0.530046,6.44,1.000,0.815,0.667
0.805564,-0.048501,-0.590520,6.33,0.788,0.853,1.000
0.296497,-0.931434,-0.210999,4.09,0.797,0.859,1.000
0.610953,-0.653956,-0.446182,6.18,1.000,0.948,0.900
0.305800,0.923227,-0.232676,4.52,0.828,0.878,1.000
0.785560,-0.212869,-0.581018,4.89,0.778,0.847,1.000
0.507472,0.772398,-0.381934,6.12,0.976,0.963,1.000
0.775201,-0.264565,-0.573645,5.83,0.839,0.884,1.000
0.713566,0.454198,-0.533411,6.18,1.000,0.797,0.633
0.679944,0.526976,-0.509875,5.54,1.000,0.851,0.731
0.753740,-0.342722,-0.560730,5.88,1.000,0.826,0.685
0.399544,-0.868735,-0.292685,5.35,0.960,0.954,1.000
0.228610,-0.959540,-0.164382,5.01,1.000,0.856,0.741
0.449820,0.824486,-0.343344,6.51,0.817,0.871,1.000
0.693550,0.494995,-0.523419,5.29,1.000,0.963,0.925
0.789534,0.147119,-0.595812,4.28,0.769,0.842,1.000
0.798168,0.034216,-0.601463,6.45,1.000,0.880,0.782
0.690269,0.498971,-0.523982,5.89,1.000,0.968,0.934
0.539240,-0.739677,-0.402615,4.25,0.745,0.826,1.000
0.321186,-0.917023,-0.236449,6.41,1.000,0.780,0.601
0.729604,0.398251,-0.555944,6.19,0.839,0.884,1.000
0.663506,-0.556457,-0.500116,5.14,0.821,0.873,1.000
0.783399,0.166181,-0.598891,6.07,1.000,0.870,0.765
0.658392,0.556787,-0.506466,6.25,1.000,0.860,0.747
0.682498,-0.516571,-0.517060,6.11,1.000,0.852,0.734
0.716342,0.426332,-0.552355,5.92,0.976,0.963,1.000
0.744589,0.339646,-0.574654,6.15,0.880,0.909,1.000
0.732179,-0.385629,-0.561431,6.77,0.854,0.893,1.000
0.753481,0.304098,-0.582916,6.23,1.000,0.894,0.807
0.791340,0.004455,-0.611360,6.00,0.847,0.889,1.000
0.717375,-0.425564,-0.551606,6.51,0.899,0.920,1.000
0.346256,-0.901075,-0.261096,6.37,0.775,0.845,1.000
0.731378,-0.383418,-0.563983,6.10,1.000,0.770,0.581
0.636098,0.589862,-0.497436,5.15,1.000,0.791,0.621
0.788730,0.039560,-0.613466,5.25,1.000,0.824,0.682
0.647148,0.567017,-0.509598,5.83,1.000,0.860,0.747
0.787461,-0.018063,-0.616099,5.35,1.000,0.870,0.765
0.760057,-0.262942,-0.594285,4.75,1.000,0.984,1.000
0.758691,0.259404,-0.597576,6.04,1.000,0.979,0.951
0.633507,-0.593805,-0.496049,6.30,1.000,0.870,0.765
0.227912,0.955373,-0.187932,5.16,1.000,0.898,0.814
0.645774,-0.568562,-0.509621,5.90,1.000,0.862,0.751
0.736244,-0.342052,-0.583906,6.21,1.000,0.854,0.737
0.599373,0.638290,-0.483050,6.36,0.757,0.834,1.000
0.317429,0.911730,-0.260743,5.78,1.000,0.777,0.595
0.618869,0.606158,-0.499573,5.71,1.000,0.804,0.645
0.689876,-0.473051,-0.547991,4.90,0.772,0.844,1.000
0.639519,0.569100,-0.516857,5.35,1.000,0.763,0.567
0.773078,0.130031,-0.620840,6.18,1.000,0.862,0.751
0.773338,-0.136743,-0.619071,5.75,1.000,0.802,0.642
0.771316,0.119911,-0.625055,5.82,1.000,0.878,0.778
0.773787,0.097467,-0.625902,4.86,1.000,0.900,0.818
0.491670,-0.778173,-0.390777,6.24,1.000,0.984,0.960
0.604183,0.625689,-0.493433,5.90,1.000,0.995,0.979
0.660188,0.524097,-0.538028,6.10,1.000,0.864,0.754
0.639904,0.563005,-0.523018,5.30,1.000,0.779,0.598
0.769897,-0.136263,-0.623451,5.53,1.000,0.773,0.587
0.593388,0.641394,-0.486317,6.54,0.751,0.830,1.000
0.650007,0.543056,-0.531583,6.25,1.000,0.995,0.979
0.360864,-0.887710,-0.285915,6.77,0.769,0.842,1.000
0.757182,0.215545,-0.616617,5.68,1.000,0.993,0.974
0.703930,0.417048,-0.574938,7.09,1.000,0.990,0.969
0.703817,0.417034,-0.575086,6.50,0.976,0.963,1.000
0.768490,0.134500,-0.625566,5.81,1.000,0.866,0.758
0.672356,-0.500676,-0.545217,5.75,1.000,0.870,0.765
0.609656,0.611895,-0.503889,6.18,1.000,0.998,0.983
0.606293,0.616891,-0.501851,6.30,0.778,0.847,1.000
0.764639,0.133905,-0.630394,6.39,1.000,0.978,1.000
0.771109,-0.059239,-0.633941,5.65,1.000,0.870,0.765
0.637650,-0.567532,-0.520874,5.79,1.000,0.948,0.900
0.713526,0.373982,-0.592468,5.43,0.843,0.886,1.000
0.110596,0.988882,-0.099401,5.78,1.000,0.819,0.673
0.768525,0.060056,-0.636995,6.21,1.000,0.874,0.771
0.149046,-0.981990,-0.116108,5.28,1.000,0.878,0.778
0.666187,-0.502932,-0.550685,5.83,1.000,0.995,0.979
0.470275,-0.793811,-0.385624,5.31,0.889,0.914,1.000
0.767479,0.005735,-0.641048,4.07,0.720,0.811,1.000
0.607222,-0.615532,-0.502397,6.49,1.000,0.984,0.960
0.750855,-0.205730,-0.627608,4.84,1.000,0.984,1.000
0.680467,0.454936,-0.574454,5.30,0.817,0.871,1.000
0.760960,0.106471,-0.640003,6.25,0.968,0.959,1.000
0.755074,-0.164239,-0.634735,5.78,1.000,0.984,0.960
0.433298,0.820210,-0.373508,5.77,0.748,0.828,1.000
0.659035,-0.509550,-0.553201,6.52,1.000,0.866,0.758
0.450348,0.804128,-0.388027,5.84,1.000,0.851,0.731
0.580310,0.645376,-0.496720,4.91,1.000,0.966,0.930
0.561647,-0.680614,-0.470443,4.75,0.807,0.865,1.000
0.762523,-0.012144,-0.646847,5.71,1.000,0.984,0.960
0.283962,0.926034,-0.248652,5.95,0.821,0.873,1.000
0.504235,0.746238,-0.434598,6.48,1.000,0.963,0.925
0.713518,0.342211,-0.611379,5.69,0.781,0.849,1.000
0.586626,-0.640854,-0.495152,4.11,1.000,0.870,0.765
0.759762,-0.056054,-0.647781,6.05,1.000,0.841,0.714
0.737208,-0.251215,-0.627228,5.98,0.993,0.973,1.000
0.745739,0.186381,-0.639637,6.30,0.807,0.865,1.000
0.332993,-0.900940,-0.278248,6.55,0.763,0.838,1.000
0.492486,0.757318,-0.428867,4.12,1.000,0.993,0.974
0.539991,0.698377,-0.469765,5.43,1.000,0.894,0.807
0.669559,0.464954,-0.579232,4.66,0.748,0.828,1.000
0.443224,-0.814622,-0.374090,5.21,0.968,0.959,1.000
0.680783,0.432685,-0.591031,6.35,0.814,0.869,1.000
0.755503,0.056446,-0.652709,3.47,0.817,0.871,1.000
0.595814,-0.620927,-0.509368,6.01,1.000,0.890,0.800
0.284078,-0.928919,-0.237505,4.11,0.769,0.842,1.000
0.522917,-0.725668,-0.447173,6.10,1.000,0.898,0.814
0.717858,0.305095,-0.625777,6.46,1.000,0.860,0.747
0.726404,0.264069,-0.634511,5.77,0.785,0.851,1.000
0.479595,-0.774948,-0.411637,5.41,1.000,0.974,0.943
0.732397,-0.239527,-0.637355,4.25,0.745,0.826,1.000
0.734284,0.215517,-0.643723,5.18,0.876,0.906,1.000
0.740321,0.175610,-0.648911,4.27,0.910,0.926,1.000
0.575088,-0.649813,-0.497008,6.36,0.781,0.849,1.000
0.257682,0.937490,-0.233908,6.18,0.850,0.891,1.000
0.748299,0.082141,-0.658256,6.03,0.910,0.926,1.000
0.635513,-0.537668,-0.554109,6.22,0.801,0.861,1.000
0.712403,-0.318504,-0.625329,4.47,1.000,0.995,0.979
0.603765,0.587554,-0.538747,6.25,1.000,0.888,0.796
0.606823,0.581484,-0.541888,6.30,1.000,0.963,0.925
0.458390,-0.794102,-0.399099,6.15,0.817,0.871,1.000
0.519007,-0.722813,-0.456260,6.85,1.000,0.809,0.654
0.298976,-0.918546,-0.258624,6.26,1.000,0.982,0.956
0.648642,0.488579,-0.583570,4.51,1.000,0.852,0.734
0.401420,0.839470,-0.366268,6.25,1.000,0.896,0.811
0.694142,-0.368769,-0.618204,6.49,0.953,0.950,1.000
0.688838,-0.382451,-0.615820,6.47,0.960,0.954,1.000
0.704142,0.313721,-0.636995,5.82,1.000,0.836,0.705
0.263444,0.932882,-0.245619,5.80,1.000,0.953,0.908
0.670459,0.425591,-0.607748,5.86,0.766,0.840,1.000
0.587565,0.606351,-0.535823,6.45,0.993,0.973,1.000
0.725830,-0.215767,-0.653158,6.90,1.000,0.777,0.595
0.332481,-0.896521,-0.292757,5.74,1.000,0.888,0.796
0.412240,0.828017,-0.380060,3.76,1.000,0.760,0.561
0.605663,-0.581425,-0.543247,6.51,1.000,0.882,0.786
0.705281,0.300109,-0.642272,5.22,0.769,0.842,1.000
0.285706,-0.924657,-0.251758,4.84,0.807,0.865,1.000
0.655434,0.458038,-0.600507,3.63,0.757,0.834,1.000
0.384523,0.850946,-0.357816,6.45,0.821,0.873,1.000
0.577095,0.620034,-0.531526,4.23,0.927,0.936,1.000
0.624723,-0.535913,-0.567907,4.46,1.000,0.876,0.775
0.500876,0.729470,-0.465830,5.88,1.000,0.896,0.811
0.599836,0.574430,-0.556980,4.53,1.000,0.777,0.595
0.670974,-0.415650,-0.614027,6.14,1.000,0.860,0.747
0.651581,-0.468572,-0.596559,5.39,0.794,0.857,1.000
0.438607,0.798612,-0.412120,6.36,0.811,0.867,1.000
0.707616,0.260200,-0.656944,5.49,0.760,0.836,1.000
0.597061,-0.585575,-0.548289,5.92,1.000,0.894,0.807
0.481272,0.749758,-0.454136,6.26,1.000,0.840,0.711
0.685424,-0.358436,-0.633812,4.75,1.000,0.892,0.803
0.597295,-0.583203,-0.550557,5.47,1.000,0.827,0.689
0.338242,-0.889470,-0.307305,5.26,0.821,0.873,1.000
0.563544,-0.641874,-0.520016,6.36,0.804,0.863,1.000
0.438469,0.796134,-0.417032,3.95,1.000,0.929,0.868
0.569645,0.620293,-0.539205,5.33,0.976,0.963,1.000
0.697877,0.283736,-0.657618,6.31,1.000,0.963,0.925
0.711711,-0.221028,-0.666794,6.04,1.000,0.900,0.818
0.628309,-0.512259,-0.585506,6.40,1.000,0.995,0.979
0.718972,-0.164034,-0.675405,6.32,0.854,0.893,1.000
0.343081,0.878993,-0.331160,5.59,1.000,0.984,1.000
0.311037,0.901323,-0.301451,6.24,1.000,0.716,0.475
0.671898,-0.380689,-0.635318,5.95,1.000,0.866,0.758
0.569183,-0.621653,-0.538124,5.92,1.000,0.978,1.000
0.448543,0.780003,-0.436354,6.22,1.000,0.776,0.592
0.487933,0.733301,-0.473487,6.02,1.000,0.812,0.660
0.332620,-0.890290,-0.311043,6.03,1.000,0.827,0.689
0.683386,0.314517,-0.658834,5.91,1.000,0.791,0.621
0.467554,-0.764812,-0.443233,4.00,1.000,0.716,0.475
0.682788,0.309400,-0.661870,5.63,0.993,0.973,1.000
0.710967,0.145766,-0.687953,5.97,1.000,0.995,0.979
0.457552,-0.775731,-0.434612,6.21,1.000,0.774,0.589
0.189628,-0.966228,-0.174486,4.75,1.000,0.814,0.664
0.607149,0.528945,-0.592949,5.11,0.785,0.851,1.000
0.709399,-0.154677,-0.687625,3.89,1.000,0.852,0.734
0.715942,-0.064745,-0.695151,5.17,0.814,0.869,1.000
0.557212,0.624084,-0.547754,6.04,1.000,0.801,0.639
0.713860,0.078478,-0.695877,6.11,1.000,0.758,0.558
0.667096,0.352962,-0.656049,5.80,0.976,0.963,1.000
0.547274,0.638268,-0.541392,4.70,0.807,0.865,1.000
0.312566,-0.902100,-0.297518,6.56,1.000,0.804,0.645
0.126328,0.982995,-0.133274,5.49,1.000,0.776,0.592
0.580291,0.576191,-0.575558,4.93,1.000,0.831,0.695
0.653974,-0.404534,-0.639273,5.45,0.871,0.903,1.000
0.620662,-0.497811,-0.605775,6.29,1.000,0.998,0.983
0.480601,0.733977,-0.479896,5.47,1.000,0.896,0.811
0.534172,0.656494,-0.532612,5.89,1.000,0.796,0.630
0.660886,0.363906,-0.656355,4.63,0.801,0.861,1.000
0.660886,0.363906,-0.656355,4.63,0.801,0.861,1.000
0.653299,-0.400447,-0.642528,5.84,1.000,0.814,0.664
0.430268,0.791775,-0.433547,5.28,0.772,0.844,1.000
0.430224,0.791781,-0.433579,6.74,0.788,0.853,1.000
0.710268,-0.048545,-0.702256,5.23,0.788,0.853,1.000
0.561674,-0.618286,-0.549768,6.41,0.778,0.847,1.000
0.555728,0.617471,-0.556683,6.11,0.769,0.842,1.000
0.700507,-0.169803,-0.693149,6.14,0.867,0.901,1.000
0.699447,0.154840,-0.697710,4.70,0.751,0.830,1.000
0.543325,-0.646853,-0.535145,3.24,0.835,0.882,1.000
0.543304,-0.646849,-0.535171,4.35,0.814,0.869,1.000
0.707418,-0.043009,-0.705486,5.56,0.763,0.838,1.000
0.621405,-0.483388,-0.616597,6.14,1.000,0.866,0.758
0.640529,-0.426950,-0.638307,5.71,0.968,0.959,1.000
0.692188,0.188586,-0.696642,5.95,1.000,0.773,0.587
0.597260,-0.537406,-0.595378,6.31,0.788,0.853,1.000
0.703590,-0.050220,-0.708829,6.11,1.000,0.747,0.536
0.627748,0.445608,-0.638253,5.90,0.835,0.882,1.000
0.099382,0.988940,-0.110097,5.95,0.839,0.884,1.000
0.697216,-0.133342,-0.704351,5.75,1.000,0.864,0.754
0.698269,0.092998,-0.709769,6.25,1.000,0.864,0.754
0.310802,-0.899340,-0.307555,4.99,0.832,0.880,1.000
0.697723,0.075897,-0.712336,5.61,0.757,0.834,1.000
0.698255,0.071319,-0.712288,2.53,1.000,0.765,0.572
0.690542,-0.172984,-0.702302,5.83,1.000,0.852,0.734
0.695932,-0.113112,-0.709144,6.19,1.000,0.963,0.925
0.619359,-0.470884,-0.628223,5.89,1.000,0.918,0.848
0.411647,0.803923,-0.429249,2.93,1.000,0.938,0.884
0.613172,0.473623,-0.632220,6.36,1.000,0.963,0.925
0.692436,-0.133732,-0.708977,5.32,1.000,0.886,0.793
0.378662,0.835863,-0.397426,4.76,1.000,0.870,0.765
0.641050,-0.400740,-0.654571,4.09,0.843,0.886,1.000
0.384831,0.829707,-0.404342,6.11,1.000,0.870,0.765
0.538184,0.627152,-0.563062,3.39,1.000,0.764,0.570
0.299303,0.899236,-0.319050,5.89,0.778,0.847,1.000
0.524353,0.650542,-0.549408,6.05,1.000,0.872,0.768
0.666176,0.273222,-0.693944,6.49,1.000,0.963,0.925
0.687704,-0.132271,-0.713840,5.26,0.859,0.896,1.000
0.692296,0.032520,-0.720880,6.05,1.000,0.866,0.758
0.624146,0.426652,-0.654531,6.80,0.781,0.849,1.000
0.624146,0.426652,-0.654531,7.00,1.000,0.963,0.925
0.476260,-0.731056,-0.488603,5.82,1.000,0.819,0.673
0.417749,0.790298,-0.448236,6.31,0.785,0.851,1.000
0.668984,0.228134,-0.707400,5.62,1.000,0.858,0.744
0.180068,0.963133,-0.199878,4.87,0.794,0.857,1.000
0.462885,0.735013,-0.495472,6.41,0.828,0.878,1.000
0.350690,-0.863728,-0.361926,5.11,0.927,0.936,1.000
0.682712,-0.106066,-0.722948,5.27,1.000,0.771,0.584
0.514652,0.655473,-0.552710,2.12,0.772,0.844,1.000
0.439686,0.761689,-0.475927,4.05,1.000,0.966,0.930
0.650793,0.307024,-0.694409,6.11,0.751,0.830,1.000
0.217479,-0.950529,-0.221804,5.53,0.745,0.826,1.000
0.644564,0.322183,-0.693351,6.27,1.000,0.774,0.589
0.480050,0.705343,-0.521578,3.80,1.000,0.878,0.778
0.672520,0.147306,-0.725271,6.28,1.000,0.862,0.751
0.603538,-0.466867,-0.646357,6.19,0.843,0.886,1.000
0.591535,0.485984,-0.643355,5.72,0.828,0.878,1.000
0.597087,0.466695,-0.652444,6.42,0.791,0.855,1.000
0.601217,0.452379,-0.658705,6.02,1.000,0.822,0.679
0.517258,0.637581,-0.570907,4.63,1.000,0.852,0.734
0.659094,0.205735,-0.723373,5.98,0.769,0.842,1.000
0.449150,0.739934,-0.500761,6.33,1.000,0.797,0.633
0.493928,0.673994,-0.549333,6.15,0.760,0.836,1.000
0.630990,0.337533,-0.698515,4.35,1.000,0.868,0.761
0.653858,0.225763,-0.722150,6.12,1.000,0.870,0.765
0.616691,-0.402560,-0.676489,6.38,1.000,0.888,0.796
0.594149,0.457982,-0.661241,5.79,0.751,0.830,1.000
0.669869,-0.066477,-0.739497,6.05,1.000,0.763,0.567
0.443162,0.745208,-0.498269,5.90,1.000,0.880,0.782
0.645369,-0.276061,-0.712242,6.26,1.000,0.836,0.705
0.663196,0.115992,-0.739403,5.56,1.000,0.858,0.744
0.241656,-0.935231,-0.258737,6.15,1.000,0.870,0.765
0.444618,-0.751658,-0.487161,6.12,1.000,0.851,0.731
0.136319,0.977174,-0.162933,5.45,0.854,0.893,1.000
0.666474,-0.020875,-0.745236,5.06,1.000,0.971,0.938
0.585105,-0.484610,-0.650234,3.87,1.000,0.984,0.960
0.356319,0.840007,-0.409176,5.79,1.000,0.931,0.872
0.053278,0.996058,-0.070918,5.61,1.000,0.890,0.800
0.486223,0.675640,-0.554163,6.07,1.000,0.860,0.747
0.268331,0.911106,-0.312865,6.36,0.817,0.871,1.000
0.476918,-0.699909,-0.531673,5.93,1.000,0.978,1.000
0.413003,0.776462,-0.475957,5.03,1.000,0.845,0.721
0.539027,-0.586993,-0.604061,6.27,0.763,0.838,1.000
0.566815,0.508390,-0.648275,5.52,0.791,0.855,1.000
0.615670,0.359092,-0.701430,4.89,0.785,0.851,1.000
0.460914,0.711362,-0.530587,6.16,1.000,0.761,0.564
0.576014,-0.497037,-0.648970,6.16,1.000,0.864,0.754
0.551710,0.542535,-0.633460,6.31,0.946,0.946,1.000
0.539363,0.569116,-0.620640,6.25,0.894,0.917,1.000
0.360309,-0.841715,-0.402111,5.74,1.000,0.716,0.475
0.553620,0.532634,-0.640160,6.06,1.000,0.876,0.775
0.496008,0.649227,-0.576611,6.45,1.000,0.963,0.925
0.592099,-0.439944,-0.675180,6.25,0.801,0.861,1.000
0.130539,-0.981592,-0.139416,5.57,0.904,0.923,1.000
0.467478,0.694972,-0.546332,5.47,0.769,0.842,1.000
0.652513,-0.103116,-0.750729,6.17,0.781,0.849,1.000
0.648844,-0.153326,-0.745314,4.80,0.871,0.903,1.000
0.265019,0.911060,-0.315809,4.84,0.742,0.825,1.000
0.503296,0.633156,-0.588053,5.96,0.811,0.867,1.000
0.414185,0.768532,-0.487657,5.15,0.769,0.842,1.000
0.645766,-0.159096,-0.746776,6.14,0.968,0.959,1.000
0.414229,0.767109,-0.489855,5.03,0.769,0.842,1.000
0.562834,-0.512455,-0.648542,6.65,0.766,0.840,1.000
0.534995,0.562412,-0.630454,4.82,1.000,0.788,0.615
0.648123,-0.016236,-0.761363,5.38,1.000,0.866,0.758
0.568997,-0.481707,-0.666484,5.91,0.921,0.932,1.000
0.598833,-0.382867,-0.703429,4.88,1.000,0.894,0.807
0.572574,0.455096,-0.681944,5.90,1.000,0.902,0.822
0.643803,0.058789,-0.762929,4.83,1.000,0.943,0.892
0.613509,-0.318293,-0.722700,5.71,0.946,0.946,1.000
0.437894,-0.740238,-0.510193,5.85,1.000,0.829,0.692
0.560938,0.485547,-0.670517,4.47,1.000,0.779,0.598
0.578096,0.433074,-0.691558,6.12,1.000,0.829,0.692
0.416983,0.755520,-0.505287,5.93,0.993,0.973,1.000
0.464062,0.686192,-0.560166,4.95,0.801,0.861,1.000
0.598494,-0.370684,-0.710210,3.69,1.000,0.768,0.578
0.587933,-0.408698,-0.698069,5.61,1.000,0.763,0.567
0.595669,0.360761,-0.717656,5.28,0.766,0.840,1.000
0.299476,-0.887617,-0.349930,5.54,1.000,0.953,0.908
0.637744,0.064107,-0.767576,5.69,1.000,0.880,0.782
0.469746,-0.682888,-0.559466,4.27,1.000,0.936,0.880
0.269092,0.903231,-0.334309,5.23,1.000,0.716,0.475
0.299488,-0.887062,-0.351322,5.24,1.000,0.963,0.925
0.412825,0.757147,-0.506264,5.29,0.766,0.840,1.000
0.563064,0.463412,-0.684257,5.52,1.000,0.854,0.737
0.572465,-0.447859,-0.686809,6.39,1.000,0.979,0.951
0.254543,-0.920006,-0.297988,6.05,0.832,0.880,1.000
0.592476,0.354160,-0.723563,5.09,1.000,0.829,0.692
0.584570,-0.400913,-0.705370,5.52,1.000,0.898,0.814
0.404980,0.764484,-0.501553,1.79,1.000,0.995,0.979
0.572869,-0.431893,-0.696627,6.35,0.791,0.855,1.000
0.523164,0.552458,-0.648914,5.61,0.778,0.847,1.000
0.366982,0.808213,-0.460561,6.51,0.899,0.920,1.000
0.428462,-0.740534,-0.517715,6.39,1.000,0.874,0.771
0.570682,0.418250,-0.706675,5.50,1.000,0.838,0.708
0.628213,0.085103,-0.773373,6.38,1.000,0.902,0.822
0.625866,-0.135615,-0.768049,6.20,1.000,0.938,0.884
0.143274,-0.975872,-0.164760,5.52,1.000,0.978,1.000
0.470141,0.659441,-0.586605,6.51,1.000,0.963,0.925
0.586911,0.355166,-0.727594,6.08,0.775,0.845,1.000
0.613537,0.218645,-0.758793,6.04,1.000,0.831,0.695
0.407511,0.756091,-0.512113,6.09,0.766,0.840,1.000
0.618795,0.156932,-0.769717,3.60,1.000,0.896,0.811
0.530269,-0.540346,-0.653330,6.50,1.000,0.807,0.651
0.189142,0.950320,-0.247220,6.32,1.000,0.743,0.528
0.304778,0.868247,-0.391481,6.49,0.794,0.857,1.000
0.403285,0.755428,-0.516421,4.98,0.760,0.836,1.000
0.306543,0.865504,-0.396150,4.21,0.976,0.963,1.000
0.586043,0.321545,-0.743749,6.57,0.839,0.884,1.000
0.395047,0.764340,-0.509629,5.58,0.775,0.845,1.000
0.609609,0.169053,-0.774466,3.74,0.760,0.836,1.000
0.602822,0.220442,-0.766819,6.28,0.781,0.849,1.000
0.314792,0.856074,-0.409930,4.54,1.000,0.974,0.943
0.510569,0.556404,-0.655540,5.61,0.794,0.857,1.000
0.504324,-0.586667,-0.633624,6.39,0.814,0.869,1.000
0.309862,0.860441,-0.404508,6.13,0.814,0.869,1.000
0.396705,0.760507,-0.514057,4.67,0.760,0.836,1.000
0.551952,-0.458921,-0.696233,5.93,1.000,0.886,0.793
0.345220,0.823651,-0.449914,5.09,0.804,0.863,1.000
0.416988,0.730613,-0.540672,6.24,0.832,0.880,1.000
0.566132,0.387583,-0.727512,6.03,1.000,0.884,0.789
0.464751,-0.664408,-0.585293,6.32,0.807,0.865,1.000
0.603699,-0.195718,-0.772815,5.73,1.000,0.854,0.737
0.405095,0.744354,-0.530882,5.82,0.775,0.845,1.000
0.406045,0.743090,-0.531926,4.36,1.000,0.810,0.657
0.219060,-0.937432,-0.270617,6.15,1.000,0.995,0.979
0.501322,-0.583277,-0.639111,5.71,1.000,0.820,0.676
0.169246,0.958058,-0.231260,6.57,0.797,0.859,1.000
0.394321,0.757106,-0.520866,6.29,0.817,0.871,1.000
0.498471,-0.585712,-0.639115,6.50,0.832,0.880,1.000
0.392051,0.759281,-0.519412,6.39,0.817,0.871,1.000
0.605669,-0.118491,-0.786845,5.99,1.000,0.870,0.765
0.595498,0.196569,-0.778937,5.14,0.778,0.847,1.000
0.595277,-0.219416,-0.772983,5.59,0.847,0.889,1.000
0.402174,0.743421,-0.534398,5.47,0.757,0.834,1.000
0.220151,-0.935668,-0.275787,5.96,0.984,0.968,1.000
0.535483,0.462862,-0.706411,5.96,1.000,0.963,0.925
0.590359,0.223874,-0.775472,4.11,1.000,0.851,0.731
0.602606,0.107802,-0.790724,5.94,1.000,0.882,0.786
0.309290,0.855048,-0.416213,6.40,0.835,0.882,1.000
0.416565,0.720030,-0.555005,5.31,0.968,0.959,1.000
0.604240,-0.088465,-0.791876,4.73,0.760,0.836,1.000
0.316946,0.846833,-0.427105,6.37,1.000,0.987,0.965
0.425007,0.705322,-0.567353,6.41,0.797,0.859,1.000
0.342095,0.818899,-0.460842,5.98,0.824,0.875,1.000
0.488286,0.580158,-0.651915,5.90,0.769,0.842,1.000
0.448074,-0.677315,-0.583502,5.78,0.867,0.901,1.000
0.456260,-0.660919,-0.595829,6.12,1.000,0.995,0.979
0.295264,0.866384,-0.402738,6.46,0.960,0.954,1.000
0.457447,0.641442,-0.615869,5.81,0.824,0.875,1.000
0.591714,0.162872,-0.789523,5.77,0.763,0.838,1.000
0.141804,0.969187,-0.201417,6.27,1.000,0.880,0.782
0.410802,-0.735805,-0.538361,5.99,0.824,0.875,1.000
0.542991,-0.432309,-0.719909,6.38,0.828,0.878,1.000
0.277941,-0.890511,-0.360193,4.72,0.968,0.959,1.000
0.590432,-0.164330,-0.790181,3.73,1.000,0.898,0.814
0.565782,0.306240,-0.765577,6.17,1.000,0.896,0.811
0.540002,0.414128,-0.732731,5.92,0.832,0.880,1.000
0.390679,0.745392,-0.540149,4.23,0.769,0.842,1.000
0.553617,-0.368656,-0.746727,4.27,0.754,0.832,1.000
0.588233,0.111777,-0.800929,6.49,1.000,0.956,0.913
0.382494,-0.770275,-0.510269,5.68,1.000,0.854,0.737
0.583865,-0.171389,-0.793553,6.25,0.794,0.857,1.000
0.241654,-0.916989,-0.317388,5.83,0.769,0.842,1.000
0.509593,-0.516239,-0.688340,6.20,1.000,0.995,0.979
0.316208,0.838031,-0.444653,6.30,0.748,0.828,1.000
0.503462,-0.528064,-0.683868,6.40,1.000,0.802,0.642
0.290156,-0.874763,-0.388071,6.41,1.000,0.866,0.758
0.427561,0.676658,-0.599437,6.42,0.769,0.842,1.000
0.576736,-0.194125,-0.793530,5.57,1.000,0.892,0.803
0.584968,0.010258,-0.810991,5.71,1.000,0.890,0.800
0.559706,-0.300156,-0.772422,5.23,0.748,0.828,1.000
0.584684,0.007010,-0.811231,4.28,1.000,0.968,0.934
0.560466,0.266075,-0.784272,6.39,0.847,0.889,1.000
0.539109,0.356996,-0.762834,6.50,0.839,0.884,1.000
0.243575,-0.911866,-0.330412,6.75,0.847,0.889,1.000
0.254982,0.892717,-0.371539,5.10,1.000,0.767,0.575
0.445499,-0.646453,-0.619378,4.58,1.000,0.866,0.758
0.027169,0.998267,-0.052205,5.86,0.946,0.946,1.000
0.574162,-0.128651,-0.808571,5.85,1.000,0.878,0.778
0.122923,-0.979406,-0.160167,5.70,1.000,0.888,0.796
0.551809,0.284629,-0.783896,6.16,1.000,0.874,0.771
0.574300,-0.098036,-0.812754,5.96,1.000,0.890,0.800
0.282183,0.865759,-0.413322,5.76,1.000,0.755,0.553
0.451350,0.609869,-0.651417,5.57,0.766,0.840,1.000
0.510503,-0.468594,-0.720976,6.01,0.781,0.849,1.000
0.573290,0.053328,-0.817616,5.57,1.000,0.886,0.793
0.573861,-0.059185,-0.816812,6.23,1.000,0.866,0.758
0.566111,-0.181158,-0.804176,6.19,1.000,0.868,0.761
0.515939,0.427822,-0.742142,6.11,0.807,0.865,1.000
0.573497,-0.019556,-0.818975,6.12,1.000,0.874,0.771
0.552785,-0.262638,-0.790854,6.33,1.000,0.898,0.814
0.568932,-0.090816,-0.817355,5.53,0.742,0.825,1.000
0.378320,0.740658,-0.555247,3.01,0.748,0.828,1.000
0.468646,0.558686,-0.684281,4.97,0.785,0.851,1.000
0.213848,0.921874,-0.323135,5.80,0.933,0.939,1.000
0.557138,-0.204548,-0.804834,6.49,0.939,0.943,1.000
0.532187,0.337100,-0.776621,5.69,0.785,0.851,1.000
0.370104,0.749229,-0.549253,6.06,1.000,0.779,0.598
0.535759,-0.335200,-0.774986,6.59,0.817,0.871,1.000
0.247546,0.893724,-0.374137,4.80,1.000,0.915,0.844
0.386036,0.720548,-0.576010,6.11,0.894,0.917,1.000
0.471751,0.534180,-0.701500,3.83,0.804,0.863,1.000
0.527305,0.336520,-0.780195,6.14,1.000,0.872,0.768
0.448219,0.594261,-0.667797,5.59,0.807,0.865,1.000
0.479904,-0.529006,-0.699889,5.00,0.739,0.823,1.000
0.408577,0.676601,-0.612597,3.77,0.984,0.968,1.000
0.553771,-0.169579,-0.815218,3.54,1.000,0.890,0.800
0.520717,0.357204,-0.775409,6.10,0.791,0.855,1.000
0.176998,0.944784,-0.275781,5.44,0.817,0.871,1.000
0.551407,-0.181988,-0.814144,5.60,0.867,0.901,1.000
0.507041,0.411346,-0.757432,5.46,0.775,0.845,1.000
0.385635,0.715473,-0.582567,5.66,0.766,0.840,1.000
0.507505,0.408543,-0.758638,3.70,0.754,0.832,1.000
0.448089,-0.606177,-0.657089,4.59,1.000,0.836,0.705
0.503642,0.420073,-0.754906,5.64,0.766,0.840,1.000
0.504991,0.414173,-0.757262,4.30,0.754,0.832,1.000
0.557238,-0.020298,-0.830105,5.25,0.757,0.834,1.000
0.306118,0.828280,-0.469301,6.10,0.778,0.847,1.000
0.171557,0.947390,-0.270222,4.63,0.797,0.859,1.000
0.503342,0.412592,-0.759219,3.87,0.766,0.840,1.000
0.555774,-0.005178,-0.831317,5.55,1.000,0.799,0.636
0.502331,0.415562,-0.758269,5.76,0.775,0.845,1.000
0.501969,0.415139,-0.758740,6.43,0.781,0.849,1.000
0.550044,0.105396,-0.828458,5.35,0.751,0.830,1.000
0.118606,-0.979304,-0.163999,6.29,1.000,0.845,0.721
0.223323,0.910150,-0.348932,4.47,1.000,0.732,0.507
0.503335,0.405913,-0.762816,4.18,0.769,0.842,1.000
0.423912,-0.651573,-0.629088,6.45,1.000,0.862,0.751
0.242084,0.893350,-0.378579,5.85,0.850,0.891,1.000
0.547479,0.118457,-0.828393,5.91,1.000,0.876,0.775
0.343987,0.774245,-0.531241,6.14,0.807,0.865,1.000
0.293049,0.839791,-0.457027,6.46,0.807,0.865,1.000
0.539167,-0.209647,-0.815688,4.42,1.000,0.767,0.575
0.454017,0.553392,-0.698302,6.57,0.814,0.869,1.000
0.461468,0.532802,-0.709344,6.25,1.000,0.998,0.983
0.498865,0.408410,-0.764418,2.87,0.760,0.836,1.000
0.194563,0.930466,-0.310450,6.32,0.763,0.838,1.000
0.371686,-0.743861,-0.555445,6.49,1.000,0.870,0.765
0.325328,-0.811818,-0.484885,6.30,1.000,0.866,0.758
0.375692,-0.735621,-0.563664,5.73,1.000,0.882,0.786
0.389026,0.694194,-0.605602,6.02,0.899,0.920,1.000
0.479698,-0.489962,-0.727892,5.90,0.828,0.878,1.000
0.498595,0.397486,-0.770330,5.45,0.766,0.840,1.000
0.504276,-0.394739,-0.768040,4.23,0.984,0.968,1.000
0.533395,0.193264,-0.823492,5.07,0.748,0.828,1.000
0.237723,-0.904879,-0.353104,3.85,1.000,0.849,0.727
0.379947,0.706709,-0.596827,5.66,1.000,0.924,0.860
0.451557,0.545976,-0.705696,5.11,0.811,0.867,1.000
0.493458,0.407587,-0.768357,3.63,0.760,0.836,1.000
0.474244,-0.498517,-0.725654,6.55,1.000,0.993,0.974
0.493053,0.408915,-0.767911,5.09,0.763,0.838,1.000
0.499173,-0.404738,-0.766168,5.24,0.811,0.867,1.000
0.542260,0.003975,-0.840201,5.91,1.000,0.831,0.695
0.492867,0.402134,-0.771602,6.17,0.772,0.844,1.000
0.471083,-0.502534,-0.724942,5.54,1.000,0.878,0.778
0.497596,0.378559,-0.780443,6.07,0.785,0.851,1.000
0.440542,-0.589279,-0.677254,6.21,0.757,0.834,1.000
0.506752,-0.356788,-0.784796,5.81,1.000,0.765,0.572
0.483591,0.431762,-0.761394,5.26,0.863,0.898,1.000
0.429671,-0.610452,-0.665380,5.40,0.791,0.855,1.000
0.429657,-0.610429,-0.665410,4.73,0.778,0.847,1.000
0.437777,0.564379,-0.699877,5.77,0.788,0.853,1.000
0.277624,0.847817,-0.451809,5.80,0.850,0.891,1.000
0.492560,0.375119,-0.785284,6.83,1.000,0.963,0.925
0.518895,0.225730,-0.824496,6.30,0.766,0.840,1.000
0.435195,-0.590610,-0.679548,4.17,1.000,0.884,0.789
0.160092,0.950090,-0.267768,6.34,0.904,0.923,1.000
0.453199,0.517554,-0.725774,6.25,0.859,0.896,1.000
0.346061,0.750694,-0.562761,5.76,1.000,0.864,0.754
0.526464,0.113805,-0.842546,5.67,0.807,0.865,1.000
0.430471,-0.593774,-0.679799,6.86,0.775,0.845,1.000
0.501744,0.297824,-0.812129,5.97,0.927,0.936,1.000
0.525044,-0.093437,-0.845930,5.48,0.757,0.834,1.000
0.443249,0.528195,-0.724251,2.85,0.828,0.878,1.000
0.230826,0.891578,-0.389626,5.03,0.760,0.836,1.000
0.246779,0.875539,-0.415368,5.00,1.000,0.794,0.627
0.498449,-0.316219,-0.807189,6.22,1.000,0.898,0.814
0.345561,0.741641,-0.574940,5.37,0.763,0.838,1.000
0.148695,-0.962403,-0.227313,3.24,1.000,0.768,0.578
0.443236,0.515724,-0.733192,6.10,0.899,0.920,1.000
0.324806,0.773788,-0.543832,5.28,0.976,0.963,1.000
0.520727,-0.051513,-0.852168,6.14,0.817,0.871,1.000
0.520720,-0.051547,-0.852170,4.79,1.000,0.886,0.793
0.476008,-0.416479,-0.774572,4.65,0.748,0.828,1.000
0.430476,-0.569742,-0.700060,5.11,0.748,0.828,1.000
0.420011,0.574735,-0.702332,5.49,0.778,0.847,1.000
0.358183,-0.730086,-0.581962,5.93,1.000,0.829,0.692
0.506258,-0.209604,-0.836522,6.00,0.915,0.929,1.000
0.472904,0.382330,-0.793842,5.63,0.904,0.923,1.000
0.397059,-0.647551,-0.650401,5.71,1.000,0.963,0.925
0.389161,0.642925,-0.659698,2.89,0.733,0.819,1.000
0.469815,0.393550,-0.790185,6.06,0.794,0.857,1.000
0.463895,0.414089,-0.783155,6.16,1.000,0.807,0.651
0.416532,0.570921,-0.707496,6.53,0.871,0.903,1.000
0.508349,0.105223,-0.854698,6.09,0.807,0.865,1.000
0.505267,-0.169364,-0.846180,6.19,0.894,0.917,1.000
0.393899,0.627152,-0.671956,6.30,1.000,0.858,0.744
0.315418,-0.795374,-0.517583,6.46,0.843,0.886,1.000
0.408746,0.584832,-0.700642,4.04,0.791,0.855,1.000
0.390538,0.626883,-0.674164,6.38,0.821,0.873,1.000
0.074602,0.986852,-0.143381,5.10,1.000,0.974,0.943
0.493388,-0.233592,-0.837857,2.95,1.000,0.773,0.587
0.501961,-0.095325,-0.859621,5.83,1.000,0.874,0.771
0.493090,0.179332,-0.851295,6.37,0.984,0.968,1.000
0.395607,0.601676,-0.693889,6.41,0.785,0.851,1.000
0.489844,-0.217703,-0.844191,5.60,1.000,0.790,0.618
0.229990,-0.894651,-0.383020,6.14,1.000,0.854,0.737
0.475168,0.297319,-0.828140,6.32,0.807,0.865,1.000
0.472080,0.312234,-0.824409,5.89,0.915,0.929,1.000
0.485655,0.216274,-0.846974,3.47,0.751,0.830,1.000
0.456973,-0.406998,-0.790903,4.66,0.748,0.828,1.000
0.173412,0.931564,-0.319556,5.87,1.000,0.780,0.601
0.247679,0.858562,-0.448916,5.06,1.000,0.990,0.969
0.485812,0.173610,-0.856648,5.67,0.794,0.857,1.000
0.494014,-0.027044,-0.869033,5.28,0.742,0.825,1.000
0.274202,-0.839644,-0.468841,6.05,1.000,0.978,1.000
0.428645,-0.507401,-0.747535,5.93,0.801,0.861,1.000
0.241610,-0.877985,-0.413239,4.56,1.000,0.768,0.578
0.196683,0.910112,-0.364708,6.17,0.835,0.882,1.000
0.490094,-0.004693,-0.871657,5.38,1.000,0.990,0.969
0.310200,-0.783311,-0.538702,6.51,1.000,0.765,0.572
0.485361,0.104340,-0.868066,3.91,0.797,0.859,1.000
0.441270,0.408423,-0.799044,5.47,1.000,0.902,0.822
0.483604,0.094726,-0.870146,5.33,0.763,0.838,1.000
0.480070,0.142581,-0.865565,5.46,0.946,0.946,1.000
0.279033,0.809105,-0.517193,6.31,1.000,0.876,0.775
0.446788,0.375932,-0.811822,4.36,1.000,0.860,0.747
0.483591,0.049319,-0.873904,5.36,1.000,0.990,0.969
0.457260,-0.344383,-0.819947,6.46,0.733,0.819,1.000
0.456497,-0.344616,-0.820275,7.01,1.000,0.833,0.698
0.218278,0.885637,-0.409881,6.99,0.984,0.968,1.000
0.303036,0.769972,-0.561527,4.29,0.794,0.857,1.000
0.444743,0.374750,-0.813490,5.90,1.000,0.958,0.917
0.464100,-0.285503,-0.838510,6.39,1.000,0.826,0.685
0.231922,-0.884251,-0.405355,4.51,1.000,0.764,0.570
0.471367,-0.221421,-0.853689,5.61,1.000,0.858,0.744
0.239417,-0.875286,-0.420182,4.97,1.000,0.799,0.636
0.452011,-0.348272,-0.821214,6.13,1.000,0.843,0.717
0.420797,0.463296,-0.779927,5.20,0.748,0.828,1.000
0.413941,0.484831,-0.770449,5.23,0.927,0.936,1.000
0.232563,0.865222,-0.444191,6.28,1.000,0.847,0.724
0.046624,-0.996583,-0.068178,6.41,0.785,0.851,1.000
0.471691,-0.153954,-0.868220,6.26,0.807,0.865,1.000
0.314168,0.739778,-0.595002,4.04,0.778,0.847,1.000
0.447702,-0.350407,-0.822665,6.34,1.000,0.890,0.800
0.423939,-0.464095,-0.777748,5.59,0.910,0.926,1.000
0.267373,0.817435,-0.510207,6.18,1.000,0.963,0.925
0.370540,0.611911,-0.698760,6.09,1.000,0.884,0.789
0.367896,0.616208,-0.696377,5.51,1.000,1.000,0.988
0.454243,0.261562,-0.851615,6.01,0.968,0.959,1.000
0.448173,0.298037,-0.842802,5.89,1.000,0.786,0.613
0.137248,0.951736,-0.274521,6.03,1.000,0.872,0.768
0.165149,0.930428,-0.327153,6.32,1.000,0.840,0.711
0.438004,0.335602,-0.833980,5.50,1.000,0.860,0.747
0.452842,0.231720,-0.860953,5.95,0.804,0.863,1.000
0.345454,-0.680937,-0.645745,6.59,1.000,0.888,0.796
0.381486,0.553198,-0.740568,5.72,1.000,0.796,0.630
0.410420,0.445898,-0.795443,5.41,0.927,0.936,1.000
0.445604,-0.282104,-0.849620,5.37,0.742,0.825,1.000
0.042052,0.994166,-0.099330,5.57,0.748,0.828,1.000
0.456940,-0.120551,-0.881291,5.44,1.000,0.886,0.793
0.325402,-0.717698,-0.615649,6.59,0.953,0.950,1.000
0.454441,0.096246,-0.885562,5.72,0.939,0.943,1.000
0.453245,-0.153326,-0.878100,5.70,1.000,0.862,0.751
0.205234,-0.900490,-0.383402,6.38,1.000,0.953,0.908
0.431561,0.297000,-0.851790,6.09,1.000,0.858,0.744
0.237837,0.843019,-0.482445,6.08,1.000,0.961,0.921
0.416624,0.381290,-0.825253,6.12,0.854,0.893,1.000
0.451283,-0.119054,-0.884404,4.04,0.921,0.932,1.000
0.374558,-0.577486,-0.725408,6.44,1.000,0.860,0.747
0.427083,-0.347854,-0.834624,5.79,0.850,0.891,1.000
0.351788,0.615207,-0.705525,6.45,1.000,0.963,0.925
0.340752,-0.669048,-0.660502,4.93,0.921,0.932,1.000
0.293857,0.747908,-0.595216,4.14,1.000,0.884,0.789
0.044378,0.993253,-0.107141,5.46,1.000,0.900,0.818
0.205159,0.881718,-0.424833,5.70,0.745,0.826,1.000
0.336733,0.649231,-0.681990,4.71,1.000,0.872,0.768
0.440742,0.177295,-0.879950,6.23,0.804,0.863,1.000
0.442681,0.154548,-0.883260,6.51,0.843,0.886,1.000
0.443892,0.134265,-0.885965,5.29,0.939,0.943,1.000
0.435831,0.220754,-0.872536,6.25,1.000,0.843,0.717
0.440610,0.160977,-0.883147,4.84,1.000,0.915,0.844
0.447526,-0.020065,-0.894046,6.44,0.748,0.828,1.000
0.230831,0.846756,-0.479293,5.71,1.000,0.856,0.741
0.258392,0.805017,-0.534023,5.19,0.804,0.863,1.000
0.437076,0.173839,-0.882465,5.22,0.757,0.834,1.000
0.323075,-0.699268,-0.637688,6.71,1.000,0.790,0.618
0.062918,0.987204,-0.146528,5.43,1.000,0.841,0.714
0.437550,-0.178053,-0.881390,4.87,1.000,0.841,0.714
0.423494,0.265565,-0.866099,6.32,0.968,0.959,1.000
0.434903,0.154576,-0.887111,4.29,0.769,0.842,1.000
0.438028,0.107995,-0.892451,6.93,1.000,0.938,0.884
0.437818,0.107768,-0.892581,6.31,1.000,0.966,0.930
0.341214,-0.647559,-0.681352,6.37,1.000,0.793,0.624
0.274410,0.769350,-0.576888,4.61,0.801,0.861,1.000
0.437295,-0.133169,-0.889404,4.43,1.000,0.911,0.837
0.330046,-0.672941,-0.661982,3.86,1.000,0.854,0.737
0.176549,0.907342,-0.381525,5.27,1.000,0.913,0.841
0.318823,0.670959,-0.669452,6.22,0.763,0.838,1.000
0.405767,0.351492,-0.843686,4.94,0.885,0.911,1.000
0.273352,0.766593,-0.581046,5.45,0.867,0.901,1.000
0.398920,0.367786,-0.839998,5.65,0.894,0.917,1.000
0.430427,-0.112717,-0.895560,5.94,1.000,0.858,0.744
0.265938,0.776276,-0.571553,5.55,0.785,0.851,1.000
0.423037,0.164818,-0.890997,6.54,0.843,0.886,1.000
0.203120,0.872373,-0.444644,5.39,1.000,0.788,0.615
0.205444,-0.886800,-0.413978,3.35,1.000,0.892,0.803
0.314305,0.666637,-0.675875,5.92,1.000,0.886,0.793
0.272907,-0.782463,-0.559708,4.25,0.904,0.923,1.000
0.396254,0.360684,-0.844328,5.35,0.763,0.838,1.000
0.206676,-0.884515,-0.418231,5.45,1.000,0.854,0.737
0.393893,0.370940,-0.840983,5.38,0.745,0.826,1.000
0.229144,0.833950,-0.502016,5.88,1.000,0.963,0.925
0.346676,0.567365,-0.746936,4.93,1.000,0.886,0.793
0.358024,0.529228,-0.769244,6.16,1.000,0.755,0.553
0.401701,-0.353729,-0.844696,6.00,1.000,0.761,0.564
0.407782,0.269382,-0.872437,3.65,1.000,0.876,0.775
0.358099,-0.556271,-0.749885,3.56,0.751,0.830,1.000
0.374126,0.459438,-0.805572,4.95,1.000,0.845,0.721
0.417501,0.175734,-0.891522,6.31,1.000,0.797,0.633
0.286682,0.725361,-0.625831,4.85,0.778,0.847,1.000
0.410149,0.242519,-0.879183,5.59,0.894,0.917,1.000
0.207807,0.862658,-0.461126,6.19,1.000,0.963,0.925
0.394113,-0.390254,-0.832092,6.07,0.904,0.923,1.000
0.398640,0.321316,-0.858977,6.12,0.946,0.946,1.000
0.222830,-0.859870,-0.459316,4.44,1.000,0.858,0.744
0.405724,0.260425,-0.876109,5.26,0.867,0.901,1.000
0.212200,-0.874185,-0.436775,6.37,0.811,0.867,1.000
0.406924,0.239621,-0.881473,6.17,1.000,1.000,0.988
0.353873,-0.557818,-0.750742,6.37,0.832,0.880,1.000
0.417499,0.106799,-0.902379,5.77,1.000,0.890,0.800
0.413961,0.160321,-0.896065,6.53,0.839,0.884,1.000
0.417573,-0.108790,-0.902107,6.27,1.000,0.892,0.803
0.416115,-0.132127,-0.899662,5.85,0.748,0.828,1.000
0.304676,-0.698016,-0.648032,5.34,1.000,0.858,0.744
0.258341,-0.797163,-0.545703,6.09,1.000,0.993,0.974
0.416869,-0.001711,-0.908965,5.86,1.000,0.815,0.667
0.393086,-0.352491,-0.849255,5.38,0.781,0.849,1.000
0.402015,0.243229,-0.882736,5.72,0.915,0.929,1.000
0.371809,0.432545,-0.821379,5.37,0.772,0.844,1.000
0.386200,0.355456,-0.851176,5.91,1.000,0.763,0.567
0.301404,0.674664,-0.673784,6.23,0.788,0.853,1.000
0.194320,-0.893023,-0.405895,5.87,0.766,0.840,1.000
0.391864,0.301413,-0.869248,3.76,1.000,0.878,0.778
0.375292,-0.434105,-0.818968,6.01,0.933,0.939,1.000
0.381478,0.358078,-0.852206,5.99,0.797,0.859,1.000
0.391649,0.288651,-0.873666,5.64,0.904,0.923,1.000
0.335074,0.561081,-0.756911,5.73,0.769,0.842,1.000
0.370710,0.411532,-0.832596,6.36,0.847,0.889,1.000
0.335298,0.558610,-0.758637,5.76,0.968,0.959,1.000
0.387664,0.299772,-0.871696,4.80,0.839,0.884,1.000
0.401735,0.164373,-0.900883,5.12,0.811,0.867,1.000
0.211568,0.844190,-0.492526,6.32,0.801,0.861,1.000
0.407140,-0.065326,-0.911027,5.17,0.814,0.869,1.000
0.372221,-0.420913,-0.827215,5.83,1.000,0.785,0.610
0.380891,0.326256,-0.865147,5.98,0.946,0.946,1.000
0.333770,-0.581342,-0.742051,6.39,1.000,0.829,0.692
0.371280,0.379357,-0.847490,4.22,0.832,0.880,1.000
0.371351,0.377836,-0.848138,5.28,0.880,0.909,1.000
0.381328,0.307823,-0.871685,4.29,0.804,0.863,1.000
0.339853,0.521589,-0.782589,5.28,1.000,0.880,0.782
0.384871,0.274645,-0.881161,6.46,1.000,0.993,0.974
0.366418,0.387735,-0.845813,4.28,0.885,0.911,1.000
0.337012,-0.559438,-0.757266,3.96,1.000,0.788,0.615
0.382689,0.269228,-0.883779,4.49,0.880,0.909,1.000
0.185969,-0.894048,-0.407546,5.24,1.000,0.882,0.786
0.383324,0.253988,-0.888005,4.69,1.000,0.878,0.778
0.392884,0.149368,-0.907376,6.06,0.794,0.857,1.000
0.331081,-0.570108,-0.751905,6.55,1.000,0.978,1.000
0.362297,0.390673,-0.846236,5.53,0.757,0.834,1.000
0.394437,0.036285,-0.918206,6.23,1.000,0.856,0.741
0.110629,0.953867,-0.279104,5.94,0.904,0.923,1.000
0.385321,0.194448,-0.902063,5.88,0.804,0.863,1.000
0.363193,0.368449,-0.855767,5.72,0.889,0.914,1.000
0.288013,-0.696675,-0.657033,6.39,1.000,0.978,1.000
0.220659,-0.839349,-0.496793,6.29,1.000,0.948,0.900
0.334144,0.505452,-0.795529,6.40,1.000,0.984,0.960
0.373215,0.281667,-0.883954,4.97,1.000,0.849,0.727
0.376355,0.254447,-0.890850,5.90,0.915,0.929,1.000
0.366701,0.328542,-0.870397,3.53,1.000,0.872,0.768
0.360571,-0.408034,-0.838747,6.11,0.835,0.882,1.000
0.373444,0.275003,-0.885953,3.84,1.000,0.884,0.789
0.373279,0.273470,-0.886497,3.40,0.850,0.891,1.000
0.390285,0.032433,-0.920123,6.15,1.000,0.870,0.765
0.377368,0.225759,-0.898124,5.03,0.871,0.903,1.000
0.388468,0.024098,-0.921147,5.55,0.757,0.834,1.000
0.193619,-0.876629,-0.440493,5.94,1.000,0.780,0.601
0.220588,0.808101,-0.546181,5.77,0.850,0.891,1.000
0.269205,-0.730728,-0.627347,6.10,1.000,1.000,0.988
0.320730,0.536682,-0.780452,6.21,0.775,0.845,1.000
0.377378,0.182607,-0.907877,6.79,0.817,0.871,1.000
0.365951,-0.333121,-0.868971,5.96,1.000,0.833,0.698
0.367961,0.269559,-0.889911,5.58,0.915,0.929,1.000
0.376275,-0.225773,-0.898579,5.60,0.717,0.809,1.000
0.288780,0.642925,-0.709404,6.26,0.801,0.861,1.000
0.376403,0.178158,-0.909165,6.48,1.000,0.868,0.761
0.073184,-0.985449,-0.153408,5.69,1.000,0.907,0.829
0.365324,0.278889,-0.888121,4.78,0.847,0.889,1.000
0.365903,0.270465,-0.890485,5.48,0.885,0.911,1.000
0.290084,-0.668612,-0.684697,6.44,1.000,0.765,0.572
0.369321,0.237253,-0.898506,5.40,0.885,0.911,1.000
0.371332,-0.235010,-0.898267,6.24,1.000,0.874,0.771
0.360893,0.273148,-0.891710,6.02,0.927,0.936,1.000
0.265196,-0.725558,-0.635009,6.16,1.000,0.862,0.751
0.269497,0.682813,-0.679071,6.09,0.953,0.950,1.000
0.180729,-0.887179,-0.424560,5.75,1.000,0.872,0.768
0.372616,0.094282,-0.923184,6.39,0.984,0.968,1.000
0.375099,-0.000766,-0.926985,4.91,1.000,0.815,0.667
0.366267,-0.235905,-0.900110,6.21,0.828,0.878,1.000
0.308750,-0.582884,-0.751612,5.96,1.000,0.874,0.771
0.154912,0.900787,-0.405692,5.94,0.778,0.847,1.000
0.371500,-0.055981,-0.926744,5.81,0.745,0.826,1.000
0.350273,0.309294,-0.884107,6.25,0.811,0.867,1.000
0.268432,-0.706537,-0.654789,5.07,0.729,0.817,1.000
0.354864,0.256196,-0.899130,4.65,0.880,0.909,1.000
0.318419,0.484216,-0.814951,5.88,0.769,0.842,1.000
0.362360,0.163551,-0.917576,6.01,1.000,0.862,0.751
0.362551,-0.187138,-0.912982,6.06,1.000,0.806,0.648
0.364213,0.097038,-0.926247,5.68,0.804,0.863,1.000
0.364319,-0.117345,-0.923852,5.72,0.748,0.828,1.000
0.362940,-0.119059,-0.924175,6.09,1.000,0.806,0.648
0.361949,-0.143171,-0.921138,5.11,1.000,0.757,0.556
0.361237,-0.155922,-0.919346,5.26,1.000,0.791,0.621
0.319869,-0.496469,-0.806971,4.51,1.000,0.878,0.778
0.267261,0.659539,-0.702553,4.25,1.000,0.833,0.698
0.338112,0.340079,-0.877512,6.36,1.000,0.963,0.925
0.061324,-0.989221,-0.132969,5.79,0.933,0.939,1.000
0.343906,0.284169,-0.894973,0.85,1.000,0.780,0.601
0.354130,0.176412,-0.918407,4.25,0.850,0.891,1.000
0.327220,0.396200,-0.857877,6.02,0.953,0.950,1.000
0.356282,-0.169120,-0.918946,6.37,0.824,0.875,1.000
0.340720,-0.340717,-0.876254,6.13,1.000,0.841,0.714
0.357548,-0.062999,-0.931768,6.33,0.757,0.834,1.000
0.356460,-0.058479,-0.932479,3.93,0.723,0.813,1.000
0.310160,-0.508474,-0.803278,3.82,1.000,0.878,0.778
0.209988,-0.819602,-0.533064,3.27,0.757,0.834,1.000
0.203648,0.803577,-0.559278,5.35,0.915,0.929,1.000
0.205670,0.799472,-0.564397,5.05,1.000,0.860,0.747
0.073470,0.972821,-0.219595,6.49,1.000,0.987,0.965
0.353306,0.017423,-0.935346,5.31,0.751,0.830,1.000
0.310405,0.453057,-0.835696,6.47,1.000,0.963,0.925
0.326625,0.353225,-0.876669,5.92,0.772,0.844,1.000
0.335969,0.276197,-0.900467,5.79,0.910,0.926,1.000
0.341260,0.216624,-0.914667,4.27,0.828,0.878,1.000
0.351507,-0.043154,-0.935190,5.23,0.894,0.917,1.000
0.168196,-0.889605,-0.424634,5.79,1.000,0.866,0.758
0.305117,-0.510793,-0.803737,6.30,0.757,0.834,1.000
0.311703,0.426069,-0.849298,6.22,0.843,0.886,1.000
0.332436,0.272276,-0.902968,5.07,0.839,0.884,1.000
0.331762,0.274262,-0.902615,4.69,0.839,0.884,1.000
0.342437,0.136940,-0.929507,5.39,0.885,0.911,1.000
0.338638,-0.247065,-0.907901,3.87,1.000,0.856,0.741
0.223691,0.746648,-0.626482,5.67,0.781,0.849,1.000
0.338825,-0.210012,-0.917111,5.01,0.811,0.867,1.000
0.334072,0.211287,-0.918561,5.46,0.751,0.830,1.000
0.050846,-0.992330,-0.112675,6.76,0.859,0.896,1.000
0.166597,0.861814,-0.479085,6.50,1.000,0.963,0.925
0.334002,-0.248000,-0.909362,5.45,1.000,0.862,0.751
0.342837,-0.018373,-0.939215,6.10,1.000,0.886,0.793
0.262557,0.619509,-0.739779,5.99,1.000,0.971,0.938
0.295453,0.478922,-0.826645,5.78,0.778,0.847,1.000
0.074221,0.970047,-0.231303,6.06,0.894,0.917,1.000
0.166365,-0.883582,-0.437728,5.40,1.000,0.774,0.589
0.211082,0.765751,-0.607511,5.87,0.794,0.857,1.000
0.239968,0.686644,-0.686248,5.29,0.788,0.853,1.000
0.310845,-0.414415,-0.855357,5.58,1.000,0.890,0.800
0.320353,-0.336630,-0.885468,4.32,1.000,0.770,0.581
0.306441,0.390039,-0.868311,4.28,0.748,0.828,1.000
0.214463,-0.784482,-0.581888,6.44,1.000,0.815,0.667
0.300114,0.408153,-0.862173,6.13,1.000,0.979,0.951
0.245830,0.653248,-0.716125,6.08,0.807,0.865,1.000
0.274136,0.542666,-0.793954,6.45,1.000,0.963,0.925
0.252998,-0.667363,-0.700442,4.45,0.927,0.936,1.000
0.265891,-0.603826,-0.751462,5.05,0.946,0.946,1.000
0.175797,-0.856660,-0.485004,6.53,1.000,0.943,0.892
0.323467,-0.152876,-0.933809,6.82,0.960,0.954,1.000
0.323431,-0.152919,-0.933814,6.70,1.000,0.890,0.800
0.317686,0.193312,-0.928281,5.40,0.880,0.909,1.000
0.321629,-0.147872,-0.935248,5.90,0.754,0.832,1.000
0.282744,-0.511526,-0.811416,5.68,1.000,0.801,0.639
0.097365,0.945187,-0.311677,6.37,0.763,0.838,1.000
0.169388,0.836355,-0.521361,5.30,0.880,0.909,1.000
0.291809,0.400798,-0.868452,6.35,0.807,0.865,1.000
0.307921,-0.320062,-0.895960,5.53,0.794,0.857,1.000
0.239616,0.646960,-0.723897,5.97,1.000,0.888,0.796
0.174300,0.825138,-0.537370,6.26,1.000,0.963,0.925
0.210386,-0.771418,-0.600543,5.31,1.000,0.878,0.778
0.299395,0.321192,-0.898442,6.01,1.000,0.834,0.701
0.246287,-0.656911,-0.712608,6.25,1.000,0.793,0.624
0.310591,0.202882,-0.928640,5.37,0.854,0.893,1.000
0.318851,-0.056775,-0.946103,4.02,0.742,0.825,1.000
0.299246,-0.362985,-0.882436,5.72,1.000,0.791,0.621
0.315223,-0.051542,-0.947617,6.33,0.801,0.861,1.000
0.039400,0.988212,-0.147934,5.07,1.000,0.822,0.679
0.263636,-0.559265,-0.785950,6.86,0.788,0.853,1.000
0.278365,-0.470819,-0.837163,6.19,0.854,0.893,1.000
0.245589,-0.634146,-0.733174,6.05,1.000,0.860,0.747
0.130270,0.894975,-0.426672,5.44,1.000,0.776,0.592
0.255758,0.538599,-0.802807,5.86,0.876,0.906,1.000
0.259357,0.521564,-0.812837,5.58,1.000,0.851,0.731
0.163366,-0.863684,-0.476824,5.27,0.859,0.896,1.000
0.074551,-0.976882,-0.200359,6.05,1.000,0.854,0.737
0.297185,-0.291277,-0.909307,5.51,1.000,0.956,0.913
0.238900,0.608600,-0.756659,4.88,1.000,0.796,0.630
0.305331,0.062587,-0.950187,6.03,1.000,0.838,0.708
0.195133,0.751734,-0.629935,5.66,1.000,0.876,0.775
0.305004,-0.098866,-0.947205,5.78,1.000,0.958,0.917
0.290256,0.274029,-0.916875,6.08,1.000,0.771,0.584
0.294394,-0.281160,-0.913390,5.77,1.000,0.976,0.947
0.268185,-0.500306,-0.823268,6.37,1.000,0.860,0.747
0.144846,-0.892820,-0.426489,6.46,1.000,0.858,0.744
0.107624,-0.945126,-0.308469,5.54,0.751,0.830,1.000
0.113881,0.915962,-0.384765,4.29,0.797,0.859,1.000
0.299150,0.121200,-0.946478,3.19,1.000,0.984,1.000
0.294569,0.154715,-0.943023,4.36,0.791,0.855,1.000
0.293262,-0.238020,-0.925928,6.26,1.000,0.978,1.000
0.173667,0.796961,-0.578527,6.41,1.000,0.963,0.925
0.279175,0.322922,-0.904313,5.10,0.863,0.898,1.000
0.220680,-0.694407,-0.684908,6.72,1.000,0.884,0.789
0.287968,-0.279280,-0.916012,5.03,1.000,0.878,0.778
0.212811,0.676705,-0.704828,5.71,0.824,0.875,1.000
0.232288,0.597668,-0.767356,4.78,1.000,0.801,0.639
0.294267,0.097670,-0.950720,3.69,0.736,0.821,1.000
0.289089,0.173218,-0.941500,6.11,0.814,0.869,1.000
0.255498,0.467891,-0.846049,5.97,0.946,0.946,1.000
0.159342,0.821738,-0.547135,5.52,0.801,0.861,1.000
0.281217,0.246163,-0.927535,4.74,1.000,0.737,0.517
0.224993,-0.660275,-0.716530,6.07,0.946,0.946,1.000
0.201522,0.695422,-0.689766,6.08,0.781,0.849,1.000
0.241584,-0.572237,-0.783698,5.86,0.814,0.869,1.000
0.287329,-0.095025,-0.953107,4.39,0.880,0.909,1.000
0.166084,0.797262,-0.580335,5.75,0.824,0.875,1.000
0.286334,0.043760,-0.957130,5.33,1.000,0.765,0.572
0.176749,-0.803456,-0.568523,5.61,0.921,0.932,1.000
0.176710,-0.803439,-0.568560,6.42,1.000,0.963,0.925
0.284202,0.027389,-0.958373,6.61,0.801,0.861,1.000
0.263914,0.333565,-0.905033,6.37,0.899,0.920,1.000
0.282706,0.042583,-0.958261,3.72,0.733,0.819,1.000
0.159785,0.806468,-0.569279,4.47,0.781,0.849,1.000
0.275179,0.198104,-0.940761,5.19,0.828,0.878,1.000
0.275875,0.176240,-0.944898,4.65,0.817,0.871,1.000
0.278098,0.135355,-0.950968,5.33,1.000,0.833,0.698
0.067499,0.962546,-0.262582,6.06,1.000,0.776,0.592
0.221394,0.590167,-0.776329,6.07,0.976,0.963,1.000
0.280469,0.008159,-0.959828,5.99,0.751,0.830,1.000
0.249643,0.416157,-0.874352,6.37,0.921,0.932,1.000
0.266850,0.259493,-0.928146,5.81,0.763,0.838,1.000
0.227243,0.547068,-0.805653,2.69,1.000,0.782,0.604
0.274526,0.094094,-0.956965,6.50,0.794,0.857,1.000
0.267515,-0.288038,-0.919494,5.70,1.000,0.882,0.786
0.266489,0.233690,-0.935079,4.07,1.000,0.845,0.721
0.267173,-0.282639,-0.921267,5.72,1.000,0.898,0.814
0.272830,-0.090135,-0.957831,5.51,0.748,0.828,1.000
0.250189,-0.434096,-0.865428,6.72,0.889,0.914,1.000
0.215802,-0.637809,-0.739344,6.10,1.000,0.799,0.636
0.257874,0.294935,-0.920062,5.48,1.000,0.817,0.670
0.244955,0.405917,-0.880470,5.79,1.000,0.852,0.734
0.067384,0.960118,-0.271355,6.66,1.000,0.963,0.925
0.155776,0.800266,-0.579057,6.08,1.000,0.793,0.624
0.065640,0.961583,-0.266551,5.96,1.000,0.963,0.925
0.241504,0.423413,-0.873153,5.81,0.788,0.853,1.000
0.270190,-0.018625,-0.962627,6.23,0.984,0.968,1.000
0.206728,0.614151,-0.761631,4.94,0.801,0.861,1.000
0.121909,0.875279,-0.468000,6.03,0.976,0.963,1.000
0.097146,0.919292,-0.381399,6.19,1.000,0.995,0.979
0.260069,-0.245838,-0.933771,6.15,0.723,0.813,1.000
0.266283,-0.038606,-0.963122,6.35,0.821,0.873,1.000
0.146269,-0.853071,-0.500875,6.12,1.000,0.978,1.000
0.113266,-0.918278,-0.379390,6.41,1.000,0.767,0.575
0.199020,0.634659,-0.746725,5.95,0.976,0.963,1.000
0.254645,0.251103,-0.933865,6.09,0.801,0.861,1.000
0.264814,0.029913,-0.963836,4.47,1.000,0.802,0.642
0.198010,0.638163,-0.744002,6.58,1.000,0.963,0.925
0.120555,0.869859,-0.478343,4.03,1.000,0.890,0.800
0.252273,-0.281937,-0.925673,5.66,0.993,0.973,1.000
0.180740,0.692437,-0.698473,2.99,1.000,0.979,0.951
0.086990,-0.953230,-0.289456,6.28,1.000,0.984,0.960
0.251821,-0.255544,-0.933426,7.71,1.000,0.716,0.475
0.255341,-0.178173,-0.950292,5.38,1.000,0.915,0.844
0.256018,0.063057,-0.964613,7.03,1.000,0.963,0.925
0.255926,0.063071,-0.964637,6.66,0.766,0.840,1.000
0.252935,-0.217079,-0.942815,4.79,0.885,0.911,1.000
0.187223,0.657057,-0.730221,3.75,1.000,0.833,0.698
0.255856,-0.036043,-0.966043,6.32,0.894,0.917,1.000
0.254089,-0.100246,-0.961972,6.22,1.000,0.862,0.751
0.183541,0.661857,-0.726813,6.14,0.843,0.886,1.000
0.008693,0.997489,-0.070290,6.51,0.915,0.929,1.000
0.250773,-0.124881,-0.959957,4.81,0.729,0.817,1.000
0.251043,0.012605,-0.967894,5.92,1.000,0.824,0.682
0.250281,0.028077,-0.967766,6.24,0.775,0.845,1.000
0.228510,0.367962,-0.901325,4.64,0.843,0.886,1.000
0.237477,-0.342872,-0.908869,4.91,0.772,0.844,1.000
0.120019,0.856920,-0.501282,5.08,0.763,0.838,1.000
0.119715,0.857357,-0.500607,6.08,1.000,0.851,0.731
0.111557,0.876054,-0.469131,6.04,1.000,0.807,0.651
0.246508,-0.073407,-0.966357,5.85,1.000,0.834,0.701
0.207577,0.507459,-0.836300,6.14,1.000,0.834,0.701
0.202241,0.534651,-0.820516,6.62,0.889,0.914,1.000
0.223892,-0.442680,-0.868278,5.02,1.000,0.860,0.747
0.072519,-0.965640,-0.249559,5.47,1.000,0.783,0.607
0.134969,0.813160,-0.566175,7.24,1.000,0.963,0.925
0.193972,-0.639010,-0.744339,6.03,1.000,0.898,0.814
0.211835,0.464782,-0.859711,6.60,0.876,0.906,1.000
0.224010,0.362894,-0.904504,6.19,1.000,0.815,0.667
0.227909,-0.387435,-0.893281,5.75,1.000,0.836,0.705
0.211497,-0.526531,-0.823428,5.94,1.000,0.841,0.714
0.075881,0.937522,-0.339551,6.41,1.000,0.852,0.734
0.143227,0.783669,-0.604440,5.00,0.921,0.932,1.000
0.230911,0.265626,-0.936014,4.68,0.769,0.842,1.000
0.188962,0.586887,-0.787310,6.52,0.843,0.886,1.000
0.234900,-0.248173,-0.939804,6.41,0.733,0.819,1.000
0.173912,0.659142,-0.731633,3.17,0.733,0.819,1.000
0.221491,0.338843,-0.914400,6.44,0.863,0.898,1.000
0.057054,0.961005,-0.270582,5.43,0.751,0.830,1.000
0.167686,0.684225,-0.709730,6.20,0.993,0.973,1.000
0.220766,-0.412910,-0.883610,5.61,0.821,0.873,1.000
0.237739,-0.053028,-0.969880,6.05,0.754,0.832,1.000
0.092213,0.905713,-0.413740,6.41,0.968,0.959,1.000
0.235962,0.020550,-0.971545,6.17,1.000,0.716,0.475
0.161525,-0.756440,-0.633804,5.38,0.984,0.968,1.000
0.046040,0.972259,-0.229332,6.37,0.781,0.849,1.000
0.180818,-0.665817,-0.723874,6.31,1.000,0.982,0.956
0.195591,-0.580466,-0.790445,4.55,1.000,0.836,0.705
0.194952,-0.583616,-0.788280,6.34,0.904,0.923,1.000
0.217987,-0.380604,-0.898678,3.19,1.000,0.793,0.624
0.212325,-0.440762,-0.872151,5.73,1.000,0.841,0.714
0.215360,0.319704,-0.922719,5.00,1.000,0.951,0.904
0.229453,-0.081156,-0.969930,5.12,0.769,0.842,1.000
0.211588,0.348872,-0.912973,5.30,0.817,0.871,1.000
0.204651,0.410962,-0.888385,5.50,0.807,0.865,1.000
0.209299,0.369823,-0.905221,5.89,0.854,0.893,1.000
0.224822,-0.227024,-0.947584,6.05,0.769,0.842,1.000
0.223401,0.164565,-0.960734,6.17,1.000,0.958,0.917
0.154211,-0.761287,-0.629811,5.03,1.000,0.788,0.615
0.222979,0.147781,-0.963557,5.34,0.921,0.932,1.000
0.222047,-0.216279,-0.950746,5.97,1.000,0.963,0.925
0.224700,-0.088658,-0.970386,2.79,0.832,0.880,1.000
0.138312,-0.813177,-0.565343,6.27,1.000,0.780,0.601
0.145636,0.730904,-0.666761,5.68,0.984,0.968,1.000
0.171100,0.606015,-0.776833,6.02,1.000,0.934,0.876
0.191984,0.469942,-0.861566,6.01,0.889,0.914,1.000
0.220968,-0.150657,-0.963574,5.78,0.769,0.842,1.000
0.216088,0.170716,-0.961334,5.43,0.876,0.906,1.000
0.221190,-0.077695,-0.972131,5.12,1.000,0.978,1.000
0.126641,-0.843136,-0.522574,4.72,1.000,0.984,0.960
0.095967,0.881715,-0.461918,6.17,0.794,0.857,1.000
0.209700,0.268873,-0.940071,4.82,0.915,0.929,1.000
0.079245,-0.947291,-0.310419,5.31,1.000,0.874,0.771
0.092405,0.888548,-0.449381,6.50,0.863,0.898,1.000
0.217509,-0.152195,-0.964119,4.27,0.729,0.817,1.000
0.181785,-0.583801,-0.791284,6.52,1.000,0.858,0.744
0.216202,-0.009866,-0.976299,6.10,1.000,0.854,0.737
0.052296,-0.979224,-0.195923,6.29,1.000,0.785,0.610
0.052191,0.957662,-0.283124,5.74,1.000,0.963,0.925
0.201070,0.276402,-0.939773,5.18,1.000,0.788,0.615
0.212156,-0.039328,-0.976444,6.25,1.000,0.878,0.778
0.030390,0.982389,-0.184360,5.05,1.000,0.998,0.983
0.210614,-0.043460,-0.976603,5.90,1.000,1.000,0.988
0.098883,0.860791,-0.499260,6.15,1.000,0.840,0.711
0.157974,0.622302,-0.766671,4.86,0.850,0.891,1.000
0.209226,0.008983,-0.977826,6.67,0.766,0.840,1.000
0.208923,0.018097,-0.977765,5.89,1.000,0.948,0.900
0.117496,0.800877,-0.587189,6.20,0.811,0.867,1.000
0.206070,-0.205336,-0.956751,5.68,1.000,0.793,0.624
0.191841,-0.436950,-0.878790,6.41,1.000,0.827,0.689
0.101550,-0.894152,-0.436096,5.20,1.000,0.764,0.570
0.202220,-0.205678,-0.957499,4.45,0.757,0.834,1.000
0.203340,-0.105522,-0.973405,5.91,1.000,0.882,0.786
0.202143,0.049915,-0.978083,4.46,1.000,0.838,0.708
0.166540,-0.607310,-0.776813,6.57,1.000,0.768,0.578
0.067914,-0.956497,-0.283726,6.27,0.785,0.851,1.000
0.201273,0.034342,-0.978933,6.09,0.984,0.968,1.000
0.195831,-0.279084,-0.940086,3.31,0.754,0.832,1.000
0.200270,0.009779,-0.979692,6.32,1.000,0.793,0.624
0.199239,-0.141727,-0.969648,6.37,0.748,0.828,1.000
0.197505,-0.223954,-0.954378,4.36,0.757,0.834,1.000
0.162728,0.540061,-0.825744,5.02,0.871,0.903,1.000
0.109968,0.804750,-0.583339,6.50,1.000,0.763,0.567
0.130498,0.719316,-0.682315,0.08,1.000,0.915,0.844
0.195430,0.089870,-0.976591,5.50,1.000,0.807,0.651
0.192931,-0.252182,-0.948252,6.21,0.946,0.946,1.000
0.178691,0.379209,-0.907893,6.27,0.814,0.869,1.000
0.156531,0.563698,-0.811013,5.96,0.867,0.901,1.000
0.195050,-0.142658,-0.970363,0.12,0.778,0.847,1.000
0.005331,0.997143,-0.075346,6.60,1.000,0.963,0.925
0.162428,-0.585319,-0.794367,6.98,1.000,0.791,0.621
0.034550,-0.991378,-0.126399,5.85,1.000,0.888,0.796
0.193719,-0.024592,-0.980749,6.15,0.960,0.954,1.000
0.186796,0.196654,-0.962515,5.56,0.775,0.845,1.000
0.092936,0.849130,-0.519943,6.13,0.778,0.847,1.000
0.079025,0.888246,-0.452521,5.61,1.000,0.750,0.542
0.159677,-0.587464,-0.793341,5.76,1.000,0.872,0.768
0.132894,0.679342,-0.721688,5.48,1.000,0.764,0.570
0.172369,-0.453109,-0.874632,5.07,0.757,0.834,1.000
0.187766,0.033979,-0.981626,6.42,0.781,0.849,1.000
0.136447,0.648983,-0.748467,6.18,1.000,0.807,0.651
0.151550,0.550068,-0.821254,4.54,1.000,0.824,0.682
0.122952,-0.788345,-0.602823,6.05,1.000,0.804,0.645
0.150369,0.555820,-0.817590,6.14,0.769,0.842,1.000
0.135649,0.644113,-0.752807,4.71,1.000,0.956,0.913
0.157202,-0.572528,-0.804674,6.66,0.839,0.884,1.000
0.179051,-0.294735,-0.938654,6.56,0.739,0.823,1.000
0.147958,0.555546,-0.818216,5.41,0.729,0.817,1.000
0.123895,0.699982,-0.703332,6.62,1.000,0.963,0.925
0.146146,0.558984,-0.816197,6.49,0.876,0.906,1.000
0.182612,-0.119174,-0.975936,3.60,0.754,0.832,1.000
0.116586,0.730924,-0.672427,6.54,1.000,0.963,0.925
0.178562,-0.233780,-0.955752,5.50,1.000,0.888,0.796
0.130084,0.657193,-0.742412,5.52,0.824,0.875,1.000
0.163773,0.376166,-0.911964,4.94,1.000,0.888,0.796
0.143978,0.558586,-0.816855,5.03,0.889,0.914,1.000
0.166081,0.344229,-0.924080,6.08,1.000,0.872,0.768
0.117919,-0.789962,-0.601710,6.49,1.000,0.834,0.701
0.151281,-0.572078,-0.806127,4.83,1.000,0.874,0.771
0.077709,-0.921764,-0.379886,4.83,1.000,0.822,0.679
0.027703,0.978066,-0.206445,6.56,0.835,0.882,1.000
0.176960,0.045290,-0.983175,5.34,0.976,0.963,1.000
0.169762,-0.311174,-0.935068,5.96,1.000,0.968,0.934
0.175371,-0.024645,-0.984194,6.34,0.754,0.832,1.000
0.123651,0.666590,-0.735097,5.23,0.742,0.825,1.000
0.149630,0.468812,-0.870532,6.33,0.801,0.861,1.000
0.085191,0.843808,-0.529840,5.28,0.778,0.847,1.000
0.146501,0.493487,-0.857326,5.76,0.807,0.865,1.000
0.167541,-0.317636,-0.933294,6.36,0.739,0.823,1.000
0.167497,-0.317466,-0.933360,6.54,0.754,0.832,1.000
0.159553,0.338971,-0.927169,6.18,1.000,0.831,0.695
0.170854,-0.227954,-0.958564,4.29,0.708,0.803,1.000
0.169715,-0.213296,-0.962134,5.30,0.751,0.830,1.000
0.156519,-0.459718,-0.874163,5.99,0.775,0.845,1.000
0.171004,-0.093529,-0.980821,6.39,0.778,0.847,1.000
0.121785,0.656447,-0.744477,5.54,0.828,0.878,1.000
0.167554,0.069964,-0.983377,6.57,0.760,0.836,1.000
0.160057,-0.362266,-0.918229,4.71,0.772,0.844,1.000
0.164428,0.146577,-0.975438,5.80,0.748,0.828,1.000
0.167065,-0.007267,-0.985919,5.68,0.751,0.830,1.000
0.166069,-0.006676,-0.986091,4.73,0.736,0.821,1.000
0.141553,-0.569264,-0.809878,6.34,0.921,0.932,1.000
0.111928,-0.772801,-0.624700,5.45,1.000,0.987,0.965
0.139236,0.483843,-0.864008,6.46,0.775,0.845,1.000
0.160940,-0.237789,-0.957891,6.56,0.760,0.836,1.000
0.161151,0.061823,-0.984991,5.00,0.742,0.825,1.000
0.150758,-0.419025,-0.895371,5.06,1.000,0.946,0.896
0.138824,-0.564179,-0.813898,6.09,0.729,0.817,1.000
0.122060,0.607176,-0.785136,4.99,1.000,0.799,0.636
0.151371,0.287351,-0.945789,6.08,0.835,0.882,1.000
0.131422,0.518384,-0.844989,6.28,1.000,0.829,0.692
0.131522,0.517177,-0.845713,5.94,0.801,0.861,1.000
0.157826,0.092762,-0.983100,6.35,0.828,0.878,1.000
0.157698,-0.146356,-0.976581,5.90,0.778,0.847,1.000
0.124065,0.571506,-0.811165,6.55,1.000,0.852,0.734
0.147548,0.298763,-0.942852,4.99,1.000,0.982,0.956
0.157705,-0.002788,-0.987482,5.70,0.723,0.813,1.000
0.157034,-0.015135,-0.987477,6.11,1.000,0.990,0.969
0.153913,-0.240689,-0.958321,5.25,0.723,0.813,1.000
0.155212,-0.135855,-0.978495,4.14,1.000,0.882,0.786
0.142826,-0.449410,-0.881834,6.49,1.000,0.990,0.969
0.153704,0.041052,-0.987264,6.32,0.742,0.825,1.000
0.154340,-0.015557,-0.987895,5.08,1.000,0.882,0.786
0.154245,-0.041822,-0.987147,3.36,0.736,0.821,1.000
0.153136,0.032220,-0.987680,4.95,0.726,0.815,1.000
0.150626,0.110597,-0.982385,1.64,0.720,0.811,1.000
0.128660,0.478807,-0.868442,1.65,0.748,0.828,1.000
0.147667,-0.291973,-0.944958,5.65,0.788,0.853,1.000
0.122388,-0.638481,-0.759845,5.71,1.000,0.768,0.578
0.117216,0.580095,-0.806071,6.15,1.000,0.794,0.627
0.119069,0.564847,-0.816560,5.94,0.835,0.882,1.000
0.120507,0.548480,-0.827435,6.15,1.000,0.845,0.721
0.125578,-0.606497,-0.785106,6.82,1.000,0.866,0.758
0.141182,0.287365,-0.947359,6.25,0.763,0.838,1.000
0.149545,-0.179303,-0.972361,5.61,1.000,0.777,0.595
0.149874,-0.009497,-0.988660,6.57,0.772,0.844,1.000
0.091089,-0.830347,-0.549751,6.11,0.757,0.834,1.000
0.058788,0.891539,-0.449114,5.42,1.000,0.755,0.553
0.148738,0.009090,-0.988835,6.16,0.733,0.819,1.000
0.123490,0.503150,-0.855331,5.74,0.843,0.886,1.000
0.115982,0.566059,-0.816165,5.07,1.000,0.802,0.642
0.146953,-0.096164,-0.984458,6.23,0.769,0.842,1.000
0.143977,0.119603,-0.982327,6.42,0.781,0.849,1.000
0.135807,0.308390,-0.941516,5.42,0.757,0.834,1.000
0.137476,0.263162,-0.954906,6.16,0.814,0.869,1.000
0.130559,0.373586,-0.918361,4.88,0.742,0.825,1.000
0.143987,0.054001,-0.988105,4.59,0.723,0.813,1.000
0.139176,-0.337022,-0.931153,5.89,0.968,0.959,1.000
0.109238,-0.697488,-0.708221,6.08,1.000,0.836,0.705
0.134863,0.273526,-0.952363,5.50,0.791,0.855,1.000
0.030313,-0.989123,-0.143933,6.51,1.000,0.852,0.734
0.132811,0.296356,-0.945798,5.77,1.000,0.767,0.575
0.140070,-0.206218,-0.968429,6.35,1.000,0.987,0.965
0.093599,-0.791398,-0.604092,6.27,0.811,0.867,1.000
0.132790,0.236480,-0.962520,6.35,0.839,0.884,1.000
0.139022,0.022658,-0.990030,6.41,0.733,0.819,1.000
0.120990,0.424998,-0.897072,5.47,0.775,0.845,1.000
0.115175,0.487652,-0.865407,6.24,1.000,0.984,1.000
0.131175,-0.364480,-0.921926,6.07,1.000,0.866,0.758
0.095189,0.662122,-0.743326,6.00,1.000,0.852,0.734
0.097746,0.640456,-0.761749,6.37,1.000,0.880,0.782
0.134864,-0.057695,-0.989183,6.39,0.785,0.851,1.000
0.108100,-0.655316,-0.747580,5.87,0.871,0.903,1.000
0.064659,0.840766,-0.537524,6.48,1.000,0.971,0.938
0.129148,-0.354445,-0.926115,2.84,1.000,0.911,0.837
0.132909,-0.060115,-0.989303,5.79,1.000,0.845,0.721
0.117731,0.382079,-0.916600,6.29,1.000,0.840,0.711
0.124049,0.264888,-0.956267,5.94,0.835,0.882,1.000
0.130837,0.031222,-0.990912,5.78,0.726,0.815,1.000
0.131656,-0.019062,-0.991112,4.71,1.000,0.776,0.592
0.109933,-0.605024,-0.788582,5.57,0.794,0.857,1.000
0.075604,-0.856380,-0.510782,5.14,1.000,0.874,0.771
0.128751,0.073311,-0.988963,6.21,1.000,0.824,0.682
0.116229,-0.501762,-0.857161,6.75,1.000,0.862,0.751
0.126445,0.103627,-0.986546,4.20,0.745,0.826,1.000
0.127949,-0.129397,-0.983303,6.33,0.729,0.817,1.000
0.124946,0.057429,-0.990500,5.46,0.733,0.819,1.000
0.100464,0.532757,-0.840284,4.76,0.927,0.936,1.000
0.022798,0.966124,-0.257070,6.17,1.000,0.776,0.592
0.114632,0.318867,-0.940842,4.38,1.000,0.716,0.475
0.085660,0.670542,-0.736910,6.55,0.781,0.849,1.000
0.115528,0.293341,-0.949002,5.46,0.775,0.845,1.000
0.123837,-0.116815,-0.985403,6.22,0.736,0.821,1.000
0.117412,-0.356145,-0.927025,5.55,0.788,0.853,1.000
0.097127,0.541725,-0.834926,6.48,0.817,0.871,1.000
0.121832,-0.004964,-0.992538,6.85,0.739,0.823,1.000
0.121839,-0.005221,-0.992536,2.23,0.720,0.811,1.000
0.039171,0.918420,-0.393664,6.26,1.000,0.963,0.925
0.094347,0.569650,-0.816454,6.27,0.839,0.884,1.000
0.121182,-0.127089,-0.984461,4.62,0.708,0.803,1.000
0.088423,-0.732279,-0.675240,5.46,1.000,0.958,0.917
0.043200,0.899975,-0.433797,6.15,0.791,0.855,1.000
0.109273,0.317971,-0.941782,5.69,0.791,0.855,1.000
0.052304,-0.931201,-0.360734,6.03,0.927,0.936,1.000
0.107487,0.349785,-0.930643,6.18,0.766,0.840,1.000
0.118842,-0.027781,-0.992524,5.35,0.729,0.817,1.000
0.102032,-0.580285,-0.807997,3.87,1.000,0.847,0.724
0.116965,-0.029986,-0.992683,6.46,0.760,0.836,1.000
0.110092,0.247093,-0.962717,5.64,0.745,0.826,1.000
0.113011,-0.306065,-0.945279,2.58,0.863,0.898,1.000
0.059324,0.813394,-0.578680,5.73,1.000,0.767,0.575
0.062072,-0.885511,-0.460454,6.59,1.000,0.782,0.604
0.115246,-0.020177,-0.993132,5.34,0.733,0.819,1.000
0.069555,0.739811,-0.669210,6.11,0.885,0.911,1.000
0.085972,-0.718433,-0.690263,5.86,1.000,0.810,0.657
0.113342,0.024568,-0.993252,6.59,0.736,0.821,1.000
0.111755,0.065698,-0.991562,5.36,0.804,0.863,1.000
0.112903,-0.018073,-0.993442,6.22,0.736,0.821,1.000
0.112877,-0.025663,-0.993277,5.93,1.000,0.779,0.598
0.097635,0.407365,-0.908031,5.38,0.760,0.836,1.000
0.108147,0.164866,-0.980369,4.41,0.739,0.823,1.000
0.092461,-0.622693,-0.776984,5.48,1.000,0.833,0.698
0.092869,0.464258,-0.880818,6.27,1.000,0.780,0.601
0.106644,0.172517,-0.979217,3.54,0.733,0.819,1.000
0.106629,0.172531,-0.979216,5.61,0.801,0.861,1.000
0.095679,-0.575572,-0.812134,5.78,1.000,0.860,0.747
0.056863,-0.898241,-0.435810,6.19,0.867,0.901,1.000
0.106180,0.177772,-0.978327,5.60,0.828,0.878,1.000
0.076963,0.645221,-0.760110,6.09,1.000,0.868,0.761
-0.000490,0.996467,-0.083986,6.11,1.000,0.776,0.592
0.108204,-0.104688,-0.988601,5.67,0.717,0.809,1.000
0.108076,-0.104562,-0.988629,4.78,0.711,0.805,1.000
0.098681,-0.497714,-0.861709,6.53,0.781,0.849,1.000
0.092034,0.437421,-0.894535,6.49,0.993,0.973,1.000
0.106961,-0.078343,-0.991172,6.56,0.748,0.828,1.000
0.106921,-0.077159,-0.991269,6.24,0.742,0.825,1.000
0.106808,-0.084345,-0.990696,4.59,0.729,0.817,1.000
0.107242,-0.093886,-0.989790,6.73,0.794,0.857,1.000
0.107228,-0.093852,-0.989795,7.96,0.876,0.906,1.000
0.107198,-0.093930,-0.989791,5.13,0.794,0.857,1.000
0.107141,-0.093896,-0.989800,6.70,0.817,0.871,1.000
0.106733,-0.094388,-0.989797,5.08,0.760,0.836,1.000
0.106309,-0.076105,-0.991416,6.38,0.745,0.826,1.000
0.106418,-0.102966,-0.988976,2.77,0.714,0.807,1.000
0.106107,-0.056741,-0.992734,6.40,0.751,0.830,1.000
0.105630,-0.084649,-0.990796,5.26,0.876,0.906,1.000
0.088761,0.452811,-0.887178,5.83,0.766,0.840,1.000
0.103580,-0.020976,-0.994400,1.70,0.729,0.817,1.000
0.080732,0.552798,-0.829395,6.33,1.000,0.817,0.670
0.095527,0.293044,-0.951315,5.54,0.867,0.901,1.000
0.102941,-0.098418,-0.989807,6.54,0.733,0.819,1.000
0.099281,0.161441,-0.981876,4.09,1.000,0.884,0.789
0.098023,0.191409,-0.976603,5.94,1.000,0.774,0.589
0.090288,-0.545810,-0.833031,5.78,1.000,0.851,0.731
0.090832,0.360689,-0.928253,3.00,0.729,0.817,1.000
0.101376,-0.105657,-0.989222,5.72,0.720,0.811,1.000
0.065737,-0.818172,-0.571203,6.43,1.000,0.976,0.947
0.097588,0.155606,-0.982987,6.12,0.736,0.821,1.000
0.080213,0.507426,-0.857954,5.40,1.000,0.984,1.000
0.091027,-0.480343,-0.872345,6.26,0.832,0.880,1.000
0.031502,0.911387,-0.410342,5.60,1.000,0.829,0.692
0.051118,-0.900528,-0.431784,5.34,1.000,0.866,0.758
0.097678,-0.103458,-0.989826,6.05,0.720,0.811,1.000
0.097456,-0.204078,-0.974092,6.11,0.804,0.863,1.000
0.094938,0.131242,-0.986794,5.88,0.766,0.840,1.000
0.081972,0.448037,-0.890249,6.37,1.000,0.963,0.925
0.053040,-0.886928,-0.458852,3.76,1.000,0.911,0.837
0.095984,-0.083915,-0.991839,6.19,0.775,0.845,1.000
0.078699,0.488092,-0.869237,5.96,0.843,0.886,1.000
0.048403,0.803661,-0.593116,6.23,1.000,0.907,0.829
0.087511,-0.467488,-0.879657,6.16,0.927,0.936,1.000
0.070736,-0.735079,-0.674281,6.11,1.000,0.843,0.717
0.079433,0.436754,-0.896067,5.18,0.742,0.825,1.000
0.083164,0.370765,-0.924996,6.34,0.807,0.865,1.000
0.056191,-0.856007,-0.513902,6.75,1.000,0.794,0.627
0.092507,-0.045363,-0.994678,3.81,0.714,0.807,1.000
0.092341,-0.045261,-0.994698,6.65,0.729,0.817,1.000
0.092497,-0.114484,-0.989110,5.96,0.717,0.809,1.000
0.090463,0.071870,-0.993303,4.57,0.754,0.832,1.000
0.085057,-0.480062,-0.873101,5.31,1.000,1.000,0.988
0.052571,-0.876103,-0.479249,6.32,1.000,0.905,0.826
0.091273,-0.125559,-0.987879,4.80,0.832,0.880,1.000
0.072204,0.520385,-0.850874,6.04,0.801,0.861,1.000
0.071387,0.528747,-0.845772,6.11,1.000,0.716,0.475
0.089069,-0.062176,-0.994083,6.00,0.889,0.914,1.000
0.040751,0.834672,-0.549238,6.05,1.000,0.884,0.789
0.087993,-0.168604,-0.981748,6.50,0.757,0.834,1.000
0.033012,0.878623,-0.476374,6.15,1.000,0.894,0.807
0.085974,-0.306517,-0.947975,6.38,0.751,0.830,1.000
0.070757,0.492234,-0.867583,6.43,0.754,0.832,1.000
0.078154,0.284582,-0.955460,4.86,0.748,0.828,1.000
0.070263,-0.652198,-0.754786,5.82,0.760,0.836,1.000
0.083811,-0.033901,-0.995905,2.05,0.723,0.813,1.000
0.083804,-0.033901,-0.995905,4.21,1.000,0.963,0.925
0.084351,-0.049286,-0.995217,6.22,0.726,0.815,1.000
0.072406,0.395968,-0.915405,6.59,0.769,0.842,1.000
0.083473,-0.019702,-0.996315,4.95,0.723,0.813,1.000
0.028899,-0.971719,-0.234366,5.19,1.000,0.849,0.727
0.072142,0.385266,-0.919981,6.36,1.000,0.963,0.925
0.082401,0.005895,-0.996582,5.93,0.904,0.923,1.000
0.073458,-0.560266,-0.825049,2.64,0.751,0.830,1.000
0.082443,-0.180681,-0.980080,6.52,0.739,0.823,1.000
0.074023,-0.539200,-0.838919,5.45,1.000,0.890,0.800
0.079785,-0.050525,-0.995531,6.42,0.904,0.923,1.000
0.040006,-0.917479,-0.395767,6.31,0.766,0.840,1.000
0.066814,0.394009,-0.916675,6.21,0.769,0.842,1.000
0.076424,-0.287788,-0.954640,6.21,0.748,0.828,1.000
0.076360,0.025736,-0.996748,4.91,1.000,0.841,0.714
0.030789,-0.960008,-0.278275,5.78,1.000,0.755,0.553
0.073827,-0.301210,-0.950696,6.15,1.000,0.806,0.648
0.067498,-0.550489,-0.832109,6.34,0.775,0.845,1.000
0.074034,-0.118337,-0.990210,6.02,0.968,0.959,1.000
0.071621,-0.380645,-0.921944,5.87,0.824,0.875,1.000
0.032805,0.830164,-0.556554,5.94,0.847,0.889,1.000
0.073405,-0.028149,-0.996905,6.31,1.000,0.791,0.621
0.039664,0.764093,-0.643885,5.47,0.797,0.859,1.000
0.066854,-0.508073,-0.858716,6.19,0.791,0.855,1.000
0.063629,-0.568817,-0.819999,5.29,0.772,0.844,1.000
0.046996,0.649544,-0.758870,6.58,0.880,0.909,1.000
0.068770,-0.318256,-0.945507,5.73,0.785,0.851,1.000
0.021762,0.889481,-0.456454,6.13,1.000,0.963,0.925
0.058508,0.353393,-0.933643,6.95,1.000,0.716,0.475
0.065106,0.069897,-0.995427,6.09,0.910,0.926,1.000
0.040994,0.675933,-0.735822,6.29,1.000,0.810,0.657
0.063562,-0.344092,-0.936782,6.34,1.000,0.968,0.934
0.055568,-0.634824,-0.770656,6.25,0.946,0.946,1.000
0.062706,-0.381420,-0.922273,6.15,1.000,0.886,0.793
0.062607,-0.381850,-0.922101,3.60,1.000,0.998,0.983
0.049558,-0.717313,-0.694987,6.39,0.899,0.920,1.000
0.055558,0.272658,-0.960506,6.00,0.769,0.842,1.000
0.060677,-0.074428,-0.995379,6.34,1.000,0.864,0.754
0.056477,0.165430,-0.984603,5.79,1.000,0.898,0.814
0.058496,0.020385,-0.998080,5.95,1.000,0.920,0.852
0.053962,0.250183,-0.966694,5.72,0.801,0.861,1.000
0.052188,0.304518,-0.951076,5.49,0.904,0.923,1.000
0.020598,-0.981026,-0.192780,6.05,0.781,0.849,1.000
0.022460,0.837899,-0.545363,6.54,1.000,0.963,0.925
0.052009,0.240223,-0.969323,5.29,0.736,0.821,1.000
0.011327,0.930234,-0.366791,6.20,1.000,0.884,0.789
0.036599,0.631774,-0.774288,4.52,1.000,0.886,0.793
0.051604,-0.534447,-0.843625,5.17,0.701,0.799,1.000
0.047382,0.356240,-0.933192,6.07,0.763,0.838,1.000
0.054996,-0.255816,-0.965160,3.55,0.821,0.873,1.000
0.051990,0.112408,-0.992301,5.27,0.871,0.903,1.000
0.053901,-0.279624,-0.958595,6.17,1.000,0.896,0.811
0.053831,-0.182803,-0.981675,6.03,0.843,0.886,1.000
0.043569,0.415765,-0.908428,4.86,1.000,0.872,0.768
0.024595,0.782768,-0.621827,6.29,1.000,0.864,0.754
0.052638,-0.167968,-0.984386,2.06,0.736,0.821,1.000
0.049457,-0.479292,-0.876261,6.22,0.742,0.825,1.000
0.017341,0.856845,-0.515282,6.14,0.775,0.845,1.000
0.049674,-0.071406,-0.996210,5.97,1.000,0.953,0.908
0.040581,-0.726541,-0.685923,5.31,1.000,0.866,0.758
0.044957,-0.583183,-0.811096,6.32,1.000,0.840,0.711
0.044481,0.219014,-0.974707,4.91,0.766,0.840,1.000
0.031089,0.606066,-0.794807,4.74,1.000,0.768,0.578
0.028790,0.631334,-0.774976,3.97,1.000,0.849,0.727
0.034797,0.468975,-0.882526,5.56,1.000,0.880,0.782
0.042788,0.171432,-0.984266,5.80,1.000,0.900,0.818
0.027283,-0.911658,-0.410042,4.35,0.863,0.898,1.000
0.040232,0.247093,-0.968156,5.52,1.000,0.872,0.768
0.039811,-0.651470,-0.757629,6.61,1.000,0.851,0.731
0.031667,0.531768,-0.846298,6.25,1.000,0.750,0.542
0.042541,0.077125,-0.996113,5.97,1.000,0.809,0.654
0.034847,-0.777875,-0.627453,3.85,0.847,0.889,1.000
0.043886,-0.250103,-0.967224,5.49,1.000,0.898,0.814
0.016472,-0.986197,-0.164757,5.65,1.000,0.963,0.925
0.032484,-0.812703,-0.581772,6.18,1.000,0.802,0.642
0.041414,0.035326,-0.998517,5.98,1.000,0.892,0.803
0.024688,0.637080,-0.770402,6.45,0.817,0.871,1.000
0.040595,-0.390276,-0.919803,5.87,0.807,0.865,1.000
0.011024,0.865049,-0.501566,5.20,0.794,0.857,1.000
0.026542,0.557999,-0.829417,5.98,1.000,0.771,0.584
0.012668,0.826167,-0.563283,4.99,0.804,0.863,1.000
0.031223,0.339855,-0.939959,6.06,1.000,0.979,0.951
0.037337,-0.130839,-0.990700,5.35,0.726,0.815,1.000
0.032244,-0.705566,-0.707910,6.38,1.000,0.824,0.682
0.032266,0.244828,-0.969030,5.59,0.772,0.844,1.000
0.025798,0.463485,-0.885729,4.58,0.781,0.849,1.000
0.035371,-0.356398,-0.933664,3.81,1.000,0.876,0.775
0.034244,-0.389544,-0.920371,6.17,1.000,0.870,0.765
0.032963,0.032370,-0.998932,4.78,1.000,0.806,0.648
0.027340,0.346922,-0.937495,6.71,0.766,0.840,1.000
0.033920,-0.157148,-0.986992,5.97,0.821,0.873,1.000
0.031996,-0.584509,-0.810756,3.12,1.000,0.843,0.717
0.004273,0.914226,-0.405181,6.25,1.000,0.809,0.654
0.024703,-0.830661,-0.556231,4.51,1.000,0.854,0.737
0.030422,-0.491643,-0.870265,6.45,1.000,0.790,0.618
0.025135,-0.796190,-0.604525,6.35,1.000,0.924,0.860
0.010144,0.785899,-0.618272,6.49,1.000,0.963,0.925
0.018622,0.525496,-0.850592,5.90,0.835,0.882,1.000
0.022993,0.346545,-0.937752,4.41,1.000,0.966,0.930
0.024774,0.183727,-0.982665,6.12,1.000,0.791,0.621
0.024415,-0.789179,-0.613677,5.17,1.000,0.876,0.775
0.023335,0.203855,-0.978723,6.59,0.797,0.859,1.000
0.024996,0.056262,-0.998103,6.31,1.000,0.820,0.676
0.020757,0.337912,-0.940949,5.92,0.736,0.821,1.000
0.025728,-0.610575,-0.791540,5.63,1.000,0.866,0.758
0.008349,0.755047,-0.655618,6.47,1.000,0.876,0.775
0.024591,-0.622867,-0.781941,6.70,1.000,0.858,0.744
0.024960,-0.556316,-0.830596,4.87,0.742,0.825,1.000
0.022968,0.016900,-0.999593,6.00,1.000,0.812,0.660
0.023595,-0.070869,-0.997207,6.57,0.733,0.819,1.000
0.011773,-0.995861,-0.090128,6.20,0.781,0.849,1.000
0.024832,-0.336082,-0.941505,6.69,0.821,0.873,1.000
0.020890,0.128916,-0.991435,0.50,1.000,0.736,0.515
0.015818,-0.954772,-0.296917,6.53,1.000,0.858,0.744
0.017112,0.344889,-0.938488,5.40,1.000,0.876,0.775
0.017295,-0.919829,-0.391938,5.11,0.745,0.826,1.000
0.022523,-0.204050,-0.978701,5.66,1.000,0.782,0.604
0.013122,0.483927,-0.875010,6.32,0.904,0.923,1.000
0.016692,0.240656,-0.970467,6.60,1.000,0.951,0.904
0.021967,-0.487064,-0.873090,6.36,0.946,0.946,1.000
0.021144,-0.680994,-0.731983,6.55,1.000,0.807,0.651
0.019548,-0.080484,-0.996564,5.87,1.000,0.840,0.711
0.019174,-0.083475,-0.996325,6.28,0.807,0.865,1.000
0.018128,-0.840151,-0.542049,5.94,1.000,0.948,0.900
0.016458,-0.899051,-0.437534,6.36,1.000,0.902,0.822
0.012193,0.410714,-0.911683,6.02,0.960,0.954,1.000
0.015205,0.165215,-0.986140,5.99,0.766,0.840,1.000
0.013574,0.199729,-0.979757,5.87,1.000,0.854,0.737
0.001206,0.811928,-0.583756,3.72,1.000,0.874,0.771
-0.005599,0.968522,-0.248866,6.40,1.000,0.963,0.925
0.000592,0.822351,-0.568980,6.44,0.910,0.926,1.000
0.000502,0.814594,-0.580032,6.14,1.000,0.836,0.705
0.001788,0.765196,-0.643795,5.89,1.000,0.831,0.695
0.017139,-0.642227,-0.766323,5.57,1.000,0.785,0.610
0.016203,-0.770090,-0.637730,6.52,1.000,0.894,0.807
0.007866,0.437648,-0.899112,4.82,0.769,0.842,1.000
0.015208,-0.244762,-0.969464,3.71,0.921,0.932,1.000
0.015126,-0.388164,-0.921466,5.96,1.000,0.852,0.734
0.015661,-0.603498,-0.797211,4.97,1.000,0.852,0.734
0.001457,0.706459,-0.707753,1.90,0.797,0.859,1.000
0.015021,-0.761843,-0.647588,6.10,0.748,0.828,1.000
0.013734,-0.394191,-0.918926,6.36,1.000,0.860,0.747
0.000197,0.718575,-0.695450,4.26,1.000,0.754,0.550
0.013602,-0.520749,-0.853602,5.50,1.000,0.963,0.925
0.009146,0.021369,-0.999730,6.22,1.000,0.790,0.618
0.013672,-0.794788,-0.606733,5.29,0.910,0.926,1.000
0.000967,0.604773,-0.796397,2.62,0.763,0.838,1.000
-0.000984,0.702053,-0.712124,6.22,1.000,0.963,0.925
0.007875,-0.017351,-0.999818,6.22,1.000,0.847,0.724
0.011782,-0.529566,-0.848187,6.44,1.000,0.860,0.747
0.004737,0.221695,-0.975105,5.70,1.000,0.896,0.811
0.006949,0.032055,-0.999462,5.90,0.863,0.898,1.000
-0.002857,0.741999,-0.670395,5.73,0.785,0.851,1.000
0.011647,-0.891719,-0.452440,4.65,1.000,0.864,0.754
0.005119,0.009652,-0.999940,5.22,0.791,0.855,1.000
0.010904,-0.902452,-0.430653,6.63,0.953,0.950,1.000
-0.004923,0.754245,-0.656575,5.96,1.000,0.794,0.627
0.008774,-0.577620,-0.816258,4.36,0.733,0.819,1.000
0.004233,-0.163020,-0.986614,6.12,0.899,0.920,1.000
0.003994,-0.166052,-0.986109,5.03,0.854,0.893,1.000
0.001621,-0.025208,-0.999681,6.63,0.766,0.840,1.000
-0.004374,0.515557,-0.856844,5.98,0.814,0.869,1.000
-0.003894,0.462866,-0.886420,6.05,0.880,0.909,1.000
-0.007901,0.764984,-0.644001,6.05,0.769,0.842,1.000
-0.000247,-0.053629,-0.998561,4.53,1.000,0.833,0.698
0.007176,-0.803089,-0.595816,6.45,1.000,0.790,0.618
-0.009176,0.686816,-0.726773,6.42,1.000,0.963,0.925
-0.006831,0.381084,-0.924515,6.37,0.766,0.840,1.000
0.004308,-0.695091,-0.718909,5.81,1.000,0.860,0.747
-0.001255,-0.223245,-0.974761,6.22,0.939,0.943,1.000
-0.010546,0.680870,-0.732328,6.10,1.000,0.880,0.782
0.002731,-0.679637,-0.733544,3.96,1.000,0.847,0.724
-0.011414,0.860680,-0.509018,6.34,1.000,0.854,0.737
-0.010723,0.539298,-0.842047,6.24,0.984,0.968,1.000
-0.012162,0.783404,-0.621393,6.45,0.850,0.891,1.000
-0.010252,0.167586,-0.985804,4.12,0.843,0.886,1.000
0.007829,-0.982811,-0.184448,5.47,0.763,0.838,1.000
-0.012973,0.894573,-0.446734,6.39,1.000,0.963,0.925
-0.009966,0.029569,-0.999513,6.59,0.772,0.844,1.000
-0.007891,-0.183918,-0.982910,4.95,0.751,0.830,1.000
-0.004801,-0.429215,-0.903189,6.05,0.794,0.857,1.000
-0.014193,0.336940,-0.941419,5.14,0.754,0.832,1.000
-0.004611,-0.557914,-0.829886,5.55,1.000,0.774,0.589
-0.016140,0.681764,-0.731394,5.87,0.904,0.923,1.000
-0.014577,0.202460,-0.979182,6.08,0.775,0.845,1.000
-0.016514,0.394958,-0.918551,4.16,1.000,0.911,0.837
-0.016058,0.344288,-0.938727,4.63,0.894,0.917,1.000
-0.010828,-0.250333,-0.968099,6.20,1.000,0.882,0.786
-0.017348,0.615169,-0.788205,6.34,1.000,0.963,0.925
-0.002241,-0.779517,-0.626377,5.67,0.859,0.896,1.000
-0.020229,0.553379,-0.832684,6.23,0.763,0.838,1.000
-0.012747,-0.442828,-0.896516,5.04,1.000,0.812,0.660
-0.021845,0.579103,-0.814961,6.12,1.000,0.963,0.925
-0.018308,-0.116830,-0.992983,5.21,0.769,0.842,1.000
-0.022489,0.622279,-0.782472,5.36,0.880,0.909,1.000
-0.021587,0.094456,-0.995295,5.67,1.000,0.866,0.758
-0.021641,0.072518,-0.997132,5.63,1.000,0.866,0.758
-0.024204,0.492613,-0.869912,6.08,1.000,0.753,0.547
-0.024203,0.667237,-0.744452,6.12,1.000,0.833,0.698
-0.020855,-0.283755,-0.958670,4.93,0.876,0.906,1.000
-0.016022,-0.532470,-0.846297,5.65,0.729,0.817,1.000
-0.023399,-0.177820,-0.983785,5.87,0.946,0.946,1.000
-0.004684,-0.866870,-0.498512,6.45,1.000,0.774,0.589
-0.022474,0.856590,-0.515508,5.36,1.000,0.856,0.741
-0.027577,0.656791,-0.753569,6.36,1.000,0.864,0.754
-0.028913,-0.073132,-0.996903,5.38,0.748,0.828,1.000
-0.025946,-0.257728,-0.965869,4.67,0.804,0.863,1.000
-0.022929,-0.409852,-0.911864,6.95,1.000,0.767,0.575
-0.013792,-0.707559,-0.706520,6.35,1.000,0.984,0.960
-0.014388,-0.708080,-0.705986,5.93,1.000,0.993,0.974
-0.031940,0.254911,-0.966437,4.42,0.736,0.821,1.000
-0.019361,-0.580896,-0.813747,5.80,0.794,0.857,1.000
-0.029382,-0.193783,-0.980604,6.66,0.742,0.825,1.000
-0.013835,-0.748477,-0.663017,6.58,1.000,0.934,0.876
-0.026216,-0.392507,-0.919376,5.47,0.814,0.869,1.000
-0.023072,-0.496347,-0.867818,5.81,0.804,0.863,1.000
-0.023048,0.911535,-0.410576,5.32,1.000,0.812,0.660
-0.028190,-0.371575,-0.927975,5.78,1.000,0.765,0.572
-0.037892,0.150743,-0.987846,6.55,0.766,0.840,1.000
-0.031702,-0.328303,-0.944040,5.31,1.000,0.760,0.561
-0.038532,0.377679,-0.925134,5.93,1.000,0.767,0.575
-0.025446,-0.563698,-0.825589,5.83,0.748,0.828,1.000
-0.021566,-0.672995,-0.739333,6.12,0.880,0.909,1.000
-0.031136,0.794915,-0.605921,6.30,0.835,0.882,1.000
-0.039049,0.392551,-0.918901,5.75,0.863,0.898,1.000
-0.039070,0.043610,-0.998284,5.73,0.811,0.867,1.000
-0.033407,0.751415,-0.658984,6.82,1.000,0.963,0.925
-0.033413,0.751392,-0.659009,6.09,0.821,0.873,1.000
-0.026136,-0.605336,-0.795541,5.02,0.754,0.832,1.000
-0.021657,-0.708234,-0.705646,6.51,1.000,0.843,0.717
-0.041682,-0.099513,-0.994163,6.17,0.927,0.936,1.000
-0.036149,-0.381514,-0.923656,5.50,0.785,0.851,1.000
-0.025490,-0.671124,-0.740907,5.50,0.788,0.853,1.000
-0.038713,-0.311110,-0.949585,6.35,0.778,0.847,1.000
-0.040407,-0.251802,-0.966935,5.56,1.000,0.843,0.717
-0.045721,0.311165,-0.949256,6.33,1.000,0.810,0.657
-0.045822,0.413427,-0.909384,5.80,1.000,0.852,0.734
-0.039408,-0.387100,-0.921195,5.71,1.000,0.978,1.000
-0.026751,-0.699116,-0.714508,6.27,0.742,0.825,1.000
-0.037607,0.779037,-0.625849,6.04,1.000,0.862,0.751
-0.045273,0.540142,-0.840355,5.78,1.000,0.763,0.567
-0.047990,0.372479,-0.926799,6.56,1.000,0.716,0.475
-0.048595,0.235797,-0.970587,6.04,0.788,0.853,1.000
-0.038137,-0.449332,-0.892550,6.27,1.000,0.872,0.768
-0.049334,0.338583,-0.939642,5.75,0.766,0.840,1.000
-0.010908,-0.913827,-0.405957,5.71,0.778,0.847,1.000
-0.047739,-0.117610,-0.991912,6.15,0.791,0.855,1.000
-0.014380,-0.884212,-0.466864,5.05,1.000,0.827,0.689
-0.049486,0.389258,-0.919799,6.39,1.000,0.716,0.475
-0.050506,0.277827,-0.959303,4.95,0.745,0.826,1.000
-0.050481,0.245458,-0.968092,4.48,0.733,0.819,1.000
-0.041048,-0.456386,-0.888834,5.72,1.000,0.860,0.747
-0.034175,0.866018,-0.498843,5.35,1.000,0.812,0.660
-0.050983,-0.081339,-0.995382,6.18,0.763,0.838,1.000
-0.033811,-0.647503,-0.761312,5.58,1.000,0.760,0.561
-0.026563,-0.761117,-0.648070,6.49,1.000,0.984,0.960
-0.051403,-0.114075,-0.992141,5.05,0.726,0.815,1.000
-0.043822,-0.445920,-0.893999,6.09,0.775,0.845,1.000
-0.056003,0.320287,-0.945664,6.58,0.763,0.838,1.000
-0.056619,0.184423,-0.981215,6.45,1.000,0.946,0.896
-0.029008,0.935566,-0.351959,4.80,0.797,0.859,1.000
-0.055507,-0.043697,-0.997502,6.62,0.804,0.863,1.000
-0.032731,-0.710578,-0.702857,6.31,0.778,0.847,1.000
-0.025785,-0.818838,-0.573446,4.81,0.717,0.809,1.000
-0.053043,-0.305081,-0.950848,6.52,0.736,0.821,1.000
-0.060067,0.307463,-0.949662,5.88,0.867,0.901,1.000
-0.037239,0.878944,-0.475468,4.98,1.000,0.739,0.520
-0.059926,0.382791,-0.921889,3.28,1.000,0.771,0.584
-0.055097,0.589882,-0.805608,6.92,1.000,0.984,1.000
-0.060506,-0.065253,-0.996033,5.83,1.000,0.886,0.793
-0.058359,0.492394,-0.868414,4.35,1.000,0.870,0.765
-0.061158,0.328148,-0.942645,5.20,1.000,0.978,1.000
-0.013755,-0.932597,-0.360657,5.06,0.763,0.838,1.000
-0.064100,0.239400,-0.968803,5.91,0.717,0.809,1.000
-0.064574,0.278037,-0.958398,5.30,0.745,0.826,1.000
-0.063510,-0.079648,-0.994798,5.83,0.736,0.821,1.000
-0.054841,-0.404534,-0.912877,6.39,1.000,0.934,0.876
-0.051500,-0.490845,-0.869724,6.54,0.757,0.834,1.000
-0.064384,-0.109296,-0.991922,3.98,1.000,0.815,0.667
-0.052819,0.724463,-0.687287,6.52,0.889,0.914,1.000
-0.067027,0.217310,-0.973799,5.33,0.781,0.849,1.000
-0.065000,0.406258,-0.911443,6.08,1.000,0.894,0.807
-0.067930,0.105676,-0.992078,6.07,0.748,0.828,1.000
-0.068621,0.074693,-0.994843,6.64,0.736,0.821,1.000
-0.067889,-0.008940,-0.997653,5.65,1.000,0.990,0.969
-0.067310,-0.085683,-0.994046,5.99,0.817,0.871,1.000
-0.068293,0.295398,-0.952930,6.39,1.000,0.774,0.589
-0.069307,0.020404,-0.997387,6.37,1.000,1.000,0.988
-0.066455,-0.157043,-0.985353,6.10,0.763,0.838,1.000
-0.044031,0.857265,-0.512990,4.48,0.791,0.855,1.000
-0.054992,0.723697,-0.687923,6.38,1.000,0.852,0.734
-0.067751,0.402600,-0.912865,6.25,1.000,0.984,1.000
-0.070048,0.212557,-0.974635,5.04,0.984,0.968,1.000
-0.061924,-0.346481,-0.936011,5.91,1.000,0.815,0.667
-0.063236,-0.316918,-0.946342,5.99,1.000,0.862,0.751
-0.066702,-0.237149,-0.969181,5.01,0.763,0.838,1.000
-0.020278,-0.910608,-0.412774,5.01,1.000,0.768,0.578
-0.071282,0.018853,-0.997278,6.63,0.772,0.844,1.000
-0.073467,0.172660,-0.982238,5.39,0.821,0.873,1.000
-0.073433,0.122788,-0.989712,6.57,0.751,0.830,1.000
-0.067378,-0.285986,-0.955862,5.92,0.736,0.821,1.000
-0.074231,0.242910,-0.967205,6.59,0.778,0.847,1.000
-0.074978,0.088899,-0.993215,5.71,1.000,0.961,0.921
-0.060363,-0.496797,-0.865765,6.67,1.000,0.779,0.598
-0.076393,0.248399,-0.965641,6.16,0.791,0.855,1.000
-0.068595,-0.386148,-0.919883,6.07,1.000,0.974,0.943
-0.075322,-0.186100,-0.979639,6.75,0.933,0.939,1.000
-0.059006,-0.575584,-0.815611,4.37,1.000,0.874,0.771
-0.048962,0.860495,-0.507100,5.94,1.000,0.963,0.925
-0.079176,0.297791,-0.951342,6.32,0.766,0.840,1.000
-0.080382,0.157248,-0.984282,6.24,1.000,0.900,0.818
-0.073834,-0.289296,-0.954388,5.14,1.000,0.819,0.673
-0.011746,-0.964801,-0.262717,5.09,1.000,0.934,0.876
-0.056007,-0.632901,-0.772205,6.00,0.843,0.886,1.000
-0.058676,-0.612045,-0.788643,5.53,1.000,0.847,0.724
-0.056476,0.803361,-0.592809,5.36,0.993,0.973,1.000
-0.059536,-0.605336,-0.793740,5.87,0.835,0.882,1.000
-0.074676,-0.341478,-0.936918,5.52,0.733,0.819,1.000
-0.081026,-0.163159,-0.983267,5.36,1.000,0.829,0.692
-0.079193,-0.259236,-0.962562,6.06,1.000,0.763,0.567
-0.084616,0.252933,-0.963777,5.69,1.000,0.770,0.581
-0.082446,-0.149300,-0.985349,6.22,0.775,0.845,1.000
-0.077279,-0.357164,-0.930839,5.81,0.742,0.825,1.000
-0.080369,0.493048,-0.866282,6.43,0.807,0.865,1.000
-0.085110,-0.136114,-0.987030,5.27,0.729,0.817,1.000
-0.036391,-0.859082,-0.510543,6.43,1.000,0.966,0.930
-0.087012,-0.051368,-0.994882,4.90,1.000,0.771,0.584
-0.089036,0.203751,-0.974966,6.54,0.757,0.834,1.000
-0.088925,0.305091,-0.948162,6.35,1.000,0.963,0.925
-0.047145,-0.795823,-0.603691,6.41,1.000,0.793,0.624
-0.070780,-0.564919,-0.822105,5.78,0.763,0.838,1.000
-0.093297,0.039584,-0.994851,6.31,0.876,0.906,1.000
-0.052219,-0.770059,-0.635832,7.04,1.000,0.909,0.833
-0.076610,-0.500957,-0.862075,3.02,0.729,0.817,1.000
-0.020667,-0.949441,-0.313265,6.64,1.000,0.974,0.943
-0.091328,-0.204040,-0.974693,5.64,0.781,0.849,1.000
-0.040961,0.942848,-0.330695,5.97,1.000,0.963,0.925
-0.092392,0.382903,-0.919157,2.88,1.000,0.765,0.572
-0.096127,0.217632,-0.971286,6.00,1.000,0.963,0.925
-0.074309,-0.561273,-0.824288,5.53,0.729,0.817,1.000
-0.070721,0.757998,-0.648411,4.91,1.000,0.720,0.483
-0.057767,-0.751738,-0.656927,6.60,1.000,0.948,0.900
-0.063869,0.831809,-0.551375,5.64,0.876,0.906,1.000
-0.101308,0.065655,-0.992686,6.40,0.742,0.825,1.000
-0.061138,0.851884,-0.520149,5.21,1.000,0.782,0.604
-0.094069,-0.308284,-0.946632,1.98,0.717,0.809,1.000
-0.101490,-0.081716,-0.991475,6.67,0.807,0.865,1.000
-0.080394,-0.551011,-0.830617,3.85,1.000,0.898,0.814
-0.094094,0.495568,-0.863457,6.71,0.769,0.842,1.000
-0.103191,0.080073,-0.991433,4.44,0.850,0.891,1.000
-0.103219,0.080122,-0.991426,6.72,1.000,0.984,1.000
-0.103439,0.154447,-0.982571,6.26,0.763,0.838,1.000
-0.101270,-0.171490,-0.979967,6.19,1.000,0.737,0.517
-0.104126,0.276593,-0.955329,6.33,1.000,0.858,0.744
-0.099955,-0.260027,-0.960414,6.24,1.000,0.782,0.604
-0.102152,0.395977,-0.912561,6.06,0.778,0.847,1.000
-0.103149,-0.199886,-0.974375,5.22,1.000,0.829,0.692
-0.097514,-0.338496,-0.935901,6.60,0.742,0.825,1.000
-0.086044,-0.526807,-0.845618,6.34,1.000,0.896,0.811
-0.107257,0.254128,-0.961205,6.24,1.000,0.716,0.475
-0.103310,-0.224313,-0.969026,6.12,0.763,0.838,1.000
-0.108975,0.123356,-0.986361,5.98,1.000,0.833,0.698
-0.094017,-0.431736,-0.897087,5.63,1.000,0.777,0.595
-0.110159,0.026196,-0.993569,6.66,0.775,0.845,1.000
-0.110037,-0.016512,-0.993790,5.87,1.000,0.974,0.943
-0.082047,0.736159,-0.671817,6.56,0.775,0.845,1.000
-0.112147,0.039647,-0.992900,6.51,0.778,0.847,1.000
-0.083858,-0.597734,-0.797297,5.62,1.000,0.866,0.758
-0.112013,-0.067827,-0.991389,6.35,1.000,0.870,0.765
-0.094399,-0.481448,-0.871376,6.39,1.000,0.958,0.917
-0.101221,0.538227,-0.836699,6.43,1.000,0.826,0.685
-0.055319,-0.832631,-0.551058,5.61,0.876,0.906,1.000
-0.112045,-0.137344,-0.984166,6.40,0.835,0.882,1.000
-0.063104,-0.789953,-0.609912,5.98,1.000,0.866,0.758
-0.082194,-0.646579,-0.758406,6.31,0.772,0.844,1.000
-0.116024,-0.026303,-0.992898,5.87,0.814,0.869,1.000
-0.115323,-0.080151,-0.990089,6.15,0.745,0.826,1.000
-0.063222,-0.795429,-0.602740,-0.72,0.839,0.884,1.000
-0.117431,0.014675,-0.992973,6.71,0.801,0.861,1.000
-0.115448,-0.130723,-0.984674,6.27,0.775,0.845,1.000
-0.090878,-0.574489,-0.813451,6.25,1.000,0.809,0.654
-0.113925,0.350144,-0.929742,6.22,0.791,0.855,1.000
-0.070648,0.849550,-0.522755,5.88,1.000,0.886,0.793
-0.107134,0.507434,-0.855005,5.55,1.000,0.943,0.892
-0.118857,0.050733,-0.991614,5.55,1.000,0.866,0.758
-0.118532,0.005221,-0.992936,5.20,1.000,0.840,0.711
-0.118663,-0.004819,-0.992923,5.55,1.000,0.806,0.648
-0.054053,-0.853040,-0.519038,6.48,0.828,0.878,1.000
-0.044459,-0.896355,-0.441101,6.27,1.000,0.771,0.584
-0.089690,0.727600,-0.680113,5.90,1.000,0.796,0.630
-0.112258,0.453489,-0.884164,6.47,1.000,0.963,0.925
-0.118948,0.279634,-0.952710,6.23,1.000,0.894,0.807
-0.065295,-0.796597,-0.600974,6.51,1.000,0.757,0.556
-0.121239,0.178869,-0.976374,6.15,1.000,0.845,0.721
-0.118279,0.345498,-0.930936,4.15,0.748,0.828,1.000
-0.121276,-0.083021,-0.989141,5.06,0.736,0.821,1.000
-0.052311,-0.868468,-0.492977,5.80,0.788,0.853,1.000
-0.031566,0.983570,-0.177748,6.54,1.000,0.963,0.925
-0.123013,0.033368,-0.991844,6.48,0.766,0.840,1.000
-0.074697,-0.745211,-0.662632,5.76,0.769,0.842,1.000
-0.106498,-0.436121,-0.893564,6.07,1.000,0.982,0.956
-0.026471,0.990546,-0.134602,6.65,0.847,0.889,1.000
-0.123872,0.191142,-0.973715,6.59,1.000,0.963,0.925
-0.033752,-0.939598,-0.340612,5.56,1.000,0.785,0.610
-0.093180,-0.614224,-0.783611,6.48,0.960,0.954,1.000
-0.047607,-0.894380,-0.444768,6.46,1.000,0.948,0.900
-0.127138,0.046167,-0.990810,6.16,1.000,0.780,0.601
-0.124462,-0.122437,-0.984641,4.60,0.757,0.834,1.000
-0.124497,-0.122466,-0.984633,5.40,0.766,0.840,1.000
-0.124497,-0.122466,-0.984633,5.60,1.000,0.963,0.925
-0.118818,-0.300142,-0.946466,5.77,1.000,0.851,0.731
-0.047878,-0.897472,-0.438465,6.27,0.748,0.828,1.000
-0.103306,-0.538477,-0.836284,4.48,0.736,0.821,1.000
-0.129300,0.156937,-0.979108,6.57,0.835,0.882,1.000
-0.036545,0.978132,-0.204747,5.73,1.000,0.791,0.621
-0.105320,-0.535401,-0.838006,5.74,0.736,0.821,1.000
-0.046233,0.959784,-0.276908,6.24,0.953,0.950,1.000
-0.129697,0.291347,-0.947785,6.20,1.000,0.843,0.717
-0.129313,-0.175047,-0.976031,5.93,1.000,0.806,0.648
-0.094173,-0.657039,-0.747951,6.32,0.968,0.959,1.000
-0.062435,-0.848069,-0.526195,5.82,1.000,0.822,0.679
-0.132931,0.195105,-0.971732,6.14,0.763,0.838,1.000
-0.132281,0.274015,-0.952585,6.40,1.000,0.963,0.925
-0.119089,0.536633,-0.835370,5.87,0.835,0.882,1.000
-0.129540,-0.227468,-0.965131,6.16,0.742,0.825,1.000
-0.134769,0.204363,-0.969574,6.65,0.751,0.830,1.000
-0.135532,0.200128,-0.970350,5.23,0.839,0.884,1.000
-0.085373,0.822671,-0.562071,6.45,1.000,0.963,0.925
-0.038505,-0.937830,-0.344952,5.38,1.000,0.880,0.782
-0.137937,0.202336,-0.969553,6.03,1.000,0.860,0.747
-0.133328,-0.214593,-0.967561,5.15,1.000,0.824,0.682
-0.118447,-0.465915,-0.876866,5.93,0.742,0.825,1.000
-0.137059,-0.141904,-0.980346,5.43,1.000,0.806,0.648
-0.140051,0.084649,-0.986519,5.84,1.000,0.876,0.775
-0.122886,0.544993,-0.829386,6.42,0.797,0.859,1.000
-0.082980,-0.768721,-0.634179,5.27,0.976,0.963,1.000
-0.141905,0.127637,-0.981617,4.50,0.788,0.853,1.000
-0.140098,-0.102252,-0.984844,5.60,0.880,0.909,1.000
-0.127134,-0.397442,-0.908778,4.33,0.714,0.807,1.000
-0.110877,-0.577276,-0.808986,5.84,1.000,0.913,0.841
-0.070129,-0.837268,-0.542276,5.22,1.000,0.856,0.741
-0.101891,-0.654957,-0.748765,6.20,1.000,0.802,0.642
-0.141654,0.244551,-0.959234,5.53,1.000,0.852,0.734
-0.139851,-0.193659,-0.971050,6.24,1.000,0.852,0.734
-0.109797,-0.600978,-0.791688,6.34,1.000,0.767,0.575
-0.078165,0.878660,-0.471007,5.94,1.000,0.896,0.811
-0.146187,-0.021296,-0.989028,5.10,0.745,0.826,1.000
-0.055106,0.949693,-0.308296,5.92,1.000,0.838,0.708
-0.120367,-0.530371,-0.839177,5.69,0.736,0.821,1.000
-0.135057,0.469814,-0.872373,5.27,0.778,0.847,1.000
-0.111336,-0.611481,-0.783387,5.24,1.000,0.874,0.771
-0.084160,-0.786139,-0.612293,5.60,1.000,0.979,0.951
-0.036292,0.983460,-0.177451,5.45,1.000,0.990,0.969
-0.089392,0.837313,-0.539366,5.85,1.000,0.963,0.925
-0.135818,-0.357127,-0.924128,6.40,1.000,0.909,0.833
-0.149828,0.131781,-0.979891,6.45,0.781,0.849,1.000
-0.124370,0.621767,-0.773264,5.29,1.000,0.716,0.475
-0.151063,0.173448,-0.973188,5.88,1.000,0.785,0.610
-0.112682,-0.624224,-0.773076,6.44,1.000,0.874,0.771
-0.054076,-0.910455,-0.410057,6.29,0.921,0.932,1.000
-0.153240,0.015533,-0.988067,5.80,0.788,0.853,1.000
-0.063918,-0.881960,-0.466970,6.15,0.742,0.825,1.000
-0.118618,-0.591059,-0.797859,5.42,1.000,0.796,0.630
-0.072131,-0.854950,-0.513671,5.70,0.769,0.842,1.000
-0.155953,0.078416,-0.984647,6.55,0.769,0.842,1.000
-0.140292,-0.390164,-0.909995,4.54,0.772,0.844,1.000
-0.126496,-0.540481,-0.831793,5.62,0.763,0.838,1.000
-0.088840,-0.791532,-0.604636,6.19,1.000,0.856,0.741
-0.147939,0.416135,-0.897188,6.44,0.821,0.873,1.000
-0.158312,-0.090826,-0.983203,5.52,0.763,0.838,1.000
-0.129744,0.634607,-0.761867,5.69,1.000,0.810,0.657
-0.129320,0.641483,-0.756158,5.20,0.766,0.840,1.000
-0.157143,0.282328,-0.946360,1.93,0.788,0.853,1.000
-0.161542,0.106876,-0.981062,6.06,0.804,0.863,1.000
-0.149763,-0.319952,-0.935522,5.70,1.000,0.905,0.826
-0.123229,-0.598744,-0.791404,5.59,0.745,0.826,1.000
-0.145819,0.484568,-0.862514,5.79,0.788,0.853,1.000
-0.160468,0.188291,-0.968915,6.38,1.000,0.963,0.925
-0.125931,0.675447,-0.726576,4.79,1.000,0.831,0.695
-0.155489,-0.230404,-0.960592,5.97,1.000,0.777,0.595
-0.150462,-0.329787,-0.931988,3.95,1.000,0.862,0.751
-0.163452,0.047179,-0.985422,6.17,1.000,0.858,0.744
-0.126067,-0.589040,-0.798210,6.35,1.000,0.995,0.979
-0.163909,0.086412,-0.982684,6.15,0.835,0.882,1.000
-0.147117,-0.384537,-0.911311,6.35,0.754,0.832,1.000
-0.124780,0.694833,-0.708264,6.41,1.000,0.963,0.925
-0.091541,-0.798379,-0.595157,4.39,0.781,0.849,1.000
-0.157336,0.375105,-0.913532,6.04,1.000,0.868,0.761
-0.159492,-0.224696,-0.961288,6.12,1.000,0.874,0.771
-0.151249,0.473520,-0.867699,6.03,0.763,0.838,1.000
-0.156025,0.416281,-0.895749,6.38,1.000,0.982,0.956
-0.166354,-0.044380,-0.985067,6.14,1.000,0.790,0.618
-0.168030,0.081948,-0.982370,6.57,0.766,0.840,1.000
-0.167713,0.028159,-0.985434,6.21,0.839,0.884,1.000
-0.156307,-0.312957,-0.936817,4.43,1.000,0.845,0.721
-0.126520,-0.617677,-0.776188,6.04,1.000,0.868,0.761
-0.119816,-0.663364,-0.738642,6.34,1.000,0.845,0.721
-0.129182,-0.601683,-0.788219,5.71,0.751,0.830,1.000
-0.138696,-0.534938,-0.833429,5.27,1.000,0.840,0.711
-0.160371,-0.290261,-0.943414,6.03,0.797,0.859,1.000
-0.168344,0.224663,-0.959785,5.97,0.807,0.865,1.000
-0.165375,-0.244391,-0.955471,4.82,1.000,0.786,0.613
-0.119574,-0.684498,-0.719142,3.17,0.754,0.832,1.000
-0.146267,0.586824,-0.796394,6.46,1.000,0.993,0.974
-0.158152,0.472495,-0.867027,6.42,1.000,0.856,0.741
-0.174838,0.110977,-0.978323,6.51,0.745,0.826,1.000
-0.157454,-0.401877,-0.902055,6.05,0.778,0.847,1.000
-0.175205,0.171853,-0.969417,4.66,0.711,0.805,1.000
-0.172202,0.282300,-0.943744,6.28,0.785,0.851,1.000
-0.175880,0.190866,-0.965731,6.11,1.000,0.760,0.561
-0.133237,0.701213,-0.700391,5.02,1.000,0.790,0.618
-0.148598,-0.507091,-0.848986,5.71,1.000,0.847,0.724
-0.178323,0.008644,-0.983934,5.79,0.757,0.834,1.000
-0.111762,-0.745712,-0.656828,4.93,1.000,0.900,0.818
-0.114537,0.801738,-0.586598,6.27,1.000,0.858,0.744
-0.149462,0.603861,-0.782951,6.19,1.000,0.868,0.761
-0.136365,-0.617844,-0.774386,6.58,1.000,0.840,0.711
-0.175317,0.303123,-0.936686,5.21,0.807,0.865,1.000
-0.181069,0.110515,-0.977241,6.37,0.772,0.844,1.000
-0.078691,-0.879092,-0.470111,6.18,1.000,0.958,0.917
-0.179654,-0.159316,-0.970743,5.19,1.000,0.782,0.604
-0.101873,0.861112,-0.498105,4.87,0.814,0.869,1.000
-0.154879,0.589333,-0.792905,6.31,0.807,0.865,1.000
-0.172482,0.424691,-0.888756,2.98,1.000,0.802,0.642
-0.186726,0.052917,-0.980986,6.19,1.000,0.807,0.651
-0.136381,-0.647451,-0.749805,6.12,0.745,0.826,1.000
-0.119301,-0.739334,-0.662686,6.65,1.000,0.774,0.589
-0.110001,0.840275,-0.530884,5.35,1.000,0.882,0.786
-0.185698,0.228823,-0.955592,4.49,1.000,0.843,0.717
-0.188843,0.068576,-0.979610,5.90,0.781,0.849,1.000
-0.169773,0.484364,-0.858236,5.44,1.000,0.794,0.627
-0.171451,-0.381864,-0.908177,6.13,0.927,0.936,1.000
-0.143738,-0.621129,-0.770414,6.29,0.927,0.936,1.000
-0.146717,0.689335,-0.709430,5.25,1.000,0.974,0.943
-0.191379,0.223175,-0.955807,3.36,0.993,0.973,1.000
-0.117667,0.826142,-0.551039,6.33,1.000,0.963,0.925
-0.117643,0.826142,-0.551044,6.28,1.000,0.998,0.983
-0.136022,0.752294,-0.644634,5.22,1.000,0.851,0.731
-0.145849,-0.631939,-0.761171,6.30,0.885,0.911,1.000
-0.194092,0.219737,-0.956056,6.46,1.000,0.963,0.925
-0.084123,0.924359,-0.372133,5.14,0.736,0.821,1.000
-0.187454,-0.287630,-0.939218,-1.46,0.788,0.853,1.000
-0.165170,-0.516093,-0.840456,5.20,0.751,0.830,1.000
-0.172783,-0.459291,-0.871319,6.45,1.000,0.979,0.951
-0.199415,0.149315,-0.968472,5.93,0.736,0.821,1.000
-0.180485,-0.398140,-0.899394,6.05,1.000,0.836,0.705
-0.168094,-0.508833,-0.844295,6.54,0.754,0.832,1.000
-0.192709,-0.255380,-0.947441,5.32,0.811,0.867,1.000
-0.195051,0.312224,-0.929769,6.20,0.811,0.867,1.000
-0.167199,-0.526861,-0.833344,5.92,1.000,0.995,0.979
-0.169229,-0.514273,-0.840764,5.80,0.729,0.817,1.000
-0.199009,-0.175491,-0.964157,5.66,0.772,0.844,1.000
-0.203037,0.139816,-0.969137,4.77,1.000,0.802,0.642
-0.196607,-0.249127,-0.948305,5.29,0.775,0.845,1.000
-0.055601,-0.949839,-0.307758,6.51,1.000,0.852,0.734
-0.207130,0.042089,-0.977408,4.47,1.000,0.852,0.734
-0.153930,-0.636617,-0.755662,6.62,0.748,0.828,1.000
-0.203744,-0.156406,-0.966450,5.07,1.000,0.743,0.528
-0.190196,-0.358621,-0.913902,6.08,0.729,0.817,1.000
-0.158265,-0.612570,-0.774410,6.21,0.748,0.828,1.000
-0.083630,0.932880,-0.350343,5.12,0.748,0.828,1.000
-0.181208,0.538869,-0.822669,5.71,1.000,0.820,0.676
-0.120710,-0.790167,-0.600887,6.57,1.000,0.858,0.744
-0.209208,-0.023022,-0.977600,5.75,0.894,0.917,1.000
-0.121342,-0.792396,-0.597816,5.80,1.000,0.782,0.604
-0.163827,0.666290,-0.727474,5.02,1.000,0.824,0.682
-0.212408,0.017486,-0.977025,6.15,0.748,0.828,1.000
-0.161827,-0.614694,-0.771986,5.26,0.763,0.838,1.000
-0.207147,0.279038,-0.937672,5.85,0.748,0.828,1.000
-0.116689,0.861174,-0.494736,5.33,1.000,0.951,0.904
-0.213175,-0.039643,-0.976209,5.74,0.757,0.834,1.000
-0.204658,-0.261258,-0.943324,5.39,0.757,0.834,1.000
-0.127099,-0.780057,-0.612663,5.40,1.000,0.812,0.660
-0.116930,-0.816084,-0.565980,6.46,1.000,0.902,0.822
-0.212296,0.231974,-0.949272,5.65,1.000,0.812,0.660
-0.115980,-0.824521,-0.553817,5.61,1.000,0.783,0.607
-0.058384,0.974282,-0.217639,4.55,1.000,0.809,0.654
-0.196573,-0.407945,-0.891594,6.33,0.801,0.861,1.000
-0.207143,0.370738,-0.905343,5.27,0.781,0.849,1.000
-0.219971,-0.009439,-0.975461,5.77,0.960,0.954,1.000
-0.054930,-0.956905,-0.285158,6.37,1.000,0.882,0.786
-0.162904,0.705123,-0.690119,6.26,0.863,0.898,1.000
-0.206134,0.400376,-0.892865,5.65,1.000,0.794,0.627
-0.217284,-0.139884,-0.966033,6.29,0.788,0.853,1.000
-0.208375,-0.293772,-0.932887,5.79,1.000,0.796,0.630
-0.065241,-0.942256,-0.328478,6.11,1.000,0.814,0.664
-0.192652,-0.459175,-0.867204,7.04,0.733,0.819,1.000
-0.181957,-0.537426,-0.823447,3.96,0.717,0.809,1.000
-0.178534,0.627544,-0.757835,6.12,0.946,0.946,1.000
-0.189357,0.558630,-0.807512,3.60,0.821,0.873,1.000
-0.180271,0.621668,-0.762254,6.30,1.000,0.993,0.974
-0.186118,0.584796,-0.789540,6.01,1.000,0.794,0.627
-0.223169,0.053062,-0.973334,6.38,0.801,0.861,1.000
-0.197259,-0.434886,-0.878614,6.33,0.733,0.819,1.000
-0.185544,-0.525562,-0.830276,5.70,0.835,0.882,1.000
-0.151730,-0.712639,-0.684927,6.55,1.000,0.785,0.610
-0.182518,0.622583,-0.760972,6.48,0.772,0.844,1.000
-0.148409,-0.726751,-0.670677,5.14,1.000,0.984,1.000
-0.181727,-0.564495,-0.805184,4.99,1.000,0.806,0.648
-0.098178,-0.882467,-0.460014,3.27,0.863,0.898,1.000
-0.226011,0.145742,-0.963161,5.77,0.885,0.911,1.000
-0.225599,-0.092651,-0.969805,6.30,1.000,0.876,0.775
-0.137167,-0.772897,-0.619529,2.93,1.000,0.836,0.705
-0.128005,-0.805124,-0.579129,4.40,1.000,0.890,0.800
-0.226555,0.190747,-0.955138,6.24,1.000,0.880,0.782
-0.166376,0.717232,-0.676682,6.34,1.000,0.886,0.793
-0.171984,0.693528,-0.699601,6.13,0.915,0.929,1.000
-0.180444,-0.591032,-0.786207,5.96,0.850,0.891,1.000
-0.027753,-0.987174,-0.157216,5.64,0.859,0.896,1.000
-0.129507,0.851933,-0.507384,4.35,1.000,0.905,0.826
-0.132527,0.843985,-0.519737,6.05,1.000,0.788,0.615
-0.107442,-0.868192,-0.484458,6.11,1.000,1.000,0.988
-0.148384,-0.746551,-0.648571,6.42,1.000,0.834,0.701
-0.229962,0.227973,-0.946121,4.65,0.904,0.923,1.000
-0.217928,-0.326109,-0.919870,5.64,0.894,0.917,1.000
-0.218253,-0.324468,-0.920373,6.14,0.839,0.884,1.000
-0.204302,-0.453329,-0.867613,6.40,1.000,0.782,0.604
-0.168793,0.722656,-0.670282,5.87,0.769,0.842,1.000
-0.215940,0.428550,-0.877334,5.73,1.000,0.971,0.938
-0.232826,-0.101968,-0.967158,6.41,0.847,0.889,1.000
-0.217254,-0.345694,-0.912851,4.83,0.723,0.813,1.000
-0.235139,-0.019668,-0.971763,5.45,0.850,0.891,1.000
-0.168607,0.727833,-0.664704,5.86,1.000,0.858,0.744
-0.229100,-0.208571,-0.950795,4.07,1.000,0.797,0.633
-0.167913,-0.675647,-0.717848,6.52,0.984,0.968,1.000
-0.203457,-0.477768,-0.854601,6.04,1.000,0.936,0.880
-0.236310,-0.030650,-0.971194,6.21,1.000,0.974,0.943
-0.212058,-0.415315,-0.884616,6.21,0.791,0.855,1.000
-0.164283,-0.694355,-0.700630,6.46,0.757,0.834,1.000
-0.213467,-0.409667,-0.886908,3.87,1.000,0.753,0.547
-0.086963,0.944423,-0.317023,5.68,1.000,0.814,0.664
-0.237317,-0.048913,-0.970200,6.04,1.000,0.854,0.737
-0.214222,-0.405594,-0.888596,6.91,0.701,0.799,1.000
-0.237599,0.144783,-0.960513,6.29,0.801,0.861,1.000
-0.175616,0.708268,-0.683751,4.90,0.797,0.859,1.000
-0.204863,0.554570,-0.806525,5.89,1.000,0.898,0.814
-0.133885,-0.809939,-0.571028,6.57,1.000,0.858,0.744
-0.222951,-0.348649,-0.910350,5.74,0.814,0.869,1.000
-0.240071,0.172899,-0.955234,5.92,0.763,0.838,1.000
-0.225637,-0.344256,-0.911359,4.68,0.946,0.946,1.000
-0.173878,-0.673858,-0.718110,6.32,1.000,0.716,0.475
-0.116348,-0.860218,-0.496475,6.41,0.850,0.891,1.000
-0.235143,-0.242660,-0.941182,5.00,1.000,0.840,0.711
-0.148241,-0.772863,-0.617015,6.26,1.000,0.876,0.775
-0.221929,-0.389789,-0.893763,5.30,0.733,0.819,1.000
-0.231837,-0.293276,-0.927492,4.37,0.766,0.840,1.000
-0.242629,0.206332,-0.947923,6.27,0.927,0.936,1.000
-0.205318,-0.526807,-0.824814,6.36,1.000,0.963,0.925
-0.243657,-0.142264,-0.959371,6.34,1.000,0.953,0.908
-0.200641,0.616379,-0.761459,6.00,1.000,0.831,0.695
-0.227881,0.439643,-0.868783,6.10,1.000,1.000,0.988
-0.072610,-0.945310,-0.317989,5.40,0.754,0.832,1.000
-0.228866,-0.377895,-0.897115,6.61,0.729,0.817,1.000
-0.199969,-0.578451,-0.790827,6.29,1.000,0.820,0.676
-0.230766,0.437024,-0.869343,6.40,0.754,0.832,1.000
-0.250888,0.132636,-0.958886,6.27,0.824,0.875,1.000
-0.225928,-0.416766,-0.880490,5.46,0.939,0.943,1.000
-0.160347,-0.751507,-0.639942,4.95,1.000,0.758,0.558
-0.022075,0.998648,-0.047068,5.07,1.000,0.767,0.575
-0.253888,0.062829,-0.965191,5.97,1.000,0.862,0.751
-0.220915,-0.462329,-0.858748,6.23,0.745,0.826,1.000
-0.201388,-0.580810,-0.788735,6.23,1.000,1.000,0.988
-0.253930,0.127358,-0.958801,6.35,0.754,0.832,1.000
-0.223239,-0.456550,-0.861235,6.37,0.729,0.817,1.000
-0.249761,0.276961,-0.927854,5.68,1.000,0.763,0.567
-0.228433,-0.429154,-0.873868,5.59,0.739,0.823,1.000
-0.093533,0.943985,-0.316455,6.50,1.000,0.963,0.925
-0.221355,-0.484386,-0.846388,1.50,0.723,0.813,1.000
-0.208764,-0.560808,-0.801194,5.06,0.739,0.823,1.000
-0.223068,0.536040,-0.814188,6.59,0.889,0.914,1.000
-0.217265,-0.515005,-0.829196,6.42,0.745,0.826,1.000
-0.258943,-0.093534,-0.961353,6.30,1.000,0.971,0.938
-0.239286,-0.368179,-0.898436,6.26,0.742,0.825,1.000
-0.257684,-0.146203,-0.955104,5.96,0.763,0.838,1.000
-0.243498,-0.344625,-0.906610,6.31,0.742,0.825,1.000
-0.176708,-0.716522,-0.674812,6.22,0.788,0.853,1.000
-0.258211,-0.159934,-0.952758,6.49,0.863,0.898,1.000
-0.241026,-0.376539,-0.894497,6.53,0.736,0.821,1.000
-0.264995,0.083992,-0.960585,6.63,0.807,0.865,1.000
-0.245309,0.410166,-0.878400,5.18,1.000,0.886,0.793
-0.256210,0.304957,-0.917256,5.94,1.000,0.767,0.575
-0.258898,0.264481,-0.928990,5.74,1.000,0.963,0.925
-0.265633,0.096845,-0.959198,6.59,0.781,0.849,1.000
-0.142559,-0.826388,-0.544757,6.27,1.000,0.843,0.717
-0.258250,0.286929,-0.922485,5.82,1.000,0.760,0.561
-0.266667,-0.023482,-0.963503,6.17,1.000,0.822,0.679
-0.230106,-0.476997,-0.848248,6.27,1.000,0.984,1.000
-0.139988,-0.832870,-0.535472,6.45,0.960,0.954,1.000
-0.265656,-0.099706,-0.958898,5.20,1.000,0.760,0.561
-0.238342,-0.426021,-0.872754,5.63,0.736,0.821,1.000
-0.218829,-0.551432,-0.805008,6.40,1.000,0.864,0.754
-0.142903,0.864292,-0.482264,6.44,1.000,0.963,0.925
-0.238483,0.489949,-0.838496,5.93,1.000,0.963,0.925
-0.171028,0.796087,-0.580512,6.12,0.824,0.875,1.000
-0.188480,0.740511,-0.645072,6.38,0.775,0.845,1.000
-0.235054,-0.468465,-0.851640,3.47,1.000,0.753,0.547
-0.269232,0.158819,-0.949890,5.97,0.828,0.878,1.000
-0.270335,-0.073920,-0.959924,4.99,0.726,0.815,1.000
-0.269107,0.189981,-0.944187,5.13,1.000,0.804,0.645
-0.258489,0.351356,-0.899851,3.79,1.000,0.918,0.848
-0.268432,0.218049,-0.938296,5.98,1.000,0.774,0.589
-0.163719,-0.781548,-0.601980,5.14,1.000,0.770,0.581
-0.248389,-0.404078,-0.880355,3.02,0.763,0.838,1.000
-0.276956,0.025973,-0.960532,6.57,0.791,0.855,1.000
-0.274810,-0.092781,-0.957011,5.62,1.000,0.820,0.676
-0.271160,-0.175782,-0.946347,6.45,0.763,0.838,1.000
-0.264464,-0.269480,-0.925980,4.12,0.751,0.830,1.000
-0.194949,-0.687140,-0.699881,6.43,0.775,0.845,1.000
-0.259457,0.384895,-0.885742,6.02,0.778,0.847,1.000
-0.234804,0.566031,-0.790238,5.55,1.000,0.892,0.803
-0.135892,-0.856627,-0.497718,6.02,0.904,0.923,1.000
-0.097056,-0.926634,-0.363220,5.17,1.000,0.802,0.642
-0.278934,0.159637,-0.946949,5.78,1.000,0.783,0.607
-0.258559,-0.375128,-0.890183,6.09,1.000,0.833,0.698
-0.240186,0.559330,-0.793386,5.91,1.000,0.785,0.610
-0.203894,-0.673493,-0.710517,5.20,0.859,0.896,1.000
-0.199445,-0.689721,-0.696065,5.54,1.000,0.953,0.908
-0.199509,-0.689767,-0.696001,6.79,1.000,0.915,0.844
-0.255577,0.472200,-0.843628,6.48,0.760,0.836,1.000
-0.278407,-0.185000,-0.942478,6.49,0.772,0.844,1.000
-0.267239,0.385964,-0.882958,7.68,1.000,0.716,0.475
-0.178420,-0.761356,-0.623300,4.93,0.832,0.880,1.000
-0.243633,0.556763,-0.794140,6.28,1.000,0.812,0.660
-0.139638,-0.858764,-0.492977,5.50,0.754,0.832,1.000
-0.234128,0.608000,-0.758631,6.16,1.000,0.834,0.701
-0.287583,0.085596,-0.953923,6.11,0.748,0.828,1.000
-0.231678,-0.570395,-0.788020,6.14,0.946,0.946,1.000
-0.281297,-0.195846,-0.939423,5.39,0.804,0.863,1.000
-0.279840,-0.214631,-0.935747,6.48,0.757,0.834,1.000
-0.244360,-0.509876,-0.824812,6.34,0.739,0.823,1.000
-0.098977,0.950063,-0.295946,6.35,1.000,0.851,0.731
-0.289166,0.130026,-0.948407,5.75,1.000,0.840,0.711
-0.151832,-0.836283,-0.526856,5.17,0.775,0.845,1.000
-0.282614,0.274477,-0.919126,5.44,1.000,0.868,0.761
-0.222760,-0.620912,-0.751562,6.11,1.000,0.938,0.884
-0.260792,-0.421994,-0.868279,6.08,1.000,0.812,0.660
-0.179254,-0.770071,-0.612257,6.46,1.000,0.963,0.925
-0.257568,-0.448661,-0.855782,6.62,0.736,0.821,1.000
-0.044863,-0.983000,-0.178038,5.45,0.804,0.863,1.000
-0.265045,-0.404188,-0.875433,5.71,0.757,0.834,1.000
-0.218230,-0.654653,-0.723744,5.79,0.736,0.821,1.000
-0.280699,0.362388,-0.888753,6.43,1.000,0.896,0.811
-0.263359,-0.444531,-0.856174,1.84,1.000,0.943,0.892
-0.293106,-0.179613,-0.939057,6.21,0.797,0.859,1.000
-0.270132,-0.407441,-0.872365,6.65,0.729,0.817,1.000
-0.237952,0.633658,-0.736109,4.90,1.000,0.794,0.627
-0.263868,0.503703,-0.822592,4.41,1.000,0.826,0.685
-0.178130,-0.787664,-0.589792,5.96,1.000,0.874,0.771
-0.286930,-0.279573,-0.916248,6.03,0.807,0.865,1.000
-0.273408,0.451760,-0.849212,5.78,0.821,0.873,1.000
-0.300831,-0.073886,-0.950811,4.92,1.000,0.868,0.761
-0.227829,-0.638175,-0.735410,4.83,0.733,0.819,1.000
-0.196260,0.781835,-0.591790,5.47,1.000,0.761,0.564
-0.270944,-0.426271,-0.863066,5.69,0.739,0.823,1.000
-0.285467,-0.320370,-0.903256,6.23,0.968,0.959,1.000
-0.283685,0.408782,-0.867422,5.85,0.939,0.943,1.000
-0.306494,-0.005270,-0.951858,5.45,0.899,0.920,1.000
-0.267943,-0.461615,-0.845646,5.46,1.000,0.874,0.771
-0.055314,0.988381,-0.141572,6.31,0.775,0.845,1.000
-0.306914,0.098533,-0.946623,6.09,0.781,0.849,1.000
-0.277796,0.457482,-0.844713,6.43,1.000,0.993,0.974
-0.102890,-0.932559,-0.346047,6.47,1.000,0.866,0.758
-0.308117,0.095407,-0.946552,6.16,1.000,0.847,0.724
-0.308445,-0.008600,-0.951203,4.15,0.785,0.851,1.000
-0.164387,0.862845,-0.477991,5.20,1.000,0.860,0.747
-0.287528,-0.356462,-0.888967,5.84,0.775,0.845,1.000
-0.302271,0.278302,-0.911691,5.00,1.000,0.763,0.567
-0.278637,-0.437469,-0.854975,5.92,0.736,0.821,1.000
-0.199712,-0.753933,-0.625860,5.14,1.000,0.829,0.692
-0.265617,-0.512368,-0.816656,6.10,0.889,0.914,1.000
-0.220575,0.734204,-0.642099,5.58,1.000,0.968,0.934
-0.289915,0.418039,-0.860926,6.89,0.778,0.847,1.000
-0.307633,-0.195114,-0.931285,5.78,1.000,0.785,0.610
-0.275644,-0.461349,-0.843314,6.59,0.854,0.893,1.000
-0.290464,0.420798,-0.859395,5.82,1.000,0.777,0.595
-0.249690,-0.595446,-0.763609,5.96,0.745,0.826,1.000
-0.235813,-0.649433,-0.722931,5.31,0.807,0.865,1.000
-0.312434,0.209889,-0.926462,5.62,1.000,0.872,0.768
-0.318214,0.054277,-0.946464,5.35,1.000,0.838,0.708
-0.290484,-0.385477,-0.875801,6.01,1.000,0.790,0.618
-0.317326,-0.068039,-0.945872,5.75,1.000,0.774,0.589
-0.313587,-0.172746,-0.933714,5.90,1.000,0.783,0.607
-0.291539,-0.389227,-0.873789,6.36,0.723,0.813,1.000
-0.280367,-0.459524,-0.842753,6.12,0.717,0.809,1.000
-0.098588,-0.942625,-0.318964,5.69,0.968,0.959,1.000
-0.098643,-0.942635,-0.318918,3.78,1.000,0.866,0.758
-0.203804,0.789415,-0.579041,5.92,1.000,0.826,0.685
-0.287556,0.467891,-0.835697,5.71,1.000,0.767,0.575
-0.314087,-0.179088,-0.932350,6.03,0.733,0.819,1.000
-0.213287,-0.728484,-0.651014,4.49,0.915,0.929,1.000
-0.270982,-0.516293,-0.812411,6.60,0.736,0.821,1.000
-0.051108,0.991242,-0.121769,4.96,1.000,0.763,0.567
-0.273681,-0.505130,-0.818500,6.33,0.726,0.815,1.000
-0.322767,-0.002817,-0.946474,6.41,1.000,0.894,0.807
-0.285270,-0.443892,-0.849459,4.66,0.729,0.817,1.000
-0.221384,-0.709362,-0.669174,4.89,0.781,0.849,1.000
-0.321014,0.138789,-0.936850,5.82,1.000,0.771,0.584
-0.224420,-0.702647,-0.675221,5.10,1.000,0.777,0.595
-0.286286,-0.450453,-0.845655,3.85,0.736,0.821,1.000
-0.285762,-0.454582,-0.843620,5.58,1.000,0.833,0.698
-0.218366,0.760009,-0.612129,5.05,0.814,0.869,1.000
-0.318887,-0.183675,-0.929825,5.95,1.000,0.840,0.711
-0.252487,0.654521,-0.712638,5.78,0.847,0.889,1.000
-0.139439,-0.892507,-0.428938,6.02,0.781,0.849,1.000
-0.297231,-0.402596,-0.865777,6.32,1.000,0.963,0.925
-0.277673,-0.510339,-0.813912,5.36,0.736,0.821,1.000
-0.286502,0.514377,-0.808290,6.24,0.778,0.847,1.000
-0.314557,-0.268682,-0.910420,5.46,0.814,0.869,1.000
-0.240870,-0.661650,-0.710071,5.94,0.739,0.823,1.000
-0.328666,0.116334,-0.937254,6.65,0.754,0.832,1.000
-0.219173,-0.729562,-0.647844,5.72,0.754,0.832,1.000
-0.212950,-0.746309,-0.630615,4.76,0.757,0.834,1.000
-0.320362,0.284689,-0.903504,3.58,0.824,0.875,1.000
-0.301305,-0.395795,-0.867503,4.79,1.000,0.755,0.553
-0.329613,-0.116324,-0.936923,6.29,1.000,0.768,0.578
-0.289902,-0.467638,-0.835027,4.64,1.000,0.771,0.584
-0.196561,-0.793350,-0.576159,5.97,1.000,0.854,0.737
-0.282741,-0.513491,-0.810175,6.32,0.859,0.896,1.000
-0.257146,-0.620038,-0.741235,5.80,0.748,0.828,1.000
-0.264127,-0.596124,-0.758204,5.03,0.736,0.821,1.000
-0.223702,-0.728663,-0.647308,5.66,1.000,0.796,0.630
-0.176210,0.865168,-0.469504,6.35,1.000,0.963,0.925
-0.263436,-0.603173,-0.752850,2.70,1.000,0.768,0.578
-0.297217,-0.450839,-0.841669,6.46,0.742,0.825,1.000
-0.254704,0.677589,-0.689926,6.35,1.000,0.793,0.624
-0.244606,0.709916,-0.660445,5.77,0.915,0.929,1.000
-0.317624,0.374319,-0.871206,3.53,0.927,0.936,1.000
-0.339061,0.047813,-0.939548,5.89,1.000,0.860,0.747
-0.338525,0.124342,-0.932706,5.91,1.000,0.982,0.956
-0.330600,0.261225,-0.906899,6.45,0.781,0.849,1.000
-0.306120,-0.415628,-0.856472,4.98,0.742,0.825,1.000
-0.305278,-0.421893,-0.853704,4.40,0.742,0.825,1.000
-0.201417,0.821989,-0.532695,6.53,1.000,0.963,0.925
-0.201479,0.821959,-0.532719,5.45,1.000,0.963,0.925
-0.319094,-0.330190,-0.888343,6.09,1.000,0.958,0.917
-0.301648,-0.447538,-0.841854,5.28,1.000,0.882,0.786
-0.268530,-0.598103,-0.755092,4.66,0.757,0.834,1.000
-0.326021,-0.282258,-0.902242,5.70,0.933,0.939,1.000
-0.240382,-0.694491,-0.678159,5.85,0.751,0.830,1.000
-0.269587,-0.598224,-0.754620,5.11,0.739,0.823,1.000
-0.260428,-0.632168,-0.729754,5.25,0.791,0.855,1.000
-0.272886,0.629268,-0.727705,6.40,1.000,0.833,0.698
-0.280708,0.598472,-0.750356,5.13,1.000,0.858,0.744
-0.281822,-0.555240,-0.782487,6.30,1.000,0.817,0.670
-0.327946,0.349285,-0.877754,5.10,1.000,0.783,0.607
-0.335184,-0.248014,-0.908923,5.45,1.000,0.878,0.778
-0.063507,0.987405,-0.144910,6.41,1.000,0.963,0.925
-0.343109,-0.154337,-0.926529,6.55,1.000,0.979,0.951
-0.318524,-0.388347,-0.864713,6.61,0.742,0.825,1.000
-0.308188,-0.453425,-0.836317,6.01,0.736,0.821,1.000
-0.350444,0.003093,-0.936579,5.99,0.766,0.840,1.000
-0.311639,-0.436667,-0.843921,5.87,1.000,0.765,0.572
-0.123470,-0.926904,-0.354407,3.98,1.000,0.918,0.848
-0.223584,0.786797,-0.575291,5.80,1.000,0.770,0.581
-0.272242,0.651731,-0.707906,5.19,1.000,0.831,0.695
-0.346050,-0.156075,-0.925143,6.43,0.729,0.817,1.000
-0.350992,-0.051968,-0.934935,6.23,1.000,0.943,0.892
-0.322720,0.423418,-0.846504,5.03,1.000,0.894,0.807
-0.149456,0.915885,-0.372583,6.47,0.760,0.836,1.000
-0.328024,0.389852,-0.860474,6.02,0.785,0.851,1.000
-0.350020,-0.104230,-0.930925,5.82,0.933,0.939,1.000
-0.331964,-0.325843,-0.885227,4.96,0.775,0.845,1.000
-0.209993,-0.791348,-0.574170,6.05,0.984,0.968,1.000
-0.210015,-0.791327,-0.574191,6.60,1.000,0.966,0.930
-0.211788,-0.788935,-0.576825,5.39,0.766,0.840,1.000
-0.319485,0.463885,-0.826281,5.76,0.927,0.936,1.000
-0.347117,0.267528,-0.898854,6.41,0.733,0.819,1.000
-0.241315,0.757125,-0.607066,4.64,0.781,0.849,1.000
-0.300740,-0.528792,-0.793684,5.43,0.742,0.825,1.000
-0.354827,0.202270,-0.912790,5.30,0.821,0.873,1.000
-0.323224,0.466357,-0.823430,3.79,1.000,0.868,0.761
-0.315050,-0.466914,-0.826278,5.38,1.000,0.782,0.604
-0.301626,-0.532909,-0.790588,5.39,0.733,0.819,1.000
-0.309341,-0.503276,-0.806859,6.60,0.726,0.815,1.000
-0.346749,-0.279010,-0.895499,5.33,0.772,0.844,1.000
-0.331168,-0.389329,-0.859506,6.19,0.760,0.836,1.000
-0.312850,-0.489429,-0.813993,2.45,0.763,0.838,1.000
-0.360299,0.161192,-0.918804,4.99,1.000,0.872,0.768
-0.290427,-0.585492,-0.756869,6.31,0.742,0.825,1.000
-0.141767,0.930197,-0.338579,5.64,1.000,0.852,0.734
-0.342071,-0.325770,-0.881398,6.24,0.899,0.920,1.000
-0.352595,-0.237719,-0.905078,5.78,0.984,0.968,1.000
-0.364035,-0.100622,-0.925934,5.97,1.000,0.890,0.800
-0.307071,-0.527088,-0.792393,5.35,1.000,0.860,0.747
-0.344072,0.367083,-0.864213,6.54,1.000,1.000,0.988
-0.362092,0.184094,-0.913783,6.37,0.817,0.871,1.000
-0.347403,0.346235,-0.871454,5.93,0.904,0.923,1.000
-0.365589,-0.079112,-0.927408,6.76,0.785,0.851,1.000
-0.337338,-0.374328,-0.863760,6.05,0.871,0.903,1.000
-0.362498,0.190966,-0.912210,6.41,0.748,0.828,1.000
-0.329447,-0.426060,-0.842578,5.78,0.757,0.834,1.000
-0.287658,-0.605850,-0.741754,6.97,0.867,0.901,1.000
-0.287660,-0.605861,-0.741744,6.84,0.889,0.914,1.000
-0.252084,0.745289,-0.617251,5.72,0.757,0.834,1.000
-0.367287,0.144174,-0.918865,2.90,0.760,0.836,1.000
-0.347693,0.365608,-0.863389,5.22,0.960,0.954,1.000
-0.310715,-0.526045,-0.791665,6.31,0.736,0.821,1.000
-0.010564,-0.998652,-0.050814,6.47,0.984,0.968,1.000
-0.247482,0.762358,-0.597966,5.36,1.000,0.984,1.000
-0.338080,-0.402143,-0.850872,6.56,0.791,0.855,1.000
-0.372001,0.120864,-0.920330,5.25,0.867,0.901,1.000
-0.322248,0.526725,-0.786586,4.18,0.915,0.929,1.000
-0.353205,-0.306766,-0.883822,5.63,0.915,0.929,1.000
-0.370723,0.155151,-0.915692,4.32,1.000,0.797,0.633
-0.340845,-0.392114,-0.854442,5.61,0.748,0.828,1.000
-0.305706,-0.561229,-0.769133,5.90,0.736,0.821,1.000
-0.335171,0.471290,-0.815810,5.05,0.824,0.875,1.000
-0.364733,0.260664,-0.893882,6.22,0.772,0.844,1.000
-0.366463,-0.200342,-0.908608,5.79,1.000,0.968,0.934
-0.344122,-0.388476,-0.854790,5.95,0.760,0.836,1.000
-0.337481,0.468178,-0.816649,5.01,1.000,0.852,0.734
-0.231487,-0.777347,-0.584931,5.10,1.000,0.862,0.751
-0.327096,-0.487187,-0.809727,5.54,0.763,0.838,1.000
-0.373510,0.208026,-0.904000,4.54,1.000,0.822,0.679
-0.379697,-0.033247,-0.924513,5.59,1.000,0.786,0.613
-0.377079,-0.131411,-0.916811,5.86,1.000,0.995,0.979
-0.373978,-0.179260,-0.909948,5.75,1.000,0.768,0.578
-0.367171,-0.258805,-0.893423,6.05,1.000,0.998,0.983
-0.297170,-0.613049,-0.732025,6.58,0.807,0.865,1.000
-0.321145,-0.527673,-0.786402,6.38,0.736,0.821,1.000
-0.321161,-0.527652,-0.786409,7.13,0.742,0.825,1.000
-0.303875,0.627914,-0.716508,6.54,0.811,0.867,1.000
-0.323283,-0.521849,-0.789406,5.77,0.729,0.817,1.000
-0.351666,-0.391124,-0.850502,4.85,0.871,0.903,1.000
-0.295344,-0.626770,-0.721063,5.43,0.739,0.823,1.000
-0.384509,-0.091091,-0.918616,6.24,1.000,0.840,0.711
-0.372744,0.293809,-0.880192,5.42,1.000,0.849,0.727
-0.276240,-0.685836,-0.673291,3.25,1.000,0.785,0.610
-0.363086,0.388927,-0.846702,6.54,1.000,0.872,0.768
-0.390908,0.033407,-0.919823,5.25,0.867,0.901,1.000
-0.330601,-0.514473,-0.791215,4.65,1.000,0.888,0.796
-0.306517,-0.606540,-0.733592,6.65,1.000,0.956,0.913
-0.386430,-0.154380,-0.909307,5.90,1.000,0.979,0.951
-0.232145,-0.794956,-0.560494,5.87,1.000,0.872,0.768
-0.313645,-0.589940,-0.744041,6.68,0.751,0.830,1.000
-0.382125,0.272728,-0.882950,5.25,0.804,0.863,1.000
-0.394867,0.057395,-0.916944,5.59,0.910,0.926,1.000
-0.162701,-0.902660,-0.398413,6.39,1.000,0.777,0.595
-0.315624,-0.586200,-0.746158,6.61,0.763,0.838,1.000
-0.340606,0.528270,-0.777765,2.88,0.801,0.861,1.000
-0.340607,0.528265,-0.777768,1.98,0.797,0.859,1.000
-0.223980,-0.813095,-0.537317,5.96,1.000,0.777,0.595
-0.392319,0.183408,-0.901358,6.28,0.785,0.851,1.000
-0.230638,0.826642,-0.513293,5.92,1.000,0.851,0.731
-0.317471,-0.587240,-0.744555,6.30,0.757,0.834,1.000
-0.345859,0.514456,-0.784676,5.33,1.000,0.872,0.768
-0.383878,-0.247647,-0.889555,6.21,0.775,0.845,1.000
-0.297123,0.682395,-0.667873,6.30,1.000,0.963,0.925
-0.373531,-0.332367,-0.866029,5.66,1.000,0.851,0.731
-0.359186,-0.418039,-0.834404,5.85,0.847,0.889,1.000
-0.399111,0.058808,-0.915015,5.81,0.781,0.849,1.000
-0.385225,-0.250784,-0.888093,4.97,1.000,0.801,0.639
-0.283074,0.721522,-0.631882,5.65,1.000,0.777,0.595
-0.401360,0.047542,-0.914686,6.55,0.867,0.901,1.000
-0.362462,0.452370,-0.814852,4.06,1.000,0.780,0.601
-0.369134,-0.379393,-0.848411,4.45,1.000,0.987,0.965
-0.302821,-0.643575,-0.702931,6.26,0.751,0.830,1.000
-0.288940,-0.683100,-0.670737,6.52,1.000,0.890,0.800
-0.366887,-0.398327,-0.840672,5.83,1.000,0.978,1.000
-0.366915,-0.398344,-0.840652,5.87,1.000,0.963,0.925
-0.320722,-0.592552,-0.738931,5.54,0.769,0.842,1.000
-0.359760,-0.440200,-0.822676,6.65,0.785,0.851,1.000
-0.333364,-0.551403,-0.764737,6.11,0.899,0.920,1.000
-0.273032,0.752111,-0.599818,5.92,0.867,0.901,1.000
-0.315416,0.643126,-0.697784,6.38,1.000,0.963,0.925
-0.357323,-0.454176,-0.816115,5.77,1.000,0.862,0.751
-0.305804,-0.641528,-0.703510,6.76,1.000,0.849,0.727
-0.406902,0.102127,-0.907745,5.91,1.000,0.963,0.925
-0.069059,-0.981939,-0.176141,5.53,1.000,0.822,0.679
-0.403556,-0.144553,-0.903464,6.27,1.000,0.780,0.601
-0.394045,-0.250258,-0.884364,5.70,0.751,0.830,1.000
-0.355713,-0.475155,-0.804796,4.64,0.754,0.832,1.000
-0.377171,-0.377203,-0.845848,6.34,1.000,0.876,0.775
-0.341271,0.574271,-0.744142,5.56,1.000,0.888,0.796
-0.250005,-0.782333,-0.570484,6.28,0.814,0.869,1.000
-0.378647,0.412473,-0.828548,6.27,1.000,0.963,0.925
-0.410766,-0.071691,-0.908918,5.13,1.000,0.978,1.000
-0.385488,-0.337132,-0.858919,5.74,0.729,0.817,1.000
-0.231434,0.839457,-0.491682,6.06,1.000,0.793,0.624
-0.345218,0.567616,-0.747420,4.90,0.968,0.959,1.000
-0.382517,0.410281,-0.827859,6.17,0.791,0.855,1.000
-0.400238,-0.249385,-0.881826,6.53,0.785,0.851,1.000
-0.376883,-0.403146,-0.833926,6.37,1.000,0.979,0.951
-0.246594,-0.793713,-0.556067,4.94,1.000,0.802,0.642
-0.332212,0.620388,-0.710461,5.73,1.000,0.767,0.575
-0.358033,0.530063,-0.768665,6.17,0.933,0.939,1.000
-0.337771,-0.573128,-0.746616,4.53,0.760,0.836,1.000
-0.400696,0.303613,-0.864443,5.05,1.000,0.777,0.595
-0.285245,0.744681,-0.603395,5.56,1.000,0.872,0.768
-0.269670,-0.752763,-0.600522,5.72,0.769,0.842,1.000
-0.228169,-0.827938,-0.512306,6.39,1.000,0.840,0.711
-0.337721,-0.577533,-0.743236,6.60,1.000,0.847,0.724
-0.418110,0.091067,-0.903820,0.38,0.984,0.968,1.000
-0.375792,-0.428379,-0.821749,4.70,0.754,0.832,1.000
-0.325964,-0.615807,-0.717307,6.38,1.000,0.790,0.618
-0.225650,0.854552,-0.467785,4.99,0.814,0.869,1.000
-0.397052,-0.320269,-0.860103,6.72,0.757,0.834,1.000
-0.373053,-0.450904,-0.810874,4.50,0.736,0.821,1.000
-0.373076,-0.450934,-0.810847,4.62,1.000,0.963,0.925
-0.421318,0.091168,-0.902319,6.02,0.775,0.845,1.000
-0.392514,0.391030,-0.832483,5.89,1.000,0.774,0.589
-0.318940,-0.642672,-0.696598,6.59,0.772,0.844,1.000
-0.413496,0.238039,-0.878839,6.24,1.000,0.963,0.925
-0.335701,-0.594780,-0.730439,5.80,0.739,0.823,1.000
-0.324953,-0.626347,-0.708587,6.19,1.000,0.870,0.765
-0.375066,-0.451860,-0.809412,6.50,0.757,0.834,1.000
-0.275032,-0.750124,-0.601391,5.68,1.000,0.951,0.904
-0.420627,-0.142384,-0.895991,6.01,0.839,0.884,1.000
-0.409185,-0.263260,-0.873648,4.94,1.000,0.777,0.595
-0.398824,-0.336452,-0.853077,5.93,1.000,0.843,0.717
-0.329936,-0.619893,-0.711951,4.84,0.729,0.817,1.000
-0.359274,0.559197,-0.747142,6.02,1.000,0.963,0.925
-0.331554,-0.617577,-0.713211,5.73,0.751,0.830,1.000
-0.331208,-0.619242,-0.711927,5.76,0.766,0.840,1.000
-0.418127,0.233115,-0.877968,5.77,1.000,0.761,0.564
-0.428025,0.063221,-0.901553,5.94,0.775,0.845,1.000
-0.417545,0.245448,-0.874878,5.56,1.000,0.765,0.572
-0.334824,-0.609861,-0.718305,6.00,0.775,0.845,1.000
-0.279403,0.770890,-0.572418,5.27,0.788,0.853,1.000
-0.421615,-0.165927,-0.891464,3.93,1.000,0.870,0.765
-0.250374,-0.801497,-0.543061,6.06,0.754,0.832,1.000
-0.375862,-0.468637,-0.799442,6.76,0.739,0.823,1.000
-0.381474,0.483032,-0.788136,4.28,1.000,0.851,0.731
-0.362674,-0.524890,-0.770038,6.56,1.000,0.840,0.711
-0.186431,0.909641,-0.371209,5.92,1.000,0.840,0.711
-0.395996,-0.380057,-0.835909,6.18,1.000,0.768,0.578
-0.204558,0.889660,-0.408241,6.49,0.885,0.911,1.000
-0.403010,0.381061,-0.832091,6.21,1.000,0.888,0.796
-0.109540,-0.962576,-0.247887,7.16,0.781,0.849,1.000
-0.109542,-0.962576,-0.247886,7.26,1.000,0.963,0.925
-0.334493,-0.622974,-0.707120,5.42,0.742,0.825,1.000
-0.434797,0.003306,-0.900523,6.19,1.000,0.870,0.765
-0.395133,0.434982,-0.809111,5.31,1.000,0.780,0.601
-0.304580,-0.702553,-0.643156,6.41,0.788,0.853,1.000
-0.400818,0.413074,-0.817750,3.57,1.000,0.888,0.796
-0.336684,-0.622909,-0.706136,6.54,0.760,0.836,1.000
-0.428268,0.222560,-0.875816,6.43,1.000,0.963,0.925
-0.388604,-0.443871,-0.807444,5.64,1.000,0.876,0.775
-0.438468,0.041963,-0.897767,6.47,0.859,0.896,1.000
-0.391511,0.469874,-0.791162,1.14,1.000,0.874,0.771
-0.415342,0.347204,-0.840797,6.33,0.788,0.853,1.000
-0.394421,-0.430572,-0.811812,6.55,0.807,0.865,1.000
-0.383985,-0.475795,-0.791312,4.59,1.000,0.767,0.575
-0.351885,-0.588495,-0.727909,5.60,0.748,0.828,1.000
-0.338632,-0.627476,-0.701144,6.89,1.000,0.870,0.765
-0.382918,-0.484118,-0.786768,3.96,0.850,0.891,1.000
-0.082159,0.985602,-0.147779,6.56,1.000,0.931,0.872
-0.306139,-0.709243,-0.635023,5.06,1.000,0.920,0.852
-0.355937,0.609004,-0.708818,5.18,1.000,0.774,0.589
-0.087164,-0.976800,-0.195612,6.18,1.000,0.753,0.547
-0.343609,-0.618435,-0.706732,6.40,0.739,0.823,1.000
-0.330280,-0.655188,-0.679444,5.17,1.000,0.854,0.737
-0.423572,0.317470,-0.848410,4.88,1.000,0.794,0.627
-0.400365,-0.417453,-0.815745,5.62,0.729,0.817,1.000
-0.279588,-0.765963,-0.578904,6.57,0.811,0.867,1.000
-0.224451,-0.853831,-0.469675,6.43,0.757,0.834,1.000
-0.354874,-0.588671,-0.726313,5.80,0.910,0.926,1.000
-0.439376,0.186838,-0.878658,5.30,0.791,0.855,1.000
-0.429649,-0.253523,-0.866676,6.89,1.000,0.963,0.925
-0.429665,-0.253603,-0.866645,6.07,0.824,0.875,1.000
-0.347471,-0.614878,-0.707947,5.88,0.754,0.832,1.000
-0.228509,-0.850168,-0.474339,6.21,1.000,0.864,0.754
-0.377338,0.550707,-0.744538,5.14,1.000,0.771,0.584
-0.443227,-0.117927,-0.888619,5.49,1.000,0.806,0.648
-0.431665,-0.251459,-0.866276,5.04,0.921,0.932,1.000
-0.349298,-0.614117,-0.707709,6.54,0.757,0.834,1.000
-0.349464,-0.615230,-0.706659,3.61,1.000,0.753,0.547
-0.367813,-0.561694,-0.741089,5.37,1.000,0.963,0.925
-0.438172,-0.219425,-0.871698,6.39,0.781,0.849,1.000
-0.320334,-0.691541,-0.647423,6.03,0.766,0.840,1.000
-0.419463,0.392997,-0.818293,6.18,1.000,0.963,0.925
-0.352459,-0.614752,-0.705587,5.88,0.754,0.832,1.000
-0.416527,-0.383001,-0.824509,5.90,0.729,0.817,1.000
-0.128485,-0.954272,-0.269919,3.95,1.000,0.866,0.758
-0.343171,-0.643586,-0.684128,6.57,0.748,0.828,1.000
-0.435084,-0.275484,-0.857211,6.34,1.000,0.746,0.534
-0.435450,-0.275880,-0.856898,6.43,1.000,0.757,0.556
-0.273046,0.810340,-0.518454,6.02,1.000,1.000,0.988
-0.443540,-0.211206,-0.871013,5.48,1.000,0.995,0.979
-0.445588,0.231253,-0.864854,6.04,1.000,0.806,0.648
-0.243955,-0.836023,-0.491479,6.12,0.960,0.954,1.000
-0.348439,-0.633805,-0.690566,6.31,0.736,0.821,1.000
-0.456494,0.075549,-0.886513,6.53,1.000,0.920,0.852
-0.408565,-0.437386,-0.801104,4.50,0.772,0.844,1.000
-0.353466,-0.622666,-0.698103,5.08,0.757,0.834,1.000
-0.178961,-0.914055,-0.363972,6.38,1.000,0.884,0.789
-0.310612,-0.726678,-0.612747,5.23,0.745,0.826,1.000
-0.151508,-0.938622,-0.309894,6.18,0.769,0.842,1.000
-0.269210,0.821243,-0.503076,6.38,1.000,0.963,0.925
-0.389584,0.548054,-0.740177,6.03,0.839,0.884,1.000
-0.344850,-0.651466,-0.675774,6.14,1.000,0.774,0.589
-0.447293,-0.230956,-0.864054,6.23,0.760,0.836,1.000
-0.415370,-0.421229,-0.806246,5.33,1.000,0.924,0.860
-0.439872,-0.296180,-0.847815,5.18,1.000,0.822,0.679
-0.416485,-0.420398,-0.806105,3.34,1.000,0.829,0.692
-0.310065,-0.732279,-0.606323,4.71,1.000,0.862,0.751
-0.456505,-0.159594,-0.875290,5.61,1.000,0.796,0.630
-0.432432,-0.345412,-0.832882,6.56,1.000,0.968,0.934
-0.374726,-0.577050,-0.725668,5.93,0.772,0.844,1.000
-0.464043,0.057167,-0.883966,6.18,1.000,0.851,0.731
-0.435546,-0.334195,-0.835831,6.12,1.000,0.826,0.685
-0.384655,-0.548861,-0.742154,5.60,1.000,0.770,0.581
-0.442819,0.330931,-0.833304,5.99,1.000,0.849,0.727
-0.456556,-0.193012,-0.868506,6.16,1.000,0.849,0.727
-0.316551,-0.723851,-0.613054,4.11,0.733,0.819,1.000
-0.251452,-0.833607,-0.491803,6.33,1.000,0.872,0.768
-0.326458,-0.704039,-0.630678,6.32,1.000,0.882,0.786
-0.313670,-0.729659,-0.607626,5.84,0.745,0.826,1.000
-0.468093,0.030834,-0.883141,5.14,0.751,0.830,1.000
-0.423596,-0.415143,-0.805123,6.45,0.785,0.851,1.000
-0.469165,0.057167,-0.881258,6.31,1.000,0.773,0.587
-0.253553,-0.833023,-0.491715,5.59,1.000,0.849,0.727
-0.456573,-0.221879,-0.861574,6.36,0.960,0.954,1.000
-0.454873,-0.240195,-0.857553,5.17,1.000,0.963,0.925
-0.324330,0.735933,-0.594317,6.25,1.000,0.845,0.721
-0.323806,0.738040,-0.591985,5.45,1.000,0.793,0.624
-0.424309,0.450345,-0.785590,4.97,0.817,0.871,1.000
-0.436753,-0.361200,-0.823882,5.63,1.000,0.882,0.786
-0.330838,-0.701901,-0.630778,6.45,1.000,0.894,0.807
-0.227385,-0.868490,-0.440479,5.78,0.984,0.968,1.000
-0.294628,-0.771733,-0.563581,5.91,1.000,0.856,0.741
-0.470425,-0.094596,-0.877355,5.76,0.976,0.963,1.000
-0.454971,-0.256228,-0.852847,5.69,0.946,0.946,1.000
-0.340962,-0.683217,-0.645724,6.32,0.736,0.821,1.000
-0.138710,0.960866,-0.239781,5.41,1.000,0.799,0.636
-0.230350,-0.866471,-0.442907,6.72,1.000,0.829,0.692
-0.268493,0.833929,-0.482156,6.72,1.000,0.963,0.925
-0.343046,-0.680572,-0.647411,6.04,0.733,0.819,1.000
-0.386777,-0.569355,-0.725423,5.01,1.000,0.978,1.000
-0.357219,-0.650454,-0.670302,3.73,1.000,0.866,0.758
-0.185872,-0.914930,-0.358265,5.79,0.775,0.845,1.000
-0.094573,0.983190,-0.156182,5.42,0.769,0.842,1.000
-0.394123,0.579463,-0.713365,6.23,0.894,0.917,1.000
-0.367486,-0.627461,-0.686474,4.49,0.729,0.817,1.000
-0.381330,-0.592911,-0.709256,5.43,1.000,0.843,0.717
-0.454704,0.340115,-0.823144,5.35,0.775,0.845,1.000
-0.477223,0.154069,-0.865171,5.86,0.933,0.939,1.000
-0.274619,-0.812768,-0.513803,5.70,0.742,0.825,1.000
-0.306839,-0.761686,-0.570687,4.63,0.717,0.809,1.000
-0.316858,-0.744347,-0.587834,4.24,0.745,0.826,1.000
-0.387198,-0.586054,-0.711771,5.49,0.729,0.817,1.000
-0.393686,-0.571386,-0.720090,6.15,1.000,0.782,0.604
-0.484839,0.078213,-0.871099,6.17,1.000,0.878,0.778
-0.355110,0.694376,-0.625891,6.34,1.000,0.862,0.751
-0.470146,0.272117,-0.839592,5.78,1.000,0.822,0.679
-0.413393,-0.513803,-0.751739,6.44,1.000,0.963,0.925
-0.484072,0.150250,-0.862032,6.05,1.000,0.874,0.771
-0.489554,0.019668,-0.871751,6.35,1.000,0.990,0.969
-0.419897,-0.504306,-0.754561,6.33,1.000,0.763,0.567
-0.292273,-0.794235,-0.532698,6.38,0.785,0.851,1.000
-0.349033,-0.692710,-0.631133,6.02,0.754,0.832,1.000
-0.449680,-0.388802,-0.804127,4.20,1.000,0.934,0.876
-0.488890,0.125569,-0.863261,6.41,0.775,0.845,1.000
-0.474010,0.284327,-0.833350,5.99,1.000,0.791,0.621
-0.259594,-0.841540,-0.473732,5.63,1.000,0.819,0.673
-0.259773,0.857594,-0.443904,5.77,0.960,0.954,1.000
-0.368521,-0.652580,-0.662067,6.78,0.733,0.819,1.000
-0.058226,0.994627,-0.085599,6.49,0.797,0.859,1.000
-0.250730,0.868843,-0.426904,6.01,0.835,0.882,1.000
-0.493355,0.038819,-0.868962,5.29,1.000,0.890,0.800
-0.360691,-0.674381,-0.644292,6.09,1.000,0.809,0.654
-0.230578,0.891721,-0.389446,6.40,1.000,0.966,0.930
-0.423918,-0.505051,-0.751809,4.79,0.839,0.884,1.000
-0.354335,-0.688358,-0.632937,5.35,0.733,0.819,1.000
-0.485178,0.229068,-0.843878,6.02,1.000,0.815,0.667
-0.351672,-0.696035,-0.625989,5.09,0.736,0.821,1.000
-0.293672,-0.798449,-0.525582,3.47,0.733,0.819,1.000
-0.328497,-0.741862,-0.584577,6.22,0.757,0.834,1.000
-0.275601,0.841262,-0.465105,6.49,1.000,0.958,0.917
-0.239119,-0.870582,-0.430010,5.74,1.000,0.779,0.598
-0.344304,-0.714201,-0.609403,5.17,1.000,0.824,0.682
-0.497970,-0.064179,-0.864816,4.93,1.000,0.834,0.701
-0.456043,-0.395715,-0.797142,5.11,1.000,0.851,0.731
-0.454871,0.428821,-0.780515,5.83,1.000,0.870,0.765
-0.473234,0.339002,-0.813097,6.25,1.000,0.852,0.734
-0.250431,-0.858301,-0.447887,6.25,1.000,0.716,0.475
-0.461740,0.400078,-0.791665,6.34,1.000,0.963,0.925
-0.480199,0.297518,-0.825162,5.55,1.000,0.815,0.667
-0.322062,-0.757508,-0.567854,4.41,0.736,0.821,1.000
-0.413391,0.579467,-0.702371,6.34,1.000,0.777,0.595
-0.473962,-0.315635,-0.822031,4.61,0.814,0.869,1.000
-0.458730,0.424037,-0.780871,6.31,0.791,0.855,1.000
-0.307730,-0.782050,-0.541942,6.44,0.880,0.909,1.000
-0.484964,0.283267,-0.827387,5.99,0.781,0.849,1.000
-0.502139,-0.050273,-0.863324,6.51,0.766,0.840,1.000
-0.502812,0.085064,-0.860200,5.65,0.788,0.853,1.000
-0.349632,-0.709769,-0.611544,5.99,0.745,0.826,1.000
-0.243540,-0.868660,-0.431413,5.60,1.000,0.971,0.938
-0.219926,-0.893347,-0.391871,6.14,0.757,0.834,1.000
-0.385394,-0.633343,-0.671079,5.24,0.960,0.954,1.000
-0.504460,-0.024301,-0.863093,4.68,1.000,0.788,0.615
-0.319616,-0.765783,-0.558053,6.32,1.000,0.963,0.925
-0.319681,-0.765748,-0.558062,6.34,1.000,0.963,0.925
-0.500833,0.154950,-0.851562,6.22,1.000,0.971,0.938
-0.508112,0.040732,-0.860327,4.39,1.000,0.827,0.689
-0.351588,-0.712724,-0.606969,6.61,1.000,0.824,0.682
-0.241607,-0.873130,-0.423403,5.81,0.760,0.836,1.000
-0.328768,-0.754496,-0.568020,6.02,0.801,0.861,1.000
-0.454023,0.466297,-0.759230,4.94,1.000,0.851,0.731
-0.506055,-0.110380,-0.855409,6.33,1.000,0.958,0.917
-0.330072,-0.753235,-0.568937,6.12,0.754,0.832,1.000
-0.247810,-0.867830,-0.430651,6.33,0.769,0.842,1.000
-0.244858,-0.871102,-0.425706,5.17,1.000,0.751,0.545
-0.402694,-0.605761,-0.686215,5.95,0.835,0.882,1.000
-0.405379,-0.602519,-0.687487,6.34,1.000,0.768,0.578
-0.294661,-0.810567,-0.506118,5.87,0.745,0.826,1.000
-0.293270,-0.814268,-0.500960,6.10,0.775,0.845,1.000
-0.490102,0.322963,-0.809626,6.15,0.772,0.844,1.000
-0.223132,-0.895459,-0.385181,4.82,0.736,0.821,1.000
-0.431609,-0.536768,-0.724978,5.82,1.000,0.833,0.698
-0.286788,-0.823681,-0.489185,6.28,0.742,0.825,1.000
-0.383343,-0.660133,-0.645966,5.52,0.742,0.825,1.000
-0.505508,0.226958,-0.832437,5.12,0.791,0.855,1.000
-0.462071,0.462209,-0.756871,6.21,0.791,0.855,1.000
-0.393333,-0.642832,-0.657310,2.25,0.708,0.803,1.000
-0.375597,-0.681342,-0.628251,6.29,1.000,0.872,0.768
-0.383660,0.685314,-0.618991,6.26,0.781,0.849,1.000
-0.487241,-0.337556,-0.805389,6.13,0.739,0.823,1.000
-0.483304,0.384868,-0.786317,5.99,1.000,0.763,0.567
-0.434381,-0.539873,-0.721006,5.31,1.000,0.728,0.499
-0.143344,-0.957545,-0.250121,6.34,0.835,0.882,1.000
-0.521827,-0.010011,-0.852992,6.41,1.000,0.864,0.754
-0.330885,0.782681,-0.527187,4.84,0.804,0.863,1.000
-0.517393,-0.160656,-0.840532,6.23,0.766,0.840,1.000
-0.282873,0.850334,-0.443751,5.93,1.000,0.804,0.645
-0.491954,0.367827,-0.789103,5.30,1.000,0.956,0.913
-0.434575,-0.552943,-0.710914,6.14,1.000,0.852,0.734
-0.328652,-0.772629,-0.543169,5.95,1.000,0.834,0.701
-0.354807,-0.731102,-0.582753,6.19,0.742,0.825,1.000
-0.311573,-0.799769,-0.513120,5.53,1.000,0.812,0.660
-0.394907,0.674696,-0.623565,6.27,1.000,0.824,0.682
-0.200930,0.930252,-0.307014,5.32,1.000,0.866,0.758
-0.493756,-0.351102,-0.795571,5.38,0.821,0.873,1.000
-0.517511,0.235835,-0.822536,6.27,0.993,0.973,1.000
-0.481413,-0.411581,-0.773849,2.81,0.993,0.973,1.000
-0.236354,-0.889704,-0.390593,6.30,0.757,0.834,1.000
-0.369502,-0.710387,-0.599015,5.05,1.000,0.786,0.613
-0.531392,-0.052055,-0.845525,4.34,1.000,0.880,0.782
-0.523011,-0.196626,-0.829336,6.32,0.791,0.855,1.000
-0.499315,-0.347968,-0.793475,6.36,0.843,0.886,1.000
-0.486434,0.430625,-0.760226,5.73,1.000,0.913,0.841
-0.503888,-0.329608,-0.798408,4.40,0.742,0.825,1.000
-0.423038,0.625670,-0.655421,6.58,1.000,0.966,0.930
-0.513981,-0.279810,-0.810882,5.68,0.736,0.821,1.000
-0.421223,-0.611270,-0.670015,6.37,0.775,0.845,1.000
-0.460970,-0.504867,-0.729806,6.65,1.000,0.802,0.642
-0.077680,0.991287,-0.106381,6.32,0.791,0.855,1.000
-0.523365,0.252567,-0.813818,6.23,0.794,0.857,1.000
-0.435178,-0.580063,-0.688583,6.20,1.000,0.896,0.811
-0.304690,0.833425,-0.461049,5.85,1.000,0.872,0.768
-0.534047,0.170573,-0.828070,6.07,0.757,0.834,1.000
-0.524160,-0.238519,-0.817536,5.54,1.000,0.993,0.974
-0.352685,-0.751085,-0.558108,5.70,0.751,0.830,1.000
-0.384639,-0.696198,-0.606103,5.21,0.729,0.817,1.000
-0.394692,-0.677397,-0.620767,6.26,0.775,0.845,1.000
-0.362782,-0.735457,-0.572269,4.27,0.717,0.809,1.000
-0.362958,-0.735348,-0.572298,1.78,0.720,0.811,1.000
-0.519745,0.303165,-0.798722,5.63,1.000,0.979,0.951
-0.519745,0.303165,-0.798722,6.02,1.000,0.979,0.951
-0.519780,0.303165,-0.798699,6.20,1.000,0.963,0.925
-0.528235,-0.223708,-0.819098,4.72,1.000,0.884,0.789
-0.538003,-0.135240,-0.832024,5.36,1.000,0.896,0.811
-0.359268,-0.742414,-0.565462,5.23,0.723,0.813,1.000
-0.529759,0.241988,-0.812894,6.54,1.000,0.963,0.925
-0.476940,0.494802,-0.726429,5.64,0.766,0.840,1.000
-0.140713,0.969261,-0.201826,5.54,1.000,0.894,0.807
-0.234620,-0.897267,-0.373986,6.28,0.769,0.842,1.000
-0.298885,-0.829872,-0.471149,5.66,0.863,0.898,1.000
-0.430453,-0.605880,-0.669043,6.44,0.785,0.851,1.000
-0.256254,-0.877167,-0.406093,4.76,0.993,0.973,1.000
-0.276091,0.869327,-0.409932,6.45,0.859,0.896,1.000
-0.525664,0.284252,-0.801797,6.01,1.000,0.896,0.811
-0.193112,-0.931165,-0.309255,4.35,0.754,0.832,1.000
-0.506520,0.392944,-0.767485,6.56,0.824,0.875,1.000
-0.417728,-0.637674,-0.647205,4.45,1.000,0.768,0.578
-0.396884,-0.681835,-0.614478,4.75,0.850,0.891,1.000
-0.359180,-0.748515,-0.557418,5.82,0.742,0.825,1.000
-0.526521,0.303631,-0.794093,6.47,0.904,0.923,1.000
-0.528778,-0.272084,-0.803968,4.99,1.000,0.860,0.747
-0.474524,-0.498652,-0.725378,6.52,0.807,0.865,1.000
-0.538926,0.225773,-0.811533,6.38,1.000,0.963,0.925
-0.373910,-0.727104,-0.575770,5.76,1.000,0.966,0.930
-0.432098,-0.614622,-0.659948,6.43,0.821,0.873,1.000
-0.377830,-0.722535,-0.578954,6.03,0.754,0.832,1.000
-0.286575,0.862258,-0.417594,5.64,0.843,0.886,1.000
-0.174088,0.953229,-0.247079,5.98,1.000,0.780,0.601
-0.445599,-0.586368,-0.676471,4.78,0.754,0.832,1.000
-0.458929,-0.552943,-0.695441,6.37,1.000,0.847,0.724
-0.467913,-0.532002,-0.705713,6.06,0.739,0.823,1.000
-0.444615,-0.592330,-0.671910,5.08,0.729,0.817,1.000
-0.444528,-0.592591,-0.671737,6.11,0.733,0.819,1.000
-0.450045,-0.580569,-0.678528,5.78,1.000,0.870,0.765
-0.420779,-0.647429,-0.635437,4.44,1.000,0.841,0.714
-0.375492,-0.731258,-0.569445,5.13,0.745,0.826,1.000
-0.263608,0.887069,-0.378971,5.71,1.000,0.896,0.811
-0.332330,0.810488,-0.482355,6.27,1.000,0.780,0.601
-0.352323,-0.768240,-0.534486,5.51,1.000,0.770,0.581
-0.549522,0.203238,-0.810383,7.13,1.000,0.777,0.595
-0.553860,0.159632,-0.817164,3.52,1.000,0.790,0.618
-0.385562,-0.717330,-0.580327,5.83,0.726,0.815,1.000
-0.479306,-0.513928,-0.711438,6.21,1.000,0.920,0.852
-0.557961,0.154126,-0.815429,6.29,1.000,0.878,0.778
-0.452900,-0.586412,-0.671568,6.16,1.000,0.779,0.598
-0.306954,0.845666,-0.436610,5.89,0.960,0.954,1.000
-0.523963,-0.363581,-0.770241,6.60,0.794,0.857,1.000
-0.354661,-0.771063,-0.528845,6.44,1.000,0.788,0.615
-0.541557,-0.280415,-0.792517,6.16,0.791,0.855,1.000
-0.341606,0.804629,-0.485673,6.49,0.894,0.917,1.000
-0.554093,-0.218687,-0.803216,5.98,1.000,0.924,0.860
-0.253388,-0.890339,-0.378274,5.16,0.817,0.871,1.000
-0.490417,-0.500050,-0.713751,6.45,1.000,0.866,0.758
-0.510273,0.457374,-0.728306,5.14,1.000,0.998,0.983
-0.286074,0.871480,-0.398352,6.41,1.000,0.880,0.782
-0.537549,0.354255,-0.765209,5.83,1.000,0.849,0.727
-0.561936,-0.176498,-0.808131,6.32,0.921,0.932,1.000
-0.462247,-0.580016,-0.670753,5.58,1.000,0.829,0.692
-0.450716,-0.607018,-0.654511,6.70,0.871,0.903,1.000
-0.525643,0.407091,-0.746978,5.98,0.778,0.847,1.000
-0.571615,0.068847,-0.817628,6.05,1.000,0.880,0.782
-0.455970,-0.597057,-0.660010,4.45,0.867,0.901,1.000
-0.574284,-0.015872,-0.818502,6.18,1.000,0.963,0.925
-0.572111,-0.092877,-0.814900,6.13,1.000,0.814,0.664
-0.470685,-0.567704,-0.675402,6.43,0.763,0.838,1.000
-0.290176,-0.858664,-0.422485,6.42,0.960,0.954,1.000
-0.425557,0.684395,-0.592034,4.25,1.000,0.779,0.598
-0.529776,-0.389521,-0.753399,6.13,1.000,0.866,0.758
-0.351530,0.800938,-0.484691,5.51,0.824,0.875,1.000
-0.578118,-0.027960,-0.815474,6.50,0.794,0.857,1.000
-0.543248,-0.343318,-0.766169,5.58,1.000,0.922,0.856
-0.234332,-0.910780,-0.339954,5.07,1.000,0.845,0.721
-0.553258,-0.302143,-0.776283,5.75,1.000,0.864,0.754
-0.484880,-0.545436,-0.683660,4.83,1.000,0.794,0.627
-0.465037,-0.594605,-0.655885,5.20,0.729,0.817,1.000
-0.555819,0.314526,-0.769505,5.95,0.847,0.889,1.000
-0.579105,-0.107638,-0.808116,6.15,0.867,0.901,1.000
-0.445671,-0.637704,-0.628260,6.16,0.847,0.889,1.000
-0.438644,0.669195,-0.599807,6.02,1.000,0.773,0.587
-0.578842,-0.131276,-0.804803,5.96,1.000,0.761,0.564
-0.568390,-0.225882,-0.791145,6.11,1.000,0.874,0.771
-0.577417,0.184499,-0.795330,6.08,1.000,0.788,0.615
-0.523020,-0.443823,-0.727648,5.90,0.946,0.946,1.000
-0.484540,0.573739,-0.660336,6.06,1.000,0.824,0.682
-0.306448,-0.847799,-0.432812,5.97,0.760,0.836,1.000
-0.386098,-0.748843,-0.538667,4.82,0.742,0.825,1.000
-0.587927,-0.082233,-0.804723,6.01,1.000,1.000,0.988
-0.459391,-0.619585,-0.636454,6.32,1.000,0.767,0.575
-0.588579,-0.065422,-0.805788,5.61,1.000,1.000,0.988
-0.252242,-0.899604,-0.356491,6.12,1.000,0.888,0.796
-0.568127,0.293141,-0.768960,6.14,0.976,0.963,1.000
-0.358530,-0.789340,-0.498396,5.85,0.791,0.855,1.000
-0.181648,-0.948407,-0.259863,5.37,0.769,0.842,1.000
-0.181962,-0.948353,-0.259840,5.65,0.757,0.834,1.000
-0.234642,0.922521,-0.306427,5.88,1.000,0.880,0.782
-0.527145,0.467831,-0.709403,5.57,1.000,0.802,0.642
-0.592990,0.036682,-0.804374,5.73,1.000,0.782,0.604
-0.589345,0.131641,-0.797084,5.13,1.000,0.886,0.793
-0.295569,-0.861715,-0.412415,1.86,1.000,0.822,0.679
-0.543418,-0.393198,-0.741682,5.68,0.807,0.865,1.000
-0.419727,0.715120,-0.558956,6.32,1.000,0.958,0.917
-0.532736,0.452971,-0.714850,6.32,0.850,0.891,1.000
-0.532742,0.452984,-0.714837,6.30,0.850,0.891,1.000
-0.543233,0.415236,-0.729710,7.02,0.915,0.929,1.000
-0.543244,0.415253,-0.729692,7.81,1.000,0.984,0.960
-0.592250,-0.068127,-0.802869,3.90,0.781,0.849,1.000
-0.540193,-0.407472,-0.736314,5.28,1.000,0.790,0.618
-0.552910,-0.359115,-0.751882,6.01,0.968,0.959,1.000
-0.566332,-0.299698,-0.767756,6.44,1.000,0.963,0.925
-0.128615,-0.974054,-0.186218,4.07,0.960,0.954,1.000
-0.582875,0.219070,-0.782474,5.50,1.000,0.771,0.584
-0.574495,-0.257634,-0.776905,5.98,0.847,0.889,1.000
-0.594968,-0.069539,-0.800736,5.59,0.867,0.901,1.000
-0.433955,-0.679050,-0.592093,5.98,0.736,0.821,1.000
-0.298198,0.872223,-0.387691,3.36,1.000,0.907,0.829
-0.583034,-0.217026,-0.782925,5.54,1.000,0.838,0.708
-0.595580,-0.111638,-0.795501,6.59,1.000,0.987,0.965
-0.440622,-0.671117,-0.596200,5.47,0.742,0.825,1.000
-0.462674,-0.630126,-0.623597,6.53,0.760,0.836,1.000
-0.462696,-0.630138,-0.623570,7.25,0.814,0.869,1.000
-0.551114,0.409043,-0.727295,6.10,0.876,0.906,1.000
-0.367379,-0.785080,-0.498681,5.17,0.739,0.823,1.000
-0.521745,-0.488092,-0.699677,6.73,0.772,0.844,1.000
-0.218499,0.935567,-0.277438,6.31,1.000,0.810,0.657
-0.585497,0.245491,-0.772611,5.95,0.854,0.893,1.000
-0.165974,-0.958323,-0.232530,5.29,0.791,0.855,1.000
-0.560978,-0.355823,-0.747458,6.56,0.801,0.861,1.000
-0.510022,-0.525071,-0.681306,6.33,1.000,0.894,0.807
-0.602927,-0.043920,-0.796586,6.39,0.921,0.932,1.000
-0.595835,-0.153264,-0.788347,6.43,1.000,0.836,0.705
-0.539957,-0.440448,-0.717253,6.62,0.824,0.875,1.000
-0.124793,-0.976237,-0.177165,4.35,1.000,0.843,0.717
-0.360457,-0.796609,-0.485268,6.05,0.807,0.865,1.000
-0.596035,-0.169321,-0.784903,6.00,0.984,0.968,1.000
-0.492258,-0.575204,-0.653317,5.75,0.742,0.825,1.000
-0.555595,-0.391882,-0.733309,6.51,0.804,0.863,1.000
-0.564916,-0.357558,-0.743655,6.67,0.769,0.842,1.000
-0.254922,-0.903342,-0.344948,5.97,1.000,0.882,0.786
-0.240263,-0.914515,-0.325478,3.77,1.000,0.849,0.727
-0.488134,0.605514,-0.628552,6.18,0.778,0.847,1.000
-0.344000,-0.819269,-0.458762,6.53,0.781,0.849,1.000
-0.360617,-0.799565,-0.480261,5.09,0.880,0.909,1.000
-0.370680,0.799839,-0.472074,6.24,1.000,0.872,0.768
-0.166535,0.964666,-0.204170,6.31,1.000,0.963,0.925
-0.539135,-0.459154,-0.706053,6.70,0.748,0.828,1.000
-0.262522,0.907374,-0.328258,5.47,0.850,0.891,1.000
-0.560535,0.408030,-0.720633,5.75,0.894,0.917,1.000
-0.434548,-0.696671,-0.570804,5.79,0.739,0.823,1.000
-0.583890,0.310584,-0.750073,5.35,1.000,0.777,0.595
-0.405759,-0.742317,-0.533222,5.33,0.745,0.826,1.000
-0.431191,-0.703705,-0.564689,4.99,0.739,0.823,1.000
-0.487519,0.615887,-0.618877,5.90,1.000,0.852,0.734
-0.606346,0.170458,-0.776716,6.83,0.766,0.840,1.000
-0.516755,-0.532277,-0.670556,5.65,1.000,0.788,0.615
-0.419763,-0.723352,-0.548234,5.99,0.742,0.825,1.000
-0.489324,-0.597921,-0.634865,6.69,1.000,0.723,0.488
-0.499072,0.593930,-0.631010,6.24,0.939,0.943,1.000
-0.579174,0.349244,-0.736604,5.33,1.000,0.827,0.689
-0.578497,-0.335082,-0.743681,5.42,0.769,0.842,1.000
-0.346725,-0.821061,-0.453477,6.36,1.000,0.915,0.844
-0.565203,0.408087,-0.716946,6.36,1.000,0.870,0.765
-0.204058,-0.940249,-0.272567,5.53,0.778,0.847,1.000
-0.434034,-0.703856,-0.562317,6.30,0.781,0.849,1.000
-0.608433,0.174784,-0.774119,6.46,0.781,0.849,1.000
-0.476448,-0.630190,-0.613072,6.31,0.742,0.825,1.000
-0.596443,-0.259315,-0.759613,6.38,0.889,0.914,1.000
-0.411127,-0.741586,-0.530118,6.39,0.742,0.825,1.000
-0.605099,0.229323,-0.762408,6.28,1.000,0.841,0.714
-0.502936,0.593692,-0.628160,5.78,0.801,0.861,1.000
-0.619434,0.082924,-0.780657,5.87,1.000,0.860,0.747
-0.180892,0.959460,-0.216134,6.15,1.000,0.870,0.765
-0.616502,0.146980,-0.773513,6.03,0.921,0.932,1.000
-0.563123,-0.416382,-0.713806,6.19,0.889,0.914,1.000
-0.357427,-0.813041,-0.459576,6.34,1.000,0.817,0.670
-0.622167,-0.037545,-0.781984,5.81,0.788,0.853,1.000
-0.527446,-0.522511,-0.669913,6.38,1.000,0.918,0.848
-0.509325,-0.568331,-0.646211,6.36,1.000,0.884,0.789
-0.368855,-0.800859,-0.471774,5.69,1.000,0.968,0.934
-0.590729,0.335287,-0.733909,6.58,1.000,0.943,0.892
-0.486264,-0.620753,-0.614991,6.49,0.733,0.819,1.000
-0.483854,-0.627269,-0.610262,5.96,0.745,0.826,1.000
-0.423633,-0.731010,-0.534939,6.24,1.000,0.777,0.595
-0.270304,0.906461,-0.324443,5.64,1.000,0.958,0.917
-0.626616,0.047867,-0.777857,6.33,1.000,0.870,0.765
-0.093003,-0.987453,-0.127621,5.69,1.000,0.870,0.765
-0.607396,0.264102,-0.749213,6.32,1.000,0.963,0.925
-0.624619,0.115284,-0.772373,5.99,1.000,0.984,0.960
-0.624633,0.115327,-0.772356,7.25,1.000,0.936,0.880
-0.525966,-0.538750,-0.658110,6.43,1.000,0.927,0.864
-0.621442,-0.138866,-0.771056,5.72,0.778,0.847,1.000
-0.494456,-0.610303,-0.618905,6.30,1.000,0.777,0.595
-0.379975,0.802832,-0.459434,5.66,1.000,0.882,0.786
-0.320590,0.865496,-0.384887,6.48,1.000,0.963,0.925
-0.559932,-0.451557,-0.694675,5.96,0.946,0.946,1.000
-0.278779,0.901287,-0.331608,4.60,1.000,0.841,0.714
-0.480243,-0.642386,-0.597249,6.47,1.000,0.968,0.934
-0.385492,0.797847,-0.463504,6.42,1.000,0.963,0.925
-0.624064,0.167725,-0.763159,5.88,0.817,0.871,1.000
-0.402204,-0.765418,-0.502362,5.01,1.000,0.814,0.664
-0.387985,0.795597,-0.465288,5.91,1.000,0.841,0.714
-0.535550,0.541737,-0.647848,5.94,1.000,0.851,0.731
-0.631778,0.099382,-0.768752,4.16,0.788,0.853,1.000
-0.631880,-0.086001,-0.770280,6.19,1.000,0.864,0.754
-0.627505,0.166334,-0.760638,6.53,0.781,0.849,1.000
-0.396019,-0.776816,-0.489618,5.80,0.748,0.828,1.000
-0.332193,-0.848133,-0.412697,4.86,1.000,0.874,0.771
-0.330062,-0.850123,-0.410306,5.26,0.745,0.826,1.000
-0.632913,-0.116021,-0.765480,6.51,1.000,0.978,1.000
-0.177025,-0.958106,-0.225154,6.12,1.000,0.884,0.789
-0.637537,0.058285,-0.768212,4.44,1.000,0.834,0.701
-0.527490,-0.555510,-0.642777,6.48,0.921,0.932,1.000
-0.570064,-0.442367,-0.692343,5.27,0.775,0.845,1.000
-0.484488,-0.644758,-0.591235,6.55,1.000,0.963,0.925
-0.450224,0.717323,-0.531739,5.37,1.000,0.876,0.775
-0.546324,0.529060,-0.649327,6.10,1.000,0.963,0.925
-0.634550,0.139471,-0.760193,6.45,1.000,0.858,0.744
-0.600837,-0.337702,-0.724536,6.33,1.000,0.773,0.587
-0.464405,-0.681860,-0.565150,4.14,0.824,0.875,1.000
-0.604328,0.342148,-0.719530,6.39,1.000,0.878,0.778
-0.606438,0.336602,-0.720370,6.44,1.000,0.870,0.765
-0.607166,0.334547,-0.720713,6.30,0.847,0.889,1.000
-0.590483,-0.385293,-0.709139,5.05,1.000,0.931,0.872
-0.627693,-0.216018,-0.747889,4.98,1.000,0.799,0.636
-0.289164,-0.889844,-0.352934,5.47,1.000,0.870,0.765
-0.558267,-0.493352,-0.667039,4.89,1.000,0.894,0.807
-0.514298,-0.596322,-0.616358,6.13,0.984,0.968,1.000
-0.383509,-0.799586,-0.462151,6.47,0.757,0.834,1.000
-0.446012,0.730176,-0.517607,6.22,1.000,0.882,0.786
-0.638165,-0.157330,-0.753653,6.63,0.781,0.849,1.000
-0.524831,-0.577976,-0.624897,3.97,1.000,0.886,0.793
-0.491314,-0.646313,-0.583859,5.20,0.785,0.851,1.000
-0.381686,-0.803231,-0.457315,5.48,0.739,0.823,1.000
-0.623578,-0.274687,-0.731914,4.88,1.000,0.862,0.751
-0.386266,-0.799213,-0.460497,5.19,0.745,0.826,1.000
-0.317014,-0.868780,-0.380424,6.36,0.788,0.853,1.000
-0.454383,-0.709465,-0.538698,5.71,1.000,0.764,0.570
-0.442689,-0.727161,-0.524656,3.84,1.000,0.936,0.880
-0.635866,-0.207333,-0.743430,6.45,0.843,0.886,1.000
-0.388129,-0.797815,-0.461354,3.62,0.733,0.819,1.000
-0.387285,-0.798796,-0.460364,5.61,0.745,0.826,1.000
-0.608346,0.365991,-0.704248,4.66,0.794,0.857,1.000
-0.637499,0.219520,-0.738517,5.64,0.960,0.954,1.000
-0.524959,0.600672,-0.603001,6.33,1.000,0.963,0.925
-0.438528,-0.735115,-0.517010,4.77,0.828,0.878,1.000
-0.424748,-0.753821,-0.501341,5.90,0.723,0.813,1.000
-0.652354,0.059282,-0.755593,4.30,0.726,0.815,1.000
-0.346243,-0.843816,-0.409989,6.34,0.859,0.896,1.000
-0.455804,-0.712159,-0.533922,5.23,0.863,0.898,1.000
-0.324749,-0.863933,-0.384913,4.33,0.754,0.832,1.000
-0.654166,0.075583,-0.752565,6.37,0.769,0.842,1.000
-0.649770,-0.125915,-0.749630,4.62,1.000,0.907,0.829
-0.214736,-0.941981,-0.257993,5.20,0.791,0.855,1.000
-0.625542,0.311575,-0.715275,3.94,1.000,0.858,0.744
-0.434320,-0.744302,-0.507327,5.51,0.733,0.819,1.000
-0.528339,-0.586985,-0.613438,6.42,0.794,0.857,1.000
-0.567958,0.510510,-0.645603,6.13,1.000,0.886,0.793
-0.648357,0.175052,-0.740939,5.66,0.754,0.832,1.000
-0.390569,-0.799685,-0.456027,5.52,0.742,0.825,1.000
-0.390662,-0.799830,-0.455692,4.86,0.736,0.821,1.000
-0.547926,-0.547364,-0.632589,3.68,0.733,0.819,1.000
-0.656179,0.098982,-0.748086,6.13,0.859,0.896,1.000
-0.265639,0.918502,-0.292899,6.20,0.754,0.832,1.000
-0.365936,-0.826827,-0.427139,6.29,1.000,0.840,0.711
-0.659802,-0.045378,-0.750068,6.41,1.000,0.984,0.960
-0.614613,-0.361100,-0.701326,6.11,0.867,0.901,1.000
-0.582759,0.481223,-0.654841,6.57,0.801,0.861,1.000
-0.582874,0.481142,-0.654798,4.02,1.000,0.872,0.768
-0.422561,-0.764053,-0.487510,5.16,0.726,0.815,1.000
-0.483510,-0.677507,-0.554258,4.07,1.000,0.900,0.818
-0.662332,-0.035752,-0.748356,5.70,1.000,0.854,0.737
-0.525203,-0.603865,-0.599591,5.76,0.742,0.825,1.000
-0.650801,-0.190918,-0.734853,6.25,1.000,0.770,0.581
-0.650851,0.209789,-0.729644,5.87,0.824,0.875,1.000
-0.660985,0.111797,-0.742025,3.38,1.000,0.943,0.892
-0.598103,-0.428738,-0.677094,6.10,0.814,0.869,1.000
-0.645373,-0.234256,-0.727061,4.32,1.000,0.894,0.807
-0.380367,-0.816222,-0.434860,1.96,0.801,0.861,1.000
-0.666330,-0.033107,-0.744922,5.29,0.801,0.861,1.000
-0.460012,-0.719845,-0.519820,3.91,0.788,0.853,1.000
-0.500108,-0.657711,-0.563301,6.21,0.772,0.844,1.000
-0.342447,-0.854685,-0.390183,6.21,0.760,0.836,1.000
-0.547479,-0.568171,-0.614369,6.37,0.748,0.828,1.000
-0.243399,-0.928561,-0.280233,6.32,1.000,0.786,0.613
-0.667057,0.101712,-0.738031,4.36,0.775,0.845,1.000
-0.665015,-0.114220,-0.738044,6.09,1.000,0.822,0.679
-0.462178,-0.718281,-0.520061,5.46,0.889,0.914,1.000
-0.269340,-0.912303,-0.308479,6.05,0.859,0.896,1.000
-0.461968,-0.721223,-0.516162,5.75,1.000,0.974,0.943
-0.498522,-0.665715,-0.555247,6.36,1.000,0.968,0.934
-0.364386,-0.836475,-0.409307,4.49,0.736,0.821,1.000
-0.566200,0.548808,-0.615002,6.25,1.000,0.993,0.974
-0.672318,-0.060056,-0.737822,5.31,0.760,0.836,1.000
-0.493970,-0.675125,-0.547904,6.43,0.726,0.815,1.000
-0.123899,-0.981505,-0.145935,5.47,0.757,0.834,1.000
-0.404092,-0.797063,-0.448776,6.30,0.757,0.834,1.000
-0.641710,0.322798,-0.695708,6.16,0.785,0.851,1.000
-0.322635,0.882638,-0.341844,5.73,0.894,0.917,1.000
-0.352481,0.857671,-0.374376,6.25,1.000,0.963,0.925
-0.629756,-0.359160,-0.688775,6.47,0.871,0.903,1.000
-0.492720,0.691219,-0.528624,5.15,1.000,0.878,0.778
-0.480042,0.710953,-0.513912,5.99,1.000,0.826,0.685
-0.654661,0.264724,-0.708054,6.38,1.000,0.953,0.908
-0.507199,0.669163,-0.543112,5.99,1.000,0.827,0.689
-0.567619,-0.541423,-0.620217,5.21,1.000,0.900,0.818
-0.588321,-0.491862,-0.641833,5.87,1.000,0.884,0.789
-0.514244,-0.647063,-0.562905,5.48,0.807,0.865,1.000
-0.594071,-0.478969,-0.646273,6.17,0.763,0.838,1.000
-0.523663,-0.631240,-0.572113,6.39,0.871,0.903,1.000
-0.599621,-0.464997,-0.651332,4.01,1.000,0.824,0.682
-0.576907,0.536919,-0.615545,5.66,0.867,0.901,1.000
-0.474675,-0.710898,-0.518948,4.93,0.804,0.863,1.000
-0.602053,0.473461,-0.642937,6.23,1.000,0.768,0.578
-0.601984,0.474562,-0.642189,5.95,1.000,0.900,0.818
-0.675308,-0.124939,-0.726877,5.54,0.839,0.884,1.000
-0.123902,-0.981859,-0.143534,6.05,0.871,0.903,1.000
-0.502186,-0.670297,-0.546362,6.00,0.757,0.834,1.000
-0.680319,0.093066,-0.726983,6.33,0.828,0.878,1.000
-0.466030,-0.725725,-0.506102,5.10,0.723,0.813,1.000
-0.559948,0.581248,-0.590432,6.14,0.801,0.861,1.000
-0.665476,-0.228922,-0.710448,6.13,1.000,0.847,0.724
-0.501526,-0.675647,-0.540344,6.55,0.801,0.861,1.000
-0.298761,0.903364,-0.307692,5.58,1.000,0.902,0.822
-0.593289,0.508733,-0.623859,5.39,1.000,0.864,0.754
-0.576303,-0.537435,-0.615662,6.50,1.000,0.793,0.624
-0.549553,-0.595462,-0.586017,6.42,1.000,0.974,0.943
-0.534061,-0.625572,-0.568717,5.82,1.000,0.786,0.613
-0.364428,-0.844642,-0.392137,5.59,0.754,0.832,1.000
-0.266953,-0.919088,-0.289852,5.35,0.984,0.968,1.000
-0.686200,-0.094707,-0.721221,6.00,1.000,0.946,0.896
-0.454522,-0.747325,-0.484681,5.91,0.742,0.825,1.000
-0.612820,0.468354,-0.636472,5.22,1.000,0.874,0.771
-0.661623,0.296231,-0.688841,6.64,1.000,0.716,0.475
-0.419998,-0.789397,-0.447722,6.39,0.788,0.853,1.000
-0.120655,-0.983269,-0.136471,5.79,1.000,0.771,0.584
-0.202426,-0.953983,-0.221222,6.11,0.859,0.896,1.000
-0.487576,0.714863,-0.501240,5.74,1.000,0.856,0.741
-0.531782,0.645480,-0.548237,5.89,0.933,0.939,1.000
-0.689025,0.103583,-0.717297,3.11,1.000,0.874,0.771
-0.523465,-0.648751,-0.552365,6.47,1.000,0.882,0.786
-0.376797,-0.835323,-0.400325,6.03,0.781,0.849,1.000
-0.680181,0.201524,-0.704799,5.41,1.000,0.793,0.624
-0.464530,-0.737523,-0.490176,5.33,0.885,0.911,1.000
-0.686366,-0.138659,-0.713915,6.91,1.000,0.963,0.925
-0.686370,-0.138674,-0.713909,6.67,0.867,0.901,1.000
-0.657380,-0.313021,-0.685470,5.75,1.000,0.815,0.667
-0.585662,0.543325,-0.601496,5.45,0.828,0.878,1.000
-0.613826,-0.464563,-0.638278,4.89,0.824,0.875,1.000
-0.694683,0.073876,-0.715513,6.14,1.000,0.874,0.771
-0.667194,0.294772,-0.684077,6.17,1.000,0.874,0.771
-0.635298,-0.403838,-0.658263,6.39,0.843,0.886,1.000
-0.340191,-0.869100,-0.359077,5.78,0.763,0.838,1.000
-0.673734,0.264256,-0.690110,5.20,0.839,0.884,1.000
-0.489334,-0.707621,-0.509731,6.26,0.739,0.823,1.000
-0.605513,0.503527,-0.616291,6.29,0.993,0.973,1.000
-0.667033,-0.287518,-0.687314,5.96,1.000,0.780,0.601
-0.673911,0.268607,-0.688255,5.67,0.859,0.896,1.000
-0.569620,0.584993,-0.577335,6.51,0.785,0.851,1.000
-0.690600,0.163116,-0.704602,6.19,1.000,0.878,0.778
-0.363820,-0.850260,-0.380384,6.38,0.754,0.832,1.000
-0.471125,0.743631,-0.474398,3.14,0.854,0.893,1.000
-0.397335,-0.818807,-0.414343,5.71,1.000,0.995,0.979
-0.339068,-0.871597,-0.354051,3.84,0.757,0.834,1.000
-0.687433,0.205483,-0.696572,4.25,0.835,0.882,1.000
-0.701081,0.026904,-0.712574,6.59,0.807,0.865,1.000
-0.421341,-0.795723,-0.435082,4.69,0.751,0.830,1.000
-0.595716,0.536101,-0.598095,5.20,1.000,0.888,0.796
-0.272090,0.924744,-0.266113,4.76,1.000,0.782,0.604
-0.669574,0.311252,-0.674383,6.38,1.000,0.779,0.598
-0.675492,-0.277864,-0.683010,5.86,1.000,0.982,0.956
-0.528743,0.666308,-0.525798,3.97,1.000,0.978,1.000
-0.561453,0.610207,-0.558944,6.44,1.000,0.963,0.925
-0.076328,0.994847,-0.066730,6.33,0.904,0.923,1.000
-0.356948,-0.859223,-0.366503,4.92,0.729,0.817,1.000
-0.463620,-0.749803,-0.472072,5.87,1.000,0.860,0.747
-0.666765,-0.328999,-0.668718,6.18,1.000,1.000,0.988
-0.617607,-0.481847,-0.621599,6.25,1.000,0.874,0.771
-0.547907,0.638947,-0.539949,6.36,0.904,0.923,1.000
-0.601650,0.533651,-0.594335,5.82,0.788,0.853,1.000
-0.477753,-0.734141,-0.482481,5.18,0.880,0.909,1.000
-0.629830,0.467973,-0.619932,6.07,1.000,0.963,0.925
-0.708344,0.098292,-0.698990,6.07,1.000,0.852,0.734
-0.531808,-0.659397,-0.531391,4.45,1.000,0.951,0.904
-0.419940,0.811919,-0.405508,5.75,0.794,0.857,1.000
-0.516516,-0.684208,-0.514851,6.07,0.739,0.823,1.000
-0.488375,0.733216,-0.473165,3.60,0.788,0.853,1.000
-0.651326,0.413943,-0.635945,5.45,0.775,0.845,1.000
-0.713123,-0.008426,-0.700988,5.67,1.000,0.845,0.721
-0.635182,-0.448756,-0.628619,6.20,1.000,0.849,0.727
-0.362352,-0.857918,-0.364249,5.16,0.984,0.968,1.000
-0.709733,0.127031,-0.692922,5.85,1.000,0.852,0.734
-0.529686,-0.667371,-0.523497,5.55,0.745,0.826,1.000
-0.636179,0.467904,-0.613467,6.38,0.788,0.853,1.000
-0.551385,-0.634764,-0.541340,6.27,1.000,0.874,0.771
-0.479169,0.749306,-0.457098,5.95,1.000,0.984,1.000
-0.344341,-0.874314,-0.342059,5.79,1.000,0.834,0.701
-0.436789,-0.790030,-0.430194,5.23,0.751,0.830,1.000
-0.609864,0.535487,-0.584226,6.46,0.876,0.906,1.000
-0.646903,-0.430581,-0.629378,6.74,0.778,0.847,1.000
-0.370949,0.860248,-0.349814,6.45,0.801,0.861,1.000
-0.287710,0.919639,-0.267372,5.14,1.000,0.785,0.610
-0.258320,-0.931589,-0.255759,5.88,1.000,0.767,0.575
-0.425730,-0.804373,-0.414414,6.40,0.760,0.836,1.000
-0.569305,0.621862,-0.537754,4.56,1.000,0.866,0.758
-0.722432,0.088759,-0.685722,4.97,1.000,0.833,0.698
-0.490010,-0.732516,-0.472557,3.75,1.000,0.836,0.705
-0.286140,-0.916336,-0.280095,4.00,0.835,0.882,1.000
-0.286923,0.921421,-0.262027,4.80,1.000,0.993,0.974
-0.671796,0.390428,-0.629490,6.40,1.000,0.963,0.925
-0.728129,0.025528,-0.684965,6.17,1.000,0.764,0.570
-0.455839,0.783745,-0.421847,4.48,0.889,0.914,1.000
-0.616711,0.537896,-0.574748,6.50,0.939,0.943,1.000
-0.635571,0.494764,-0.592671,5.43,1.000,0.896,0.811
-0.384049,-0.846681,-0.368290,6.44,0.880,0.909,1.000
-0.717972,0.185119,-0.671005,5.24,0.754,0.832,1.000
-0.330019,0.895040,-0.299983,4.67,0.933,0.939,1.000
-0.609259,0.557488,-0.563925,5.93,1.000,0.963,0.925
-0.655869,0.448214,-0.607404,5.98,1.000,0.948,0.900
-0.681616,0.375344,-0.628106,5.14,1.000,0.880,0.782
-0.658256,-0.436147,-0.613575,4.58,1.000,0.773,0.587
-0.408641,-0.827113,-0.385870,6.11,0.742,0.825,1.000
-0.725217,-0.149353,-0.672127,5.60,0.769,0.842,1.000
-0.456740,-0.779469,-0.428739,6.73,1.000,0.768,0.578
-0.312449,-0.902583,-0.296175,6.37,1.000,0.810,0.657
-0.235763,0.949183,-0.208488,6.55,1.000,0.882,0.786
-0.531091,-0.687500,-0.495265,2.21,1.000,0.763,0.567
-0.721656,0.200470,-0.662590,6.48,0.927,0.936,1.000
-0.717863,-0.214016,-0.662473,5.77,1.000,0.886,0.793
-0.654904,-0.450375,-0.606846,6.15,0.847,0.889,1.000
-0.697271,-0.314467,-0.644146,5.73,0.788,0.853,1.000
-0.633843,0.514485,-0.577537,5.95,1.000,0.761,0.564
-0.684560,0.374548,-0.625373,6.01,1.000,0.894,0.807
-0.727432,-0.152775,-0.668957,5.46,1.000,0.872,0.768
-0.241309,-0.942868,-0.229718,4.71,0.742,0.825,1.000
-0.216115,-0.954255,-0.206620,4.48,1.000,0.961,0.921
-0.635985,-0.505511,-0.583079,5.59,0.854,0.893,1.000
-0.221231,0.956029,-0.192522,5.96,0.850,0.891,1.000
-0.678814,-0.393568,-0.619933,6.53,0.788,0.853,1.000
-0.479083,-0.759552,-0.439955,6.48,0.847,0.889,1.000
-0.358726,0.878178,-0.316417,5.13,1.000,0.968,0.934
-0.739550,0.095296,-0.666322,6.35,0.915,0.929,1.000
-0.718663,0.258753,-0.645423,6.51,1.000,0.931,0.872
-0.742079,0.067445,-0.666911,6.14,0.785,0.851,1.000
-0.545392,0.684773,-0.483357,5.32,0.745,0.826,1.000
-0.699380,-0.337880,-0.629845,5.73,1.000,0.878,0.778
-0.524770,-0.705477,-0.476361,5.00,0.871,0.903,1.000
-0.738685,-0.123770,-0.662590,6.11,0.867,0.901,1.000
-0.574697,-0.632825,-0.518899,6.00,0.754,0.832,1.000
-0.696854,0.362980,-0.618578,6.48,0.794,0.857,1.000
-0.509860,-0.726381,-0.460883,5.79,0.723,0.813,1.000
-0.381556,-0.856870,-0.346682,3.44,0.729,0.817,1.000
-0.413633,0.836204,-0.360099,5.27,1.000,0.777,0.595
-0.539120,-0.689792,-0.483257,5.57,0.754,0.832,1.000
-0.443690,0.809242,-0.385054,4.83,0.854,0.893,1.000
-0.344264,-0.885533,-0.311950,3.97,0.733,0.819,1.000
-0.619180,0.568327,-0.541868,5.97,1.000,0.902,0.822
-0.749398,0.040379,-0.660887,3.88,0.769,0.842,1.000
-0.210886,0.961340,-0.177064,6.50,1.000,0.963,0.925
-0.583905,-0.624103,-0.519182,6.31,0.788,0.853,1.000
-0.552704,-0.672672,-0.491966,6.29,1.000,0.827,0.689
-0.727059,0.257831,-0.636324,5.34,1.000,0.815,0.667
-0.506707,-0.735371,-0.449974,5.92,0.772,0.844,1.000
-0.537711,-0.696487,-0.475155,5.85,0.751,0.830,1.000
-0.379504,-0.860870,-0.338938,5.54,1.000,0.905,0.826
-0.546578,-0.684897,-0.481838,5.25,0.745,0.826,1.000
-0.727289,-0.259236,-0.635490,6.35,0.794,0.857,1.000
-0.519435,0.729174,-0.445524,5.97,0.801,0.861,1.000
-0.595548,-0.610180,-0.522497,5.86,1.000,0.909,0.833
-0.052694,-0.997137,-0.054240,5.42,0.910,0.926,1.000
-0.423952,-0.824815,-0.374093,5.27,1.000,0.876,0.775
-0.526941,-0.713930,-0.461126,6.25,0.763,0.838,1.000
-0.752049,-0.110655,-0.649753,5.24,1.000,0.841,0.714
-0.589197,-0.623470,-0.513937,4.94,1.000,0.852,0.734
-0.747881,-0.152032,-0.646189,5.47,0.760,0.836,1.000
-0.598881,-0.607561,-0.521739,4.62,1.000,0.984,1.000
-0.258825,-0.937993,-0.230605,1.68,0.788,0.853,1.000
-0.621104,0.578771,-0.528445,5.75,1.000,0.963,0.925
-0.733535,-0.251624,-0.631357,5.84,1.000,0.862,0.751
-0.534746,-0.705854,-0.464561,6.04,0.894,0.917,1.000
-0.744739,0.199387,-0.636874,6.41,0.811,0.867,1.000
-0.610774,0.599059,-0.517768,3.82,0.807,0.865,1.000
-0.394520,-0.851623,-0.345098,6.02,0.757,0.834,1.000
-0.541243,-0.697988,-0.468901,5.12,1.000,0.761,0.564
-0.403997,-0.844123,-0.352481,6.32,1.000,0.866,0.758
-0.585282,-0.634749,-0.504519,5.33,1.000,0.841,0.714
-0.171565,-0.973030,-0.154200,6.14,1.000,0.856,0.741
-0.405357,-0.843779,-0.351741,4.34,1.000,0.767,0.575
-0.480596,0.780060,-0.400666,6.13,0.984,0.968,1.000
-0.423224,0.835799,-0.349743,5.47,1.000,0.770,0.581
-0.387181,-0.859632,-0.333352,2.25,0.850,0.891,1.000
-0.441135,-0.814068,-0.377748,6.33,1.000,0.801,0.639
-0.604271,0.618248,-0.502619,6.12,0.953,0.950,1.000
-0.749950,-0.196189,-0.631731,6.62,0.814,0.869,1.000
-0.478184,-0.777707,-0.408059,5.26,0.766,0.840,1.000
-0.735770,-0.272859,-0.619832,5.78,1.000,0.820,0.676
-0.634565,0.564859,-0.527505,3.13,1.000,0.779,0.598
-0.748752,-0.207485,-0.629540,4.79,1.000,0.888,0.796
-0.646581,0.543203,-0.535596,6.16,1.000,0.856,0.741
-0.473971,-0.783266,-0.402301,5.87,1.000,0.979,0.951
-0.756750,-0.166009,-0.632274,4.80,1.000,0.888,0.796
-0.633837,-0.560687,-0.532804,6.39,0.757,0.834,1.000
-0.742030,0.265070,-0.615735,6.53,0.785,0.851,1.000
-0.275613,-0.931624,-0.236883,5.39,0.984,0.968,1.000
-0.296340,-0.920851,-0.253408,6.11,1.000,0.826,0.685
-0.740254,-0.269219,-0.616073,6.33,1.000,1.000,0.988
-0.653087,-0.526371,-0.544437,6.82,0.788,0.853,1.000
-0.608176,-0.609888,-0.508093,6.05,1.000,0.804,0.645
-0.436606,-0.821016,-0.367841,6.28,0.757,0.834,1.000
-0.692469,-0.437831,-0.573403,4.72,1.000,0.767,0.575
-0.202549,0.966369,-0.158448,6.29,0.811,0.867,1.000
-0.197734,-0.965447,-0.169743,5.29,0.794,0.857,1.000
-0.199800,-0.964717,-0.171466,5.86,0.781,0.849,1.000
-0.343485,0.898341,-0.273865,6.28,1.000,0.793,0.624
-0.702111,0.425512,-0.570946,6.41,1.000,0.911,0.837
-0.762590,-0.170878,-0.623904,6.53,0.867,0.901,1.000
-0.484580,0.783410,-0.389166,6.31,1.000,0.927,0.864
-0.571356,-0.671656,-0.471625,5.58,1.000,0.767,0.575
-0.624838,0.596042,-0.504293,6.67,0.863,0.898,1.000
-0.356076,-0.886242,-0.296286,4.81,1.000,0.886,0.793
-0.594347,-0.639771,-0.487283,6.54,1.000,0.849,0.727
-0.536325,-0.719915,-0.440542,5.75,1.000,0.890,0.800
-0.699018,0.441227,-0.562754,4.46,1.000,0.831,0.695
-0.436624,-0.824274,-0.360459,5.63,0.854,0.893,1.000
-0.678880,-0.482272,-0.553656,4.69,1.000,0.890,0.800
-0.442646,-0.819260,-0.364522,2.50,0.733,0.819,1.000
-0.613871,-0.612317,-0.498227,6.48,0.850,0.891,1.000
-0.748853,0.285447,-0.598113,6.29,1.000,0.880,0.782
-0.600880,-0.635079,-0.485405,6.06,0.859,0.896,1.000
-0.777863,-0.089199,-0.622072,5.59,1.000,0.783,0.607
-0.481248,-0.785179,-0.389736,6.08,1.000,0.971,0.938
-0.384274,-0.868653,-0.312690,6.30,1.000,0.790,0.618
-0.783361,-0.025547,-0.621042,6.01,1.000,0.815,0.667
-0.369170,-0.880054,-0.298695,5.99,1.000,0.862,0.751
-0.552579,0.714490,-0.429140,5.41,1.000,0.878,0.778
-0.775811,-0.160288,-0.610266,6.54,0.804,0.863,1.000
-0.687661,-0.481562,-0.543342,6.10,0.757,0.834,1.000
-0.596062,-0.649474,-0.472116,6.20,0.880,0.909,1.000
-0.446245,0.826546,-0.343056,6.45,1.000,0.963,0.925
-0.777931,-0.150547,-0.610049,1.98,1.000,0.796,0.630
-0.727120,-0.380165,-0.571639,4.69,1.000,0.847,0.724
-0.783003,-0.105763,-0.612960,5.38,1.000,0.953,0.908
-0.122423,0.988563,-0.088062,4.29,1.000,0.790,0.618
-0.367310,-0.882540,-0.293609,5.77,0.839,0.884,1.000
-0.467327,-0.802601,-0.370726,5.11,0.754,0.832,1.000
-0.779401,0.157411,-0.606429,5.41,1.000,0.963,0.925
-0.781269,0.142427,-0.607727,5.71,1.000,0.866,0.758
-0.644646,-0.573688,-0.505286,6.65,0.859,0.896,1.000
-0.361242,0.891497,-0.273382,3.67,0.921,0.932,1.000
-0.790597,-0.021936,-0.611943,6.27,0.889,0.914,1.000
-0.790162,-0.048307,-0.610991,4.60,1.000,1.000,0.988
-0.791193,-0.038480,-0.610355,6.14,0.867,0.901,1.000
-0.332460,-0.905789,-0.262711,6.05,0.839,0.884,1.000
-0.789955,-0.074060,-0.608676,6.26,1.000,0.907,0.829
-0.739933,-0.354268,-0.571833,5.66,1.000,0.771,0.584
-0.661963,0.554199,-0.504646,5.85,1.000,0.864,0.754
-0.640605,-0.587099,-0.494915,4.51,1.000,0.796,0.630
-0.620193,-0.621201,-0.479030,6.19,0.867,0.901,1.000
-0.727994,-0.396271,-0.559459,6.24,1.000,0.776,0.592
-0.246368,0.952159,-0.180821,5.72,1.000,0.995,0.979
-0.652389,0.575049,-0.493667,5.37,1.000,0.782,0.604
-0.709226,-0.447599,-0.544659,5.48,1.000,0.809,0.654
-0.277602,0.938675,-0.204513,4.56,1.000,0.922,0.856
-0.765176,-0.268537,-0.585144,5.85,1.000,0.836,0.705
-0.734644,0.390218,-0.555003,4.31,1.000,0.780,0.601
-0.218757,0.962776,-0.158771,6.46,0.757,0.834,1.000
-0.496618,0.784530,-0.371326,3.17,1.000,1.000,0.988
-0.367605,-0.885175,-0.285187,5.92,1.000,0.854,0.737
-0.247947,-0.948888,-0.195278,5.47,1.000,0.858,0.744
-0.521229,0.759710,-0.388795,6.76,1.000,0.963,0.925
-0.787077,0.168762,-0.593320,5.07,1.000,0.807,0.651
-0.675300,-0.528311,-0.514643,7.00,0.817,0.871,1.000
-0.675341,-0.528282,-0.514619,6.18,0.797,0.859,1.000
-0.783013,0.195941,-0.590337,4.97,1.000,0.864,0.754
-0.312211,-0.918460,-0.242809,5.91,0.791,0.855,1.000
-0.493831,-0.782795,-0.378633,5.45,0.757,0.834,1.000
-0.784221,-0.183132,-0.592841,6.14,0.876,0.906,1.000
-0.604982,-0.649006,-0.461290,3.60,0.939,0.943,1.000
-0.798417,-0.020681,-0.601750,4.57,0.821,0.873,1.000
-0.785408,-0.180014,-0.592224,6.13,1.000,0.838,0.708
-0.677191,-0.528023,-0.512450,5.93,0.885,0.911,1.000
-0.647472,-0.583754,-0.489909,5.87,1.000,0.820,0.676
-0.645260,0.594640,-0.479628,6.18,1.000,0.824,0.682
-0.705734,0.475134,-0.525535,6.53,0.828,0.878,1.000
-0.416701,-0.851376,-0.318621,5.88,1.000,0.757,0.556
-0.800020,0.032530,-0.599091,6.11,1.000,0.958,0.917
-0.124492,-0.987100,-0.100676,5.36,1.000,0.984,1.000
-0.754131,-0.332166,-0.566526,5.74,0.835,0.882,1.000
-0.549810,0.730189,-0.405627,6.52,0.867,0.901,1.000
-0.701711,-0.479122,-0.527299,6.46,0.921,0.932,1.000
-0.495649,0.788563,-0.364007,4.50,0.791,0.855,1.000
-0.647506,0.593384,-0.478154,4.55,1.000,0.890,0.800
-0.792532,-0.147901,-0.591623,6.12,1.000,0.878,0.778
-0.778882,-0.233733,-0.581989,5.94,1.000,0.786,0.613
-0.433451,-0.838998,-0.328942,3.13,1.000,0.779,0.598
-0.737407,0.398011,-0.545727,6.25,1.000,0.793,0.624
-0.795820,-0.125160,-0.592457,6.24,1.000,0.841,0.714
-0.236883,0.956715,-0.169066,6.42,1.000,0.963,0.925
-0.606573,-0.651429,-0.455752,5.35,1.000,0.894,0.807
-0.747960,-0.360255,-0.557470,5.01,1.000,0.870,0.765
-0.621310,0.637712,-0.455300,4.81,1.000,0.876,0.775
-0.739349,-0.388543,-0.549907,5.91,0.794,0.857,1.000
-0.618841,0.642297,-0.452205,6.76,0.933,0.939,1.000
-0.621818,-0.631067,-0.463785,6.43,0.921,0.932,1.000
-0.315178,-0.918581,-0.238479,6.27,1.000,0.810,0.657
-0.800982,-0.103053,-0.589753,5.56,1.000,0.843,0.717
-0.655372,0.585103,-0.477642,5.41,1.000,0.922,0.856
-0.365484,-0.889328,-0.274804,6.10,1.000,0.797,0.633
-0.526884,-0.754767,-0.390794,5.12,0.751,0.830,1.000
-0.783377,0.248347,-0.569775,6.36,0.791,0.855,1.000
-0.503333,-0.779942,-0.371949,5.01,0.733,0.819,1.000
-0.693850,0.517455,-0.500812,5.56,1.000,0.773,0.587
-0.232119,-0.956716,-0.175542,5.47,1.000,0.777,0.595
-0.761158,-0.335182,-0.555241,6.31,0.807,0.865,1.000
-0.654292,-0.585296,-0.478884,6.49,0.984,0.968,1.000
-0.315964,0.922351,-0.222341,5.94,1.000,0.783,0.607
-0.411844,-0.859223,-0.303513,4.08,0.791,0.855,1.000
-0.778509,0.282974,-0.560223,5.69,1.000,0.827,0.689
-0.806340,0.119025,-0.579352,5.00,1.000,0.864,0.754
-0.736289,-0.417911,-0.532193,6.53,0.953,0.950,1.000
-0.622152,0.645987,-0.442297,5.25,0.867,0.901,1.000
-0.733758,-0.427305,-0.528214,5.70,1.000,0.851,0.731
-0.534119,-0.751856,-0.386561,6.17,0.889,0.914,1.000
-0.802773,-0.163747,-0.573361,6.40,0.775,0.845,1.000
-0.687266,-0.532560,-0.494010,5.63,1.000,0.870,0.765
-0.812584,0.081054,-0.577180,4.68,1.000,0.815,0.667
-0.656749,-0.589138,-0.470742,5.98,1.000,0.851,0.731
-0.528344,-0.758763,-0.380960,4.35,0.847,0.889,1.000
-0.488698,-0.798049,-0.352552,6.19,1.000,0.864,0.754
-0.292365,0.935058,-0.200474,5.69,1.000,0.847,0.724
-0.251928,0.952409,-0.171607,5.17,1.000,0.866,0.758
-0.481130,-0.805604,-0.345711,5.45,0.839,0.884,1.000
-0.342630,-0.905943,-0.248741,6.56,0.821,0.873,1.000
-0.593597,-0.684434,-0.423311,5.50,1.000,0.874,0.771
-0.171215,0.978634,-0.113848,6.23,1.000,0.810,0.657
-0.628480,-0.637614,-0.445490,6.70,1.000,0.993,0.974
-0.818630,-0.019944,-0.573974,3.91,1.000,0.815,0.667
-0.804735,-0.183441,-0.564581,6.31,0.778,0.847,1.000
-0.157747,0.982080,-0.103129,6.17,0.880,0.909,1.000
-0.805548,-0.186853,-0.562298,6.37,0.814,0.869,1.000
-0.794400,-0.247544,-0.554662,5.06,0.742,0.825,1.000
-0.703472,0.519192,-0.485353,5.89,1.000,0.771,0.584
-0.633561,0.639543,-0.435414,5.62,1.000,0.884,0.789
-0.809799,0.171795,-0.560993,3.52,1.000,0.993,0.974
-0.740471,0.437002,-0.510618,6.24,1.000,0.827,0.689
-0.548000,0.748158,-0.374106,6.39,0.785,0.851,1.000
-0.481771,0.812731,-0.327667,6.47,0.832,0.880,1.000
-0.392242,-0.877381,-0.276312,4.52,0.766,0.840,1.000
-0.675750,0.574910,-0.461347,6.14,0.939,0.943,1.000
-0.753620,-0.400216,-0.521426,4.77,0.751,0.830,1.000
-0.351208,0.906189,-0.235531,6.17,1.000,0.963,0.925
-0.126517,-0.987528,-0.093714,5.11,0.745,0.826,1.000
-0.717211,0.499614,-0.485793,5.64,0.828,0.878,1.000
-0.753912,-0.405390,-0.516988,4.94,1.000,0.982,0.956
-0.435221,-0.847896,-0.302745,5.32,0.859,0.896,1.000
-0.444422,-0.841131,-0.308201,5.80,1.000,0.856,0.741
-0.369998,0.896125,-0.245074,6.34,0.910,0.926,1.000
-0.803700,0.242289,-0.543473,5.35,1.000,0.767,0.575
-0.672305,-0.580727,-0.459089,6.41,0.769,0.842,1.000
-0.469886,-0.821290,-0.323558,6.00,0.748,0.828,1.000
-0.785663,0.323316,-0.527446,6.50,1.000,0.963,0.925
-0.453292,0.839886,-0.298527,5.20,1.000,0.768,0.578
-0.733992,-0.465915,-0.494145,4.79,1.000,0.987,0.965
-0.518329,-0.779648,-0.351403,6.15,0.757,0.834,1.000
-0.762796,0.403133,-0.505594,2.98,1.000,0.915,0.844
-0.639546,-0.637035,-0.430311,6.82,0.904,0.923,1.000
-0.488136,-0.807904,-0.330172,5.56,0.775,0.845,1.000
-0.828575,0.116820,-0.547556,5.79,1.000,0.765,0.572
-0.817148,0.204667,-0.538870,5.63,1.000,0.788,0.615
-0.719358,-0.503062,-0.479012,6.45,0.748,0.828,1.000
-0.834426,0.031159,-0.550238,5.65,0.927,0.936,1.000
-0.820308,0.200536,-0.535611,6.45,0.993,0.973,1.000
-0.583339,0.719596,-0.376693,5.09,1.000,0.958,0.917
-0.821011,0.198152,-0.535423,6.02,1.000,0.819,0.673
-0.451475,-0.840430,-0.299746,6.46,0.754,0.832,1.000
-0.384106,-0.887074,-0.256054,3.69,1.000,0.833,0.698
-0.348880,0.910636,-0.221417,6.31,0.894,0.917,1.000
-0.593027,-0.704077,-0.390634,5.55,0.733,0.819,1.000
-0.431952,-0.855312,-0.286111,6.22,1.000,1.000,0.988
-0.435081,0.857514,-0.274542,3.80,0.899,0.920,1.000
-0.786062,0.361290,-0.501573,6.09,0.880,0.909,1.000
-0.352580,-0.906838,-0.230938,3.01,0.894,0.917,1.000
-0.352583,-0.906842,-0.230918,6.26,0.814,0.869,1.000
-0.670913,-0.604410,-0.429610,5.97,1.000,0.829,0.692
-0.842140,0.075738,-0.533914,6.24,1.000,0.995,0.979
-0.497843,0.809678,-0.310765,4.59,0.797,0.859,1.000
-0.464842,-0.833037,-0.299953,6.06,1.000,0.886,0.793
-0.823907,0.226075,-0.519679,6.46,1.000,0.774,0.589
-0.679712,-0.591572,-0.433629,6.37,1.000,0.872,0.768
-0.588613,-0.716092,-0.375162,5.08,0.757,0.834,1.000
-0.843951,-0.073992,-0.531293,6.01,0.847,0.889,1.000
-0.772087,0.413029,-0.483000,5.32,0.871,0.903,1.000
-0.841643,-0.107681,-0.529190,6.42,1.000,0.968,0.934
-0.190946,-0.973484,-0.125973,5.45,1.000,0.896,0.811
-0.818568,-0.256233,-0.514092,4.12,1.000,0.890,0.800
-0.577015,-0.730573,-0.365126,5.73,1.000,0.858,0.744
-0.763758,0.438480,-0.473719,3.88,1.000,0.833,0.698
-0.847740,0.042820,-0.528681,6.02,0.775,0.845,1.000
-0.848509,0.001319,-0.529179,6.35,1.000,0.886,0.793
-0.812964,-0.284596,-0.508029,6.08,1.000,0.866,0.758
-0.840735,-0.140988,-0.522769,5.05,0.801,0.861,1.000
-0.585961,-0.721686,-0.368535,5.62,1.000,0.841,0.714
-0.413015,0.875600,-0.250484,6.27,1.000,0.864,0.754
-0.582735,-0.725948,-0.365266,4.58,1.000,0.836,0.705
-0.430421,-0.860971,-0.271046,5.79,1.000,0.809,0.654
-0.387222,-0.888979,-0.244488,5.57,1.000,0.815,0.667
-0.847387,0.103805,-0.520730,5.95,1.000,0.763,0.567
-0.755350,-0.459149,-0.467577,6.30,1.000,0.958,0.917
-0.552625,0.764021,-0.332981,5.27,0.811,0.867,1.000
-0.253897,0.955687,-0.148990,5.83,1.000,0.847,0.724
-0.767208,-0.437312,-0.469202,4.88,1.000,0.831,0.695
-0.483193,-0.822872,-0.299009,6.48,0.745,0.826,1.000
-0.788914,-0.382495,-0.480949,6.24,0.801,0.861,1.000
-0.463063,0.842625,-0.274874,5.93,1.000,0.896,0.811
-0.808011,-0.325724,-0.490940,4.94,1.000,0.776,0.592
-0.534649,-0.778757,-0.328158,5.93,0.742,0.825,1.000
-0.600383,-0.710602,-0.366859,5.71,0.754,0.832,1.000
-0.847731,0.155280,-0.507189,5.85,1.000,0.849,0.727
-0.546524,-0.768774,-0.332112,5.72,0.785,0.851,1.000
-0.649205,0.656791,-0.383614,5.14,1.000,1.000,0.988
-0.604761,0.712203,-0.356415,6.30,1.000,0.852,0.734
-0.648783,-0.653747,-0.389481,6.41,1.000,0.770,0.581
-0.768326,-0.446983,-0.458128,6.28,0.867,0.901,1.000
-0.716558,-0.550752,-0.428038,5.84,1.000,0.836,0.705
-0.762278,-0.461362,-0.453958,6.32,0.847,0.889,1.000
-0.093668,0.994372,-0.049505,6.37,1.000,0.783,0.607
-0.536028,-0.780824,-0.320917,6.37,0.736,0.821,1.000
-0.763320,0.465752,-0.447681,6.30,1.000,0.963,0.925
-0.841867,0.215498,-0.494793,5.26,0.775,0.845,1.000
-0.852851,0.144601,-0.501733,6.04,1.000,0.809,0.654
-0.473887,0.836878,-0.273980,5.48,1.000,0.793,0.624
-0.498055,-0.814802,-0.296714,3.54,0.763,0.838,1.000
-0.521765,-0.794827,-0.309858,6.12,0.748,0.828,1.000
-0.751913,0.494629,-0.435854,5.73,1.000,0.862,0.751
-0.571467,-0.747965,-0.337600,6.05,0.745,0.826,1.000
-0.273667,-0.947710,-0.164173,6.35,0.763,0.838,1.000
-0.863901,0.059040,-0.500190,6.70,0.889,0.914,1.000
-0.789662,-0.405944,-0.460048,6.21,0.757,0.834,1.000
-0.699593,-0.586247,-0.408516,5.23,0.910,0.926,1.000
-0.370370,-0.902506,-0.219793,6.58,1.000,0.849,0.727
-0.306552,-0.934217,-0.182388,6.20,0.757,0.834,1.000
-0.857965,0.139936,-0.494282,4.70,1.000,0.771,0.584
-0.736909,0.528788,-0.421128,5.36,1.000,0.948,0.900
-0.808888,0.373784,-0.453857,5.66,0.729,0.817,1.000
-0.473028,-0.838163,-0.271527,6.52,1.000,0.878,0.778
-0.516178,0.807904,-0.284343,5.74,1.000,0.995,0.979
-0.518944,-0.802447,-0.294577,6.20,0.748,0.828,1.000
-0.750841,-0.508703,-0.421259,6.54,1.000,0.838,0.708
-0.469527,-0.841979,-0.265736,6.20,1.000,0.851,0.731
-0.535508,0.791979,-0.293258,6.14,1.000,0.963,0.925
-0.861777,-0.166319,-0.479248,6.12,1.000,0.763,0.567
-0.429630,-0.869674,-0.243073,5.94,0.885,0.911,1.000
-0.873551,0.055841,-0.483520,6.45,0.968,0.959,1.000
-0.790026,-0.427621,-0.439317,6.70,0.788,0.853,1.000
-0.831429,-0.310704,-0.460639,5.86,0.769,0.842,1.000
-0.599581,-0.727008,-0.334608,6.12,0.794,0.857,1.000
-0.797896,-0.411285,-0.440689,5.70,0.904,0.923,1.000
-0.433889,-0.867580,-0.242993,6.19,0.847,0.889,1.000
-0.407332,-0.884226,-0.228529,6.42,1.000,0.754,0.550
-0.670866,-0.642464,-0.370376,6.43,1.000,0.819,0.673
-0.845152,0.271566,-0.460401,6.37,0.946,0.946,1.000
-0.854288,-0.226052,-0.468073,4.60,0.760,0.836,1.000
-0.411745,-0.881994,-0.229241,6.14,0.775,0.845,1.000
-0.706246,-0.593193,-0.386445,6.27,1.000,0.852,0.734
-0.876238,0.097781,-0.471855,6.21,1.000,0.886,0.793
-0.720143,0.577070,-0.385207,4.48,0.850,0.891,1.000
-0.844117,0.288410,-0.451980,3.52,0.778,0.847,1.000
-0.595454,-0.735743,-0.322672,5.08,1.000,0.898,0.814
-0.842073,-0.294735,-0.451713,5.60,1.000,0.786,0.613
-0.538929,-0.790027,-0.292254,6.52,1.000,0.878,0.778
-0.752458,0.524048,-0.398974,6.24,1.000,0.984,1.000
-0.869349,0.173605,-0.462703,4.37,1.000,0.794,0.627
-0.882803,-0.006487,-0.469699,4.49,0.775,0.845,1.000
-0.864502,0.207352,-0.457867,1.35,0.754,0.832,1.000
-0.117527,-0.990783,-0.067357,5.52,0.797,0.859,1.000
-0.702094,-0.606455,-0.373198,6.36,1.000,0.878,0.778
-0.868590,-0.188834,-0.458141,6.53,0.794,0.857,1.000
-0.851538,-0.269116,-0.449955,6.27,0.785,0.851,1.000
-0.674357,0.651587,-0.347385,6.32,1.000,0.827,0.689
-0.867203,-0.209547,-0.451718,6.24,0.850,0.891,1.000
-0.877725,-0.146227,-0.456307,5.91,0.794,0.857,1.000
-0.547071,-0.785977,-0.288016,4.86,0.751,0.830,1.000
-0.865106,-0.221823,-0.449874,5.31,0.939,0.943,1.000
-0.718140,-0.585760,-0.375714,6.13,1.000,0.963,0.925
-0.706568,0.607403,-0.363075,5.85,1.000,0.820,0.676
-0.867626,-0.213954,-0.448830,3.61,1.000,0.872,0.768
-0.362320,-0.912229,-0.191211,5.28,1.000,0.878,0.778
-0.879300,-0.146400,-0.453209,5.65,1.000,0.819,0.673
-0.128322,-0.989185,-0.071038,6.60,1.000,0.890,0.800
-0.866210,0.230984,-0.443087,6.44,1.000,1.000,0.988
-0.421965,-0.879226,-0.221149,5.60,1.000,0.771,0.584
-0.882365,-0.127353,-0.453004,6.25,0.791,0.855,1.000
-0.663069,-0.665426,-0.342852,5.98,1.000,0.829,0.692
-0.322087,-0.931586,-0.168547,5.81,0.794,0.857,1.000
-0.782325,-0.478790,-0.398407,6.28,0.791,0.855,1.000
-0.889702,0.080455,-0.449396,5.77,1.000,0.840,0.711
-0.842858,-0.328102,-0.426543,6.44,1.000,0.990,0.969
-0.796132,0.456102,-0.397674,6.04,1.000,0.905,0.826
-0.460768,-0.855618,-0.235821,6.40,1.000,0.763,0.567
-0.448756,0.865899,-0.220990,6.25,1.000,0.771,0.584
-0.471127,-0.848608,-0.240634,5.72,0.763,0.838,1.000
-0.547020,-0.789763,-0.277569,6.16,1.000,0.841,0.714
-0.796010,-0.454440,-0.399815,6.25,0.910,0.926,1.000
-0.835447,0.361100,-0.414288,6.02,1.000,0.974,0.943
-0.749323,-0.545107,-0.375997,6.38,1.000,0.966,0.930
-0.765144,0.522023,-0.376891,6.46,1.000,0.963,0.925
-0.681726,-0.647400,-0.340769,5.90,1.000,0.834,0.701
-0.262795,0.956678,-0.125321,6.40,0.871,0.903,1.000
-0.559606,-0.779702,-0.280902,5.28,0.880,0.909,1.000
-0.447616,-0.865309,-0.225564,6.10,0.763,0.838,1.000
-0.682347,-0.646930,-0.340416,6.35,1.000,0.886,0.793
-0.553329,-0.785383,-0.277489,5.78,0.835,0.882,1.000
-0.292855,0.945862,-0.139931,6.66,0.915,0.929,1.000
-0.424244,-0.880137,-0.213017,6.41,0.754,0.832,1.000
-0.664850,-0.670711,-0.328818,3.85,0.804,0.863,1.000
-0.784129,0.489543,-0.381430,5.35,0.791,0.855,1.000
-0.358289,-0.916174,-0.179594,5.16,0.863,0.898,1.000
-0.379928,0.907105,-0.181149,5.82,0.828,0.878,1.000
-0.789290,0.479956,-0.382968,6.49,1.000,0.963,0.925
-0.856542,0.304703,-0.416523,6.55,1.000,0.963,0.925
-0.721329,-0.595076,-0.354358,6.19,1.000,0.862,0.751
-0.825171,0.398798,-0.400066,5.97,1.000,0.946,0.896
-0.825972,0.397424,-0.399780,3.44,0.910,0.926,1.000
-0.813308,0.428484,-0.393614,5.84,1.000,0.836,0.705
-0.659780,0.680906,-0.317897,3.45,0.797,0.859,1.000
-0.881951,-0.194291,-0.429434,6.08,1.000,0.854,0.737
-0.874374,0.237319,-0.423262,5.41,1.000,0.770,0.581
-0.655467,-0.683433,-0.321376,5.60,1.000,0.783,0.607
-0.305352,-0.939920,-0.152681,3.32,0.763,0.838,1.000
-0.515062,-0.818893,-0.253228,6.16,0.736,0.821,1.000
-0.828868,0.392435,-0.398714,5.82,1.000,0.990,0.969
-0.842290,-0.352994,-0.407360,6.57,1.000,0.995,0.979
-0.801504,0.460437,-0.381561,6.52,0.781,0.849,1.000
-0.892960,-0.140364,-0.427691,5.24,0.910,0.926,1.000
-0.450759,-0.865181,-0.219724,6.22,0.859,0.896,1.000
-0.619571,0.728501,-0.292264,6.43,1.000,0.963,0.925
-0.563927,-0.779393,-0.273008,6.30,1.000,0.780,0.601
-0.601078,0.747763,-0.282056,6.00,1.000,0.870,0.765
-0.329220,0.931992,-0.151674,5.96,0.859,0.896,1.000
-0.821648,0.418052,-0.387463,6.40,1.000,0.963,0.925
-0.789688,-0.484687,-0.376126,5.34,0.876,0.906,1.000
-0.432168,-0.877416,-0.208259,3.40,1.000,0.780,0.601
-0.535805,0.806746,-0.249148,6.45,1.000,0.979,0.951
-0.530494,0.811237,-0.245909,6.00,1.000,0.849,0.727
-0.723629,-0.599090,-0.342715,6.30,1.000,0.822,0.679
-0.854016,0.333327,-0.399437,4.79,1.000,0.984,1.000
-0.883428,-0.216918,-0.415333,6.00,0.885,0.911,1.000
-0.674894,-0.664818,-0.320211,5.96,0.769,0.842,1.000
-0.852455,0.339422,-0.397635,2.61,1.000,0.845,0.721
-0.852470,0.339404,-0.397619,3.80,1.000,0.963,0.925
-0.901859,-0.088996,-0.422765,6.37,1.000,0.894,0.807
-0.894985,-0.157450,-0.417386,6.32,0.921,0.932,1.000
-0.503936,-0.830110,-0.238676,5.81,1.000,0.995,0.979
-0.092474,0.994972,-0.038450,5.50,1.000,0.963,0.925
-0.519046,-0.819447,-0.243102,4.57,1.000,0.768,0.578
-0.907479,0.039953,-0.418193,6.66,0.763,0.838,1.000
-0.386927,-0.903906,-0.182321,5.67,0.804,0.863,1.000
-0.610311,-0.739621,-0.283691,5.65,1.000,0.761,0.564
-0.684598,0.659076,-0.311358,5.76,1.000,0.979,0.951
-0.863995,-0.308768,-0.397713,6.51,0.968,0.959,1.000
-0.681971,0.662613,-0.309613,3.05,1.000,0.773,0.587
-0.878773,0.258407,-0.401229,6.12,0.794,0.857,1.000
-0.832282,-0.402121,-0.381583,6.50,0.859,0.896,1.000
-0.377974,0.910441,-0.168025,4.97,0.769,0.842,1.000
-0.839852,-0.383140,-0.384514,6.51,0.811,0.867,1.000
-0.507173,-0.829458,-0.234042,4.50,0.751,0.830,1.000
-0.756858,0.557862,-0.340523,5.90,0.835,0.882,1.000
-0.856170,-0.339837,-0.389209,6.13,0.797,0.859,1.000
-0.905836,0.113940,-0.408018,6.07,1.000,0.851,0.731
-0.793730,0.494182,-0.354651,6.39,1.000,0.856,0.741
-0.907697,0.099218,-0.407729,6.54,1.000,1.000,0.988
-0.680381,-0.664579,-0.308897,4.83,1.000,0.851,0.731
-0.760075,0.555115,-0.337838,5.50,1.000,0.840,0.711
-0.910246,-0.071048,-0.407928,5.97,0.757,0.834,1.000
-0.788653,-0.502450,-0.354359,6.27,0.910,0.926,1.000
-0.119885,0.991578,-0.048999,5.26,0.946,0.946,1.000
-0.913152,0.041319,-0.405520,6.32,1.000,0.874,0.771
-0.719068,-0.615799,-0.322075,5.33,0.880,0.909,1.000
-0.678962,-0.668525,-0.303454,6.27,1.000,0.898,0.814
-0.905013,0.152722,-0.397022,5.61,1.000,0.768,0.578
-0.357671,-0.919833,-0.161179,4.99,0.748,0.828,1.000
-0.761974,0.556239,-0.331652,4.74,0.880,0.909,1.000
-0.484586,-0.847621,-0.216136,6.35,1.000,0.783,0.607
-0.909655,-0.122904,-0.396765,5.57,1.000,0.783,0.607
-0.675554,-0.675179,-0.296243,6.18,1.000,0.874,0.771
-0.877901,-0.289640,-0.381312,3.81,1.000,0.790,0.618
-0.477199,-0.853336,-0.209997,5.95,0.915,0.929,1.000
-0.687661,0.663937,-0.293785,6.02,0.847,0.889,1.000
-0.866827,0.331576,-0.372381,6.15,1.000,0.847,0.724
-0.606583,0.752239,-0.257281,6.44,1.000,0.963,0.925
-0.673741,-0.678658,-0.292398,6.13,1.000,0.849,0.727
-0.737809,0.597726,-0.313625,4.21,1.000,0.894,0.807
-0.906586,0.169565,-0.386458,6.04,0.769,0.842,1.000
-0.251514,-0.961414,-0.111462,4.00,0.933,0.939,1.000
-0.649208,0.709721,-0.273541,6.35,1.000,0.815,0.667
-0.787221,-0.516052,-0.337600,4.25,1.000,0.794,0.627
-0.252602,-0.961125,-0.111492,6.19,0.811,0.867,1.000
-0.381210,0.910872,-0.158087,6.32,1.000,0.847,0.724
-0.528423,-0.817924,-0.227529,5.58,1.000,0.777,0.595
-0.401587,0.900755,-0.165433,6.12,0.843,0.886,1.000
-0.919785,-0.065273,-0.386957,6.05,0.804,0.863,1.000
-0.492160,-0.844691,-0.210415,4.66,1.000,0.987,0.965
-0.599008,-0.759334,-0.254166,6.10,1.000,0.785,0.610
-0.517470,0.828848,-0.212687,4.84,1.000,0.984,0.960
-0.718885,0.628306,-0.297380,5.77,0.814,0.869,1.000
-0.477571,-0.854816,-0.203016,3.82,0.910,0.926,1.000
-0.378325,-0.911437,-0.161717,6.01,0.817,0.871,1.000
-0.921951,-0.047789,-0.384346,5.21,0.769,0.842,1.000
-0.802050,-0.494907,-0.334340,5.58,1.000,0.799,0.636
-0.794572,-0.509150,-0.330789,5.56,0.775,0.845,1.000
-0.924309,-0.011117,-0.381484,5.09,0.745,0.826,1.000
-0.401682,-0.900108,-0.168694,5.29,1.000,0.735,0.512
-0.154182,0.986270,-0.059163,6.52,1.000,0.884,0.789
-0.917294,-0.132905,-0.375376,6.20,1.000,0.806,0.648
-0.899628,-0.234944,-0.368063,5.58,0.775,0.845,1.000
-0.782827,0.535524,-0.316852,5.90,0.824,0.875,1.000
-0.828202,-0.445946,-0.339431,6.51,1.000,0.979,0.951
-0.230035,0.969072,-0.089350,4.84,1.000,0.882,0.786
-0.899414,0.244245,-0.362489,5.46,1.000,0.760,0.561
-0.443396,-0.877616,-0.182182,6.43,1.000,0.748,0.539
-0.361306,-0.920403,-0.149390,6.19,0.791,0.855,1.000
-0.816570,-0.473127,-0.330703,6.05,1.000,0.987,0.965
-0.553206,0.803831,-0.218676,6.45,1.000,0.963,0.925
-0.707340,0.648460,-0.281372,4.75,0.871,0.903,1.000
-0.916283,0.161719,-0.366433,3.85,0.745,0.826,1.000
-0.548084,-0.806089,-0.223213,4.89,1.000,0.990,0.969
-0.654807,-0.707929,-0.264698,5.74,0.742,0.825,1.000
-0.654757,-0.707963,-0.264728,6.09,0.754,0.832,1.000
-0.761622,0.573414,-0.301874,5.58,0.794,0.857,1.000
-0.285774,-0.951019,-0.117882,4.74,0.801,0.861,1.000
-0.660614,-0.702388,-0.265030,5.91,1.000,0.890,0.800
-0.439795,-0.880356,-0.177637,3.32,0.760,0.836,1.000
-0.506617,0.839457,-0.196601,5.16,0.927,0.936,1.000
-0.267191,-0.957429,-0.109266,4.93,1.000,0.760,0.561
-0.633350,-0.731393,-0.252847,5.02,1.000,0.866,0.758
-0.482818,-0.854159,-0.193130,6.00,0.915,0.929,1.000
-0.851675,-0.402671,-0.335419,5.08,1.000,0.771,0.584
-0.924838,0.121066,-0.360579,5.08,1.000,0.886,0.793
-0.489934,-0.849803,-0.194420,6.14,0.933,0.939,1.000
-0.921463,0.150403,-0.358168,5.67,0.804,0.863,1.000
-0.856739,-0.393559,-0.333332,6.10,1.000,0.990,0.969
-0.752587,0.592392,-0.287548,6.28,0.960,0.954,1.000
-0.451416,-0.874516,-0.177328,6.23,1.000,0.802,0.642
-0.884456,-0.318449,-0.341069,6.49,0.859,0.896,1.000
-0.718772,-0.636923,-0.278739,5.38,1.000,0.716,0.475
-0.674407,-0.690437,-0.261670,6.08,1.000,0.886,0.793
-0.918144,-0.183665,-0.351110,6.57,0.899,0.920,1.000
-0.896269,-0.281411,-0.342797,6.03,1.000,0.764,0.570
-0.834324,-0.448929,-0.319947,6.29,1.000,0.995,0.979
-0.913215,-0.211841,-0.348084,5.70,1.000,0.984,0.960
-0.500472,-0.843933,-0.193145,4.45,1.000,0.768,0.578
-0.915837,-0.203618,-0.346096,6.52,0.899,0.920,1.000
-0.130269,-0.990076,-0.052731,7.07,0.763,0.838,1.000
-0.830446,-0.460393,-0.313682,4.89,1.000,0.768,0.578
-0.910565,-0.231484,-0.342471,4.82,1.000,0.716,0.475
-0.473186,-0.862202,-0.180838,5.08,1.000,0.840,0.711
-0.555924,0.805601,-0.204830,5.52,1.000,0.824,0.682
-0.795479,0.529566,-0.294572,4.71,1.000,0.913,0.841
-0.623294,-0.745776,-0.235207,3.84,0.904,0.923,1.000
-0.740362,0.614423,-0.272669,5.85,1.000,0.971,0.938
-0.485713,-0.854761,-0.182939,5.45,1.000,0.990,0.969
-0.220744,-0.971587,-0.085385,6.30,1.000,0.836,0.705
-0.897182,-0.290313,-0.332842,4.91,1.000,0.890,0.800
-0.915916,-0.215479,-0.338626,6.04,0.788,0.853,1.000
-0.506662,-0.841099,-0.189328,5.91,0.745,0.826,1.000
-0.184240,-0.980298,-0.071214,4.11,1.000,0.774,0.589
-0.688715,-0.678847,-0.254633,6.11,1.000,0.948,0.900
-0.346242,0.930055,-0.122942,5.75,1.000,0.819,0.673
-0.480440,-0.858808,-0.177835,4.66,1.000,0.790,0.618
-0.387631,0.911521,-0.137375,5.12,1.000,0.836,0.705
-0.485763,-0.855517,-0.179232,5.92,1.000,0.764,0.570
-0.530263,-0.825146,-0.194819,4.28,1.000,0.866,0.758
-0.337195,0.934056,-0.117641,5.00,1.000,0.806,0.648
-0.941334,-0.030393,-0.336105,6.26,1.000,0.898,0.814
-0.763746,-0.584132,-0.274740,6.37,1.000,0.890,0.800
-0.802269,0.525426,-0.283357,6.02,1.000,0.768,0.578
-0.395754,-0.907048,-0.143675,5.52,0.739,0.823,1.000
-0.250933,-0.963601,-0.092230,6.07,1.000,0.755,0.553
-0.511992,0.840559,-0.176989,5.80,0.781,0.849,1.000
-0.475394,-0.863192,-0.169997,6.42,0.814,0.869,1.000
-0.846215,0.443471,-0.295387,5.51,0.847,0.889,1.000
-0.915475,-0.241499,-0.321844,6.24,1.000,0.780,0.601
-0.653943,0.721807,-0.226613,5.18,0.921,0.932,1.000
-0.868371,0.393755,-0.301479,5.08,0.801,0.861,1.000
-0.941348,0.082770,-0.327129,5.79,1.000,0.841,0.714
-0.793981,-0.540473,-0.278359,5.64,0.788,0.853,1.000
-0.363763,0.923287,-0.123363,6.00,1.000,0.716,0.475
-0.406463,-0.902333,-0.143471,4.82,0.745,0.826,1.000
-0.890174,0.338058,-0.305462,6.27,0.847,0.889,1.000
-0.482951,-0.859101,-0.169419,5.38,0.885,0.911,1.000
-0.407983,-0.901791,-0.142561,2.76,0.720,0.811,1.000
-0.464312,-0.870928,-0.160930,4.57,1.000,0.755,0.553
-0.946257,0.043411,-0.320490,6.28,1.000,0.834,0.701
-0.511685,0.842131,-0.170277,6.34,1.000,0.777,0.595
-0.815408,0.510276,-0.273366,5.24,0.769,0.842,1.000
-0.410702,-0.900690,-0.141710,5.77,0.788,0.853,1.000
-0.415136,-0.898496,-0.142710,4.82,0.748,0.828,1.000
-0.167160,-0.984144,-0.059313,5.97,0.766,0.840,1.000
-0.942594,0.111002,-0.314953,6.37,1.000,0.851,0.731
-0.897775,0.323775,-0.298614,5.49,1.000,0.851,0.731
-0.919934,0.245218,-0.305925,5.48,1.000,0.892,0.803
-0.478021,-0.863256,-0.162127,6.21,1.000,0.961,0.921
-0.310165,-0.944720,-0.106309,6.26,0.859,0.896,1.000
-0.310341,-0.944692,-0.106049,6.46,0.871,0.903,1.000
-0.285395,-0.953422,-0.097654,6.27,1.000,0.993,0.974
-0.906578,-0.297319,-0.299529,5.42,0.824,0.875,1.000
-0.400414,0.907281,-0.128494,6.39,0.781,0.849,1.000
-0.617583,-0.759498,-0.204336,2.69,1.000,0.894,0.807
-0.465678,-0.871242,-0.155181,6.25,0.801,0.861,1.000
-0.917037,-0.263232,-0.299586,6.67,0.785,0.851,1.000
-0.408203,-0.902698,-0.136038,5.34,0.757,0.834,1.000
-0.412093,-0.900799,-0.136895,5.23,0.766,0.840,1.000
-0.520582,-0.836355,-0.171767,5.23,0.763,0.838,1.000
-0.410514,-0.901707,-0.135659,4.85,0.742,0.825,1.000
-0.829557,0.491144,-0.265730,6.15,1.000,0.845,0.721
-0.951408,-0.034182,-0.306029,5.93,1.000,0.771,0.584
-0.809542,-0.525298,-0.262112,5.88,0.797,0.859,1.000
-0.511195,-0.843089,-0.166973,6.36,1.000,0.768,0.578
-0.936645,0.183012,-0.298667,5.34,0.797,0.859,1.000
-0.476751,-0.865319,-0.154699,6.00,0.889,0.914,1.000
-0.950430,-0.070177,-0.302917,6.61,0.867,0.901,1.000
-0.842164,0.469069,-0.265958,6.04,0.946,0.946,1.000
-0.156843,-0.986198,-0.053041,5.47,1.000,0.884,0.789
-0.915404,-0.278884,-0.290273,3.11,1.000,0.827,0.689
-0.939294,-0.171117,-0.297398,5.86,1.000,0.860,0.747
-0.155811,-0.986401,-0.052300,4.45,0.729,0.817,1.000
-0.526099,0.834677,-0.162893,5.67,1.000,0.851,0.731
-0.487552,0.860030,-0.150468,5.58,1.000,0.847,0.724
-0.942630,-0.154672,-0.295847,5.79,0.843,0.886,1.000
-0.790072,-0.560033,-0.249298,5.61,0.801,0.861,1.000
-0.486173,-0.860063,-0.154686,5.91,0.788,0.853,1.000
-0.953745,-0.053948,-0.295735,5.95,1.000,0.790,0.618
-0.581693,0.794046,-0.176418,6.65,1.000,0.963,0.925
-0.582525,0.793392,-0.176619,6.44,1.000,0.852,0.734
-0.330023,0.938817,-0.098523,5.93,1.000,0.876,0.775
-0.956442,0.017894,-0.291372,6.38,0.814,0.869,1.000
-0.957063,-0.003515,-0.289858,6.31,1.000,0.786,0.613
-0.555325,0.814976,-0.165615,5.10,1.000,0.809,0.654
-0.792171,0.562300,-0.237242,3.83,1.000,0.866,0.758
-0.699044,0.684420,-0.207138,4.71,0.772,0.844,1.000
-0.957350,-0.039352,-0.286240,6.12,1.000,0.894,0.807
-0.517823,-0.840950,-0.157043,5.25,0.843,0.886,1.000
-0.899605,-0.344297,-0.268647,5.24,1.000,0.998,0.983
-0.923650,-0.266323,-0.275579,6.38,1.000,0.843,0.717
-0.957821,-0.037152,-0.284955,5.45,1.000,0.882,0.786
-0.866265,0.430367,-0.253710,6.20,0.894,0.917,1.000
-0.931666,-0.237822,-0.274661,5.66,1.000,0.909,0.833
-0.795562,0.559695,-0.231998,5.72,1.000,0.872,0.768
-0.495605,-0.855846,-0.147997,3.78,1.000,0.884,0.789
-0.801257,0.552038,-0.230741,5.03,1.000,0.854,0.737
-0.872542,0.418655,-0.251791,4.50,0.791,0.855,1.000
-0.872557,0.418642,-0.251761,6.30,1.000,0.963,0.925
-0.898501,-0.352903,-0.261067,6.44,1.000,0.854,0.737
-0.316460,-0.943918,-0.094191,5.99,0.781,0.849,1.000
-0.710649,-0.672381,-0.207079,6.11,0.763,0.838,1.000
-0.714479,0.669239,-0.204058,6.03,1.000,0.849,0.727
-0.960829,0.012862,-0.276845,5.91,0.984,0.968,1.000
-0.452985,-0.881523,-0.133120,5.93,1.000,0.750,0.542
-0.955696,0.107744,-0.273929,5.81,1.000,0.794,0.627
-0.173403,-0.983443,-0.052636,6.33,1.000,0.793,0.624
-0.889352,0.380290,-0.253835,6.14,1.000,0.779,0.598
-0.868240,0.430511,-0.246615,6.35,1.000,0.868,0.761
-0.472676,-0.870501,-0.137131,5.92,1.000,0.858,0.744
-0.204606,0.977305,-0.054875,6.20,1.000,0.880,0.782
-0.766989,-0.603734,-0.217331,4.60,1.000,0.868,0.761
-0.608854,-0.774558,-0.171337,5.91,0.850,0.891,1.000
-0.595755,0.786744,-0.161589,6.17,1.000,0.806,0.648
-0.485600,-0.863677,-0.135110,6.11,1.000,0.854,0.737
-0.734798,0.648522,-0.198722,5.05,1.000,0.961,0.921
-0.780112,0.589098,-0.210685,6.00,1.000,0.773,0.587
-0.247563,-0.966375,-0.069515,6.13,1.000,0.782,0.604
-0.676906,0.713570,-0.180601,5.47,1.000,0.791,0.621
-0.945487,0.202887,-0.254736,6.55,0.993,0.973,1.000
-0.802532,-0.555385,-0.217924,5.71,0.946,0.946,1.000
-0.601576,0.782629,-0.159992,6.43,1.000,0.963,0.925
-0.926318,-0.281569,-0.250308,5.89,1.000,0.767,0.575
-0.707735,0.680866,-0.188501,6.02,1.000,0.971,0.938
-0.432733,0.894319,-0.113734,6.39,0.843,0.886,1.000
-0.916839,-0.313974,-0.246631,4.08,1.000,0.856,0.741
-0.749139,0.632195,-0.197791,5.08,0.876,0.906,1.000
-0.937104,-0.243333,-0.250249,5.88,1.000,0.786,0.613
-0.463142,-0.877316,-0.125761,6.16,0.769,0.842,1.000
-0.964629,0.063095,-0.255947,4.84,1.000,0.843,0.717
-0.697074,-0.692234,-0.186813,5.81,0.763,0.838,1.000
-0.715399,-0.672055,-0.191172,4.39,0.824,0.875,1.000
-0.961288,0.106288,-0.254222,4.99,0.843,0.886,1.000
-0.535915,0.832752,-0.138992,2.37,0.781,0.849,1.000
-0.597201,-0.786049,-0.159619,6.15,0.850,0.891,1.000
-0.930492,-0.272159,-0.245181,6.34,1.000,0.840,0.711
-0.821231,-0.527541,-0.217439,6.07,1.000,0.984,0.960
-0.967050,-0.043353,-0.250869,4.74,1.000,0.768,0.578
-0.909056,0.344966,-0.233702,4.42,0.804,0.863,1.000
-0.459112,0.880898,-0.115048,1.79,1.000,0.860,0.747
-0.864311,-0.451366,-0.221890,6.23,0.910,0.926,1.000
-0.969408,-0.013133,-0.245103,6.14,0.885,0.911,1.000
-0.141706,-0.989160,-0.038491,6.71,1.000,0.976,0.947
-0.950691,-0.196008,-0.240348,5.50,1.000,0.886,0.793
-0.969883,-0.000015,-0.243573,5.95,1.000,0.833,0.698
-0.822549,-0.529339,-0.207876,6.46,1.000,0.768,0.578
-0.943341,-0.232333,-0.236915,6.34,1.000,0.898,0.814
-0.762509,0.618976,-0.188278,6.00,0.843,0.886,1.000
-0.963408,0.127690,-0.235670,4.63,0.921,0.932,1.000
-0.653650,-0.739386,-0.161399,5.67,0.876,0.906,1.000
-0.090922,-0.995552,-0.024690,6.19,0.824,0.875,1.000
-0.787692,-0.585025,-0.193099,5.43,0.797,0.859,1.000
-0.863506,-0.458550,-0.209975,4.94,0.939,0.943,1.000
-0.953781,-0.192332,-0.230891,6.09,0.904,0.923,1.000
-0.632268,-0.759186,-0.154510,6.13,0.781,0.849,1.000
-0.864124,-0.458460,-0.207617,5.71,0.769,0.842,1.000
-0.609187,-0.779475,-0.145981,6.30,1.000,0.884,0.789
-0.972716,0.034124,-0.229477,5.52,1.000,0.880,0.782
-0.853257,-0.480649,-0.202311,6.77,0.801,0.861,1.000
-0.612795,-0.776670,-0.145828,6.32,1.000,0.843,0.717
-0.894442,0.395924,-0.207889,6.46,0.843,0.886,1.000
-0.505781,-0.854235,-0.120288,6.02,1.000,0.829,0.692
-0.820260,-0.538583,-0.192617,6.59,0.927,0.936,1.000
-0.450385,-0.886399,-0.107006,4.61,1.000,0.868,0.761
-0.413579,-0.905122,-0.098522,6.41,0.828,0.878,1.000
-0.716260,-0.677372,-0.167745,5.15,0.797,0.859,1.000
-0.842260,-0.502639,-0.194812,6.54,1.000,0.963,0.925
-0.318804,-0.944824,-0.075316,5.57,0.772,0.844,1.000
-0.378046,0.921933,-0.084391,6.06,0.867,0.901,1.000
-0.844284,-0.499588,-0.193897,6.49,0.797,0.859,1.000
-0.886243,0.417206,-0.201275,5.68,0.807,0.865,1.000
-0.786207,0.592146,-0.176753,5.74,1.000,0.785,0.610
-0.860303,-0.470712,-0.195726,5.44,0.811,0.867,1.000
-0.696133,0.700892,-0.155402,3.01,1.000,0.847,0.724
-0.711354,0.684643,-0.158871,5.89,1.000,0.776,0.592
-0.502499,-0.856942,-0.114649,3.91,1.000,0.831,0.695
-0.458491,-0.882515,-0.104658,5.13,0.867,0.901,1.000
-0.824523,-0.535348,-0.183208,5.81,0.801,0.861,1.000
-0.362173,0.928951,-0.076680,6.40,1.000,0.963,0.925
-0.947177,0.248695,-0.202502,6.30,0.863,0.898,1.000
-0.511209,-0.852232,-0.111201,6.88,0.763,0.838,1.000
-0.901261,-0.387931,-0.192974,4.48,0.797,0.859,1.000
-0.562905,0.818091,-0.117747,6.63,1.000,0.963,0.925
-0.793597,0.585150,-0.166743,6.41,1.000,0.961,0.921
-0.825756,-0.536326,-0.174591,6.38,1.000,0.757,0.556
-0.928034,-0.317305,-0.195116,6.13,0.785,0.851,1.000
-0.909001,-0.370544,-0.190825,6.40,1.000,0.806,0.648
-0.311253,-0.947971,-0.066881,6.35,1.000,0.807,0.651
-0.640745,-0.755866,-0.134583,5.36,0.850,0.891,1.000
-0.738346,0.657225,-0.151326,6.33,1.000,0.845,0.721
-0.484640,-0.868783,-0.101688,4.60,1.000,0.976,0.947
-0.632733,-0.763079,-0.131757,6.11,1.000,0.862,0.751
-0.699988,-0.699317,-0.144817,5.80,1.000,0.763,0.567
-0.426481,-0.900089,-0.089187,5.23,0.769,0.842,1.000
-0.979715,-0.001217,-0.200394,5.42,0.778,0.847,1.000
-0.917815,0.350593,-0.186280,2.56,0.828,0.878,1.000
-0.970269,0.140220,-0.197271,5.79,1.000,0.851,0.731
-0.944808,0.266052,-0.191193,3.34,0.785,0.851,1.000
-0.586384,-0.801062,-0.120221,5.76,1.000,0.815,0.667
-0.495373,-0.862685,-0.101881,5.74,0.757,0.834,1.000
-0.902336,0.392266,-0.178654,4.63,1.000,0.763,0.567
-0.593892,0.796246,-0.115262,6.50,0.993,0.973,1.000
-0.708610,-0.691313,-0.141273,6.21,1.000,0.770,0.581
-0.955160,0.230177,-0.186248,5.32,1.000,0.836,0.705
-0.957033,0.222310,-0.186187,6.67,0.889,0.914,1.000
-0.638198,0.760138,-0.122036,5.88,1.000,0.858,0.744
-0.980180,-0.063690,-0.187593,4.47,0.863,0.898,1.000
-0.974819,-0.124203,-0.185207,6.14,0.859,0.896,1.000
-0.683639,-0.717883,-0.131457,6.31,0.968,0.959,1.000
-0.982081,0.035084,-0.185167,5.18,1.000,0.783,0.607
-0.774155,-0.615860,-0.146290,6.27,0.821,0.873,1.000
-0.807786,-0.569814,-0.150978,6.45,0.968,0.959,1.000
-0.838224,0.522933,-0.154668,4.87,1.000,0.963,0.925
-0.838225,0.522933,-0.154662,4.41,1.000,0.966,0.930
-0.789863,-0.595306,-0.147403,6.68,1.000,0.878,0.778
-0.824063,0.546017,-0.150953,3.48,1.000,0.802,0.642
-0.962094,0.207651,-0.176794,6.66,0.811,0.867,1.000
-0.370932,-0.926026,-0.069893,6.06,1.000,0.748,0.539
-0.773549,0.618210,-0.139422,4.78,0.828,0.878,1.000
-0.983568,0.028804,-0.178227,5.91,1.000,0.866,0.758
-0.951743,-0.255085,-0.170638,3.56,1.000,0.851,0.731
-0.383465,0.921189,-0.066069,6.21,1.000,0.872,0.768
-0.422452,-0.903204,-0.075868,5.99,1.000,1.000,0.988
-0.176419,-0.983787,-0.032242,6.35,0.885,0.911,1.000
-0.980204,0.105040,-0.167828,4.05,0.769,0.842,1.000
-0.252443,-0.966567,-0.044961,6.27,0.778,0.847,1.000
-0.536016,0.839383,-0.090127,6.43,0.839,0.884,1.000
-0.304428,-0.951027,-0.053590,6.41,0.804,0.863,1.000
-0.572443,-0.814025,-0.098346,3.89,0.742,0.825,1.000
-0.427501,0.901308,-0.069901,6.02,0.817,0.871,1.000
-0.716058,0.688137,-0.117173,4.99,1.000,0.876,0.775
-0.701903,-0.702722,-0.116247,6.12,1.000,0.890,0.800
-0.987203,0.002298,-0.159450,6.05,1.000,0.793,0.624
-0.934692,-0.321935,-0.150696,5.09,0.984,0.968,1.000
-0.796945,-0.590109,-0.129035,5.00,1.000,0.793,0.624
-0.211643,-0.976703,-0.035463,6.43,0.859,0.896,1.000
-0.540791,-0.836568,-0.087746,5.79,0.791,0.855,1.000
-0.971007,0.182736,-0.154118,3.94,0.976,0.963,1.000
-0.987416,0.024568,-0.156222,5.39,1.000,0.886,0.793
-0.417932,-0.905976,-0.067385,5.11,0.763,0.838,1.000
-0.970407,-0.188400,-0.151051,4.83,1.000,0.777,0.595
-0.726411,-0.677764,-0.113856,6.12,0.733,0.819,1.000
-0.968747,0.198175,-0.149184,5.80,1.000,0.806,0.648
-0.941583,-0.303765,-0.145421,4.08,0.863,0.898,1.000
-0.301040,-0.952431,-0.047431,5.59,0.807,0.865,1.000
-0.555170,0.827576,-0.083090,5.75,1.000,0.963,0.925
-0.948257,0.283285,-0.143382,5.57,0.939,0.943,1.000
-0.799223,-0.588675,-0.121263,5.22,1.000,0.876,0.775
-0.986665,0.067319,-0.148192,6.37,0.921,0.932,1.000
-0.781798,-0.612187,-0.118404,5.89,1.000,0.780,0.601
-0.825424,0.551217,-0.121796,6.32,0.993,0.973,1.000
-0.433899,-0.898586,-0.065389,5.17,1.000,0.990,0.969
-0.988130,0.052564,-0.144351,6.50,1.000,0.918,0.848
-0.477925,-0.875593,-0.070173,5.30,0.763,0.838,1.000
-0.966822,-0.213997,-0.139501,5.94,1.000,0.993,0.974
-0.593298,-0.800313,-0.086584,5.81,1.000,0.984,0.960
-0.989000,0.049828,-0.139274,4.95,1.000,0.874,0.771
-0.989768,-0.029666,-0.139565,6.25,1.000,0.866,0.758
-0.807897,-0.578265,-0.113632,6.45,1.000,0.963,0.925
-0.468586,0.881125,-0.063612,5.83,0.939,0.943,1.000
-0.766399,0.633880,-0.104064,5.31,0.791,0.855,1.000
-0.728324,-0.677828,-0.100464,5.08,0.778,0.847,1.000
-0.543697,0.836167,-0.072243,6.28,0.839,0.884,1.000
-0.298256,-0.953583,-0.041515,6.09,0.843,0.886,1.000
-0.955620,0.265780,-0.127090,5.74,1.000,0.815,0.667
-0.577753,0.812711,-0.075511,6.41,1.000,0.963,0.925
-0.902253,-0.414111,-0.120213,5.76,0.811,0.867,1.000
-0.153078,0.988033,-0.018904,6.15,0.876,0.906,1.000
-0.680648,0.727264,-0.088350,6.35,1.000,0.824,0.682
-0.723261,0.684208,-0.093556,5.94,1.000,0.993,0.974
-0.990261,-0.052399,-0.128986,4.77,1.000,0.780,0.601
-0.940964,0.315810,-0.121862,5.52,1.000,0.864,0.754
-0.350223,0.935636,-0.043928,3.84,1.000,0.768,0.578
-0.664648,0.742317,-0.084903,6.42,1.000,0.898,0.814
-0.653626,0.752290,-0.082659,6.56,1.000,0.888,0.796
-0.961386,0.248089,-0.119115,6.20,1.000,0.971,0.938
-0.476779,-0.876965,-0.060126,6.38,1.000,0.984,0.960
-0.480034,0.875317,-0.058204,5.48,1.000,0.990,0.969
-0.927898,-0.354726,-0.114781,6.24,1.000,0.979,0.951
-0.504555,-0.861117,-0.062469,5.13,1.000,0.858,0.744
-0.503468,-0.861769,-0.062234,5.15,1.000,0.993,0.974
-0.866004,-0.488824,-0.105303,5.81,1.000,0.982,0.956
-0.866024,-0.488790,-0.105292,5.64,1.000,0.982,0.956
-0.886532,-0.450046,-0.107328,6.16,1.000,0.763,0.567
-0.983709,-0.136191,-0.117337,5.95,1.000,0.806,0.648
-0.755773,-0.648603,-0.090115,5.64,1.000,0.774,0.589
-0.388490,-0.920247,-0.047130,5.90,1.000,0.849,0.727
-0.850403,-0.516342,-0.101022,5.04,1.000,0.774,0.589
-0.843474,-0.527813,-0.099826,3.54,1.000,0.886,0.793
-0.953366,-0.280341,-0.111812,6.05,1.000,0.963,0.925
-0.795398,0.599241,-0.090841,6.40,1.000,0.864,0.754
-0.754395,-0.650601,-0.087214,5.39,0.828,0.878,1.000
-0.975319,0.191213,-0.110405,6.55,0.850,0.891,1.000
-0.992335,0.053382,-0.111454,5.77,1.000,1.000,0.988
-0.951511,0.288981,-0.105433,5.95,0.739,0.823,1.000
-0.573237,0.816997,-0.062573,5.63,1.000,0.870,0.765
-0.835070,-0.542169,-0.093330,5.98,1.000,0.913,0.841
-0.931489,0.349249,-0.101754,6.45,1.000,0.872,0.768
-0.580511,-0.811718,-0.064187,4.62,0.763,0.838,1.000
-0.351176,0.935584,-0.036838,5.20,1.000,0.872,0.768
-0.650352,-0.756272,-0.071378,5.50,1.000,0.866,0.758
-0.673274,-0.735772,-0.073082,5.71,1.000,0.763,0.567
-0.976418,0.189286,-0.103818,6.56,0.832,0.880,1.000
-0.880008,0.466095,-0.091335,5.80,0.871,0.903,1.000
-0.670052,-0.738946,-0.070642,5.25,0.880,0.909,1.000
-0.451153,-0.891163,-0.047856,3.13,0.775,0.845,1.000
-0.980305,-0.170248,-0.100087,4.70,0.763,0.838,1.000
-0.828865,-0.552955,-0.084985,5.74,1.000,0.870,0.765
-0.792013,-0.605124,-0.080869,6.31,0.807,0.865,1.000
-0.994843,-0.014379,-0.100402,4.30,1.000,0.874,0.771
-0.481442,-0.875061,-0.049812,5.83,0.760,0.836,1.000
-0.834571,-0.544464,-0.083963,6.29,1.000,1.000,0.988
-0.631531,0.772937,-0.061134,6.14,1.000,0.860,0.747
-0.478063,-0.877006,-0.048117,5.15,1.000,0.851,0.731
-0.669184,-0.740186,-0.065717,5.44,1.000,0.829,0.692
-0.720635,0.689942,-0.068300,5.59,0.921,0.932,1.000
-0.983521,0.154437,-0.093995,6.17,1.000,0.858,0.744
-0.242473,-0.969858,-0.024138,5.65,0.933,0.939,1.000
-0.681120,0.729377,-0.063910,6.10,0.953,0.950,1.000
-0.431073,0.901432,-0.039952,6.46,1.000,0.963,0.925
-0.829025,0.553763,-0.077867,6.27,1.000,0.815,0.667
-0.985570,0.141492,-0.092904,5.36,1.000,0.776,0.592
-0.994663,-0.042505,-0.094016,6.22,1.000,0.851,0.731
-0.378959,-0.924681,-0.036812,5.96,1.000,0.870,0.765
-0.702733,0.708446,-0.065350,6.44,1.000,0.974,0.943
-0.469995,-0.881521,-0.045004,5.15,0.781,0.849,1.000
-0.969357,-0.228384,-0.090486,5.48,1.000,0.984,0.960
-0.904546,-0.418202,-0.083090,6.42,1.000,0.911,0.837
-0.964545,-0.249850,-0.085016,6.21,0.788,0.853,1.000
-0.954517,-0.286028,-0.084181,6.19,1.000,0.768,0.578
-0.414650,-0.909220,-0.037207,5.17,1.000,0.915,0.844
-0.528428,0.847776,-0.045171,6.37,0.751,0.830,1.000
-0.818639,-0.569921,-0.070854,4.70,0.766,0.840,1.000
-0.928085,0.364109,-0.077995,5.26,1.000,0.878,0.778
-0.824239,0.562107,-0.068308,5.33,1.000,0.934,0.876
-0.586146,-0.808695,-0.049452,5.96,1.000,0.763,0.567
-0.869999,-0.487805,-0.071756,6.44,1.000,0.948,0.900
-0.466458,-0.883684,-0.038978,4.94,1.000,0.845,0.721
-0.569293,0.820875,-0.045488,6.27,1.000,0.788,0.615
-0.847640,0.526156,-0.068305,5.73,0.993,0.973,1.000
-0.727790,-0.683221,-0.059420,5.55,1.000,0.963,0.925
-0.840717,-0.537296,-0.067150,5.22,1.000,0.790,0.618
-0.393670,0.918757,-0.030165,5.30,1.000,0.822,0.679
-0.922973,0.378016,-0.072288,6.59,1.000,0.963,0.925
-0.935053,-0.346836,-0.073351,6.22,1.000,0.884,0.789
-0.119725,-0.992757,-0.009938,6.33,1.000,0.858,0.744
-0.794557,-0.604464,-0.057466,5.98,1.000,0.793,0.624
-0.185042,-0.982633,-0.013813,6.39,1.000,0.894,0.807
-0.990773,-0.116276,-0.069636,6.07,1.000,0.882,0.786
-0.460718,-0.886926,-0.033186,5.03,1.000,0.915,0.844
-0.902547,0.426069,-0.062242,6.02,1.000,0.782,0.604
-0.454755,-0.890040,-0.032035,6.10,0.807,0.865,1.000
-0.947050,-0.314835,-0.063055,4.73,1.000,0.880,0.782
-0.987591,0.143637,-0.063497,4.85,0.850,0.891,1.000
-0.653776,-0.755507,-0.042249,6.26,1.000,0.841,0.714
-0.991623,0.113714,-0.061258,4.03,1.000,0.785,0.610
-0.670742,0.740564,-0.040877,3.71,1.000,0.840,0.711
-0.697187,-0.715571,-0.043461,5.29,0.751,0.830,1.000
-0.394308,-0.918644,-0.024796,3.64,0.843,0.886,1.000
-0.563641,0.825393,-0.032187,5.27,1.000,0.824,0.682
-0.481251,-0.876124,-0.028353,4.11,1.000,0.894,0.807
-0.759084,-0.649455,-0.044705,4.91,1.000,0.948,0.900
-0.808691,-0.586471,-0.045508,6.17,1.000,0.882,0.786
-0.862177,-0.504331,-0.047970,6.48,1.000,0.943,0.892
-0.533588,-0.845228,-0.029556,5.41,1.000,0.761,0.564
-0.937090,0.345608,-0.049172,4.53,1.000,0.976,0.947
-0.988286,0.143421,-0.052161,5.32,0.794,0.857,1.000
-0.982582,-0.179031,-0.049811,6.26,1.000,0.968,0.934
-0.393187,-0.919237,-0.020196,4.72,1.000,0.780,0.601
-0.967895,0.246731,-0.047994,5.88,0.899,0.920,1.000
-0.891906,-0.450094,-0.043810,5.11,1.000,0.771,0.584
-0.998837,-0.005561,-0.047890,6.15,1.000,0.984,0.960
-0.966730,0.251595,-0.046182,2.14,0.817,0.871,1.000
-0.959029,0.279708,-0.045024,6.04,0.889,0.914,1.000
-0.819007,0.572599,-0.036851,5.70,1.000,1.000,0.988
-0.441241,-0.897168,-0.019873,4.32,0.742,0.825,1.000
-0.337988,-0.941033,-0.014841,4.97,1.000,0.802,0.642
-0.961057,-0.273353,-0.040595,6.13,1.000,0.884,0.789
-0.998702,0.030795,-0.040570,3.61,1.000,0.976,0.947
-0.459035,-0.888212,-0.019132,5.70,0.885,0.911,1.000
-0.888050,-0.458305,-0.036373,6.48,1.000,0.878,0.778
-0.976358,0.212670,-0.038695,6.35,0.889,0.914,1.000
-0.994909,-0.092950,-0.038931,5.64,1.000,0.862,0.751
-0.834466,0.550116,-0.032215,6.27,0.915,0.929,1.000
-0.704435,-0.709246,-0.027231,4.46,1.000,0.819,0.673
-0.976767,-0.211116,-0.036819,6.35,0.968,0.959,1.000
-0.858083,-0.512567,-0.031115,5.85,1.000,0.974,0.943
-0.419090,-0.907822,-0.014903,4.90,0.754,0.832,1.000
-0.790654,0.611784,-0.024226,6.45,1.000,0.927,0.864
-0.544500,-0.838554,-0.018614,5.57,0.811,0.867,1.000
-0.829537,-0.557862,-0.025671,4.28,0.757,0.834,1.000
-0.818150,-0.574529,-0.023401,6.17,0.814,0.869,1.000
-0.591873,0.805874,-0.015938,2.44,0.788,0.853,1.000
-0.999592,0.009633,-0.026881,6.30,0.859,0.896,1.000
-0.538451,-0.842546,-0.013649,6.06,0.804,0.863,1.000
-0.790468,-0.612202,-0.019215,6.46,1.000,0.984,0.960
-0.900732,-0.433877,-0.020801,5.30,1.000,0.898,0.814
-0.988930,0.146841,-0.021355,5.58,1.000,0.886,0.793
-0.688489,0.725097,-0.014737,6.54,0.821,0.873,1.000
-0.688586,0.725011,-0.014464,7.03,0.791,0.855,1.000
-0.801014,0.598414,-0.016656,6.49,1.000,0.774,0.589
-0.449541,-0.893206,-0.009816,5.91,0.854,0.893,1.000
-0.962772,0.269704,-0.018171,5.53,0.824,0.875,1.000
-0.878852,-0.476805,-0.016613,5.93,1.000,0.786,0.613
-0.550416,0.834835,-0.009672,5.84,1.000,0.854,0.737
-0.955387,-0.294888,-0.016614,5.18,0.781,0.849,1.000
-0.769398,-0.638622,-0.013727,6.13,1.000,0.870,0.765
-0.476360,0.879226,-0.006472,6.22,1.000,0.882,0.786
-0.681003,-0.732216,-0.009712,6.26,0.968,0.959,1.000
-0.835592,-0.549246,-0.010714,6.21,0.775,0.845,1.000
-0.762121,0.647370,-0.009167,6.62,1.000,1.000,0.988
-0.462516,-0.886599,-0.004706,5.57,0.742,0.825,1.000
-0.845477,0.533967,-0.006936,6.42,0.899,0.920,1.000
-0.477687,0.878523,-0.003453,6.76,1.000,0.963,0.925
-0.554578,-0.832121,-0.004227,5.44,0.763,0.838,1.000
-0.755294,-0.655364,-0.005476,6.79,1.000,0.880,0.782
-0.433037,-0.901373,-0.002277,5.61,0.850,0.891,1.000
-0.899480,-0.436941,-0.004291,6.43,0.797,0.859,1.000
-0.999949,0.009260,-0.004116,6.17,1.000,0.826,0.685
-0.837071,0.547088,-0.002581,5.96,1.000,0.845,0.721
-0.619821,-0.784740,-0.002213,6.05,1.000,0.822,0.679
-0.204121,-0.978946,-0.000337,4.91,0.769,0.842,1.000
-0.828696,0.559699,-0.000169,6.50,0.867,0.901,1.000
-0.997966,0.063753,-0.000225,5.37,0.788,0.853,1.000
-0.158967,0.987284,0.000215,6.17,1.000,0.770,0.581
-0.983421,-0.181311,0.003182,5.55,1.000,0.922,0.856
-0.928240,-0.371971,0.002869,6.28,1.000,0.833,0.698
-0.993337,0.115183,0.003785,4.66,0.832,0.880,1.000
-0.941706,-0.336420,0.003506,5.26,0.726,0.815,1.000
-0.999514,-0.030853,0.004492,6.31,1.000,0.834,0.701
-0.537235,-0.843425,0.003477,6.16,0.788,0.853,1.000
-0.808565,0.588377,0.005851,5.59,1.000,0.872,0.768
-0.730780,0.682580,0.006739,5.21,0.885,0.911,1.000
-0.076164,-0.997095,0.000776,6.05,1.000,0.820,0.676
-0.317470,-0.948262,0.003431,6.42,1.000,0.841,0.714
-0.355210,-0.934777,0.004074,5.89,0.763,0.838,1.000
-0.990944,-0.133703,0.012367,6.22,1.000,0.788,0.615
-0.449081,-0.893472,0.005928,4.33,0.889,0.914,1.000
-0.737959,-0.674743,0.011786,5.15,0.976,0.963,1.000
-0.272011,-0.962284,0.004437,6.44,1.000,0.831,0.695
-0.930516,0.365838,0.017366,5.87,0.867,0.901,1.000
-0.451334,-0.892315,0.008508,4.72,0.763,0.838,1.000
-0.369198,-0.929321,0.007484,5.35,0.785,0.851,1.000
-0.233069,-0.972448,0.004857,5.04,1.000,0.788,0.615
-0.076927,0.997036,0.001500,6.27,1.000,0.966,0.930
-0.485167,-0.874359,0.010484,5.96,1.000,0.761,0.564
-0.988151,0.151831,0.022460,4.12,1.000,0.878,0.778
-0.226493,0.973999,0.005191,5.80,1.000,0.872,0.768
-0.454892,0.890475,0.011240,6.13,1.000,0.841,0.714
-0.413807,-0.910303,0.010631,6.33,0.867,0.901,1.000
-0.811873,-0.583455,0.021065,6.23,0.763,0.838,1.000
-0.998165,-0.054631,0.026123,6.37,1.000,0.874,0.771
-0.363912,-0.931379,0.010054,6.23,1.000,0.829,0.692
-0.411209,-0.911469,0.011459,6.06,1.000,0.951,0.904
-0.428527,-0.903437,0.012871,4.15,0.927,0.936,1.000
-0.252480,-0.967564,0.008629,5.18,1.000,0.819,0.673
-0.633508,-0.773413,0.022362,4.47,0.742,0.825,1.000
-0.632132,-0.774540,0.022295,6.37,0.772,0.844,1.000
-0.659669,-0.751181,0.023742,5.34,0.785,0.851,1.000
-0.632656,-0.774089,0.023083,2.60,0.751,0.830,1.000
-0.486812,-0.873324,0.017872,6.22,1.000,0.751,0.545
-0.907685,-0.418325,0.033336,4.02,0.915,0.929,1.000
-0.714835,-0.698741,0.027763,5.75,0.876,0.906,1.000
-0.751486,-0.659102,0.029225,5.48,0.766,0.840,1.000
-0.998559,0.033116,0.042238,5.95,1.000,0.851,0.731
-0.264282,0.964379,0.011294,6.35,1.000,0.990,0.969
-0.821305,-0.569351,0.036009,6.17,0.797,0.859,1.000
-0.993911,0.101177,0.043641,5.72,0.933,0.939,1.000
-0.922177,-0.384613,0.040767,3.00,1.000,0.814,0.664
-0.788564,-0.613876,0.036372,6.06,0.859,0.896,1.000
-0.956264,0.289185,0.043953,6.39,0.807,0.865,1.000
-0.887785,0.458361,0.041744,6.01,0.824,0.875,1.000
-0.480006,-0.876958,0.023228,6.08,0.960,0.954,1.000
-0.915277,-0.400389,0.044224,5.46,0.807,0.865,1.000
-0.701055,-0.712305,0.033822,6.61,1.000,0.858,0.744
-0.623643,-0.781079,0.031383,6.23,1.000,0.911,0.837
-0.609790,-0.791955,0.031028,3.96,0.742,0.825,1.000
-0.144017,0.989551,0.006918,6.00,1.000,0.768,0.578
-0.898581,0.436335,0.046516,5.66,1.000,0.801,0.639
-0.543127,0.839188,0.027866,6.43,1.000,0.963,0.925
-0.877308,0.477713,0.046055,6.49,0.939,0.943,1.000
-0.935099,0.350893,0.049641,5.57,1.000,0.884,0.789
-0.454093,-0.890617,0.024527,5.92,0.899,0.920,1.000
-0.338999,-0.940596,0.018923,6.17,1.000,0.907,0.829
-0.214152,0.976734,0.011409,5.14,0.921,0.932,1.000
-0.826434,-0.561008,0.047712,6.50,1.000,0.763,0.567
-0.776590,-0.628359,0.045532,5.76,0.748,0.828,1.000
-0.197743,-0.980180,0.012032,6.35,1.000,0.829,0.692
-0.982313,0.178153,0.057636,5.85,0.889,0.914,1.000
-0.829589,-0.556191,0.049329,6.33,0.814,0.869,1.000
-0.696807,-0.715984,0.042751,5.31,1.000,0.797,0.633
-0.431112,-0.901897,0.026897,6.22,0.828,0.878,1.000
-0.594509,0.803179,0.038245,6.16,1.000,0.866,0.758
-0.932552,-0.355827,0.061095,5.83,1.000,0.864,0.754
-0.517657,-0.854902,0.034258,2.80,0.717,0.809,1.000
-0.981690,-0.179017,0.065103,6.11,1.000,1.000,0.988
-0.742456,-0.668002,0.050317,6.26,1.000,0.872,0.768
-0.337999,0.940881,0.022363,5.71,1.000,0.838,0.708
-0.542931,0.838979,0.036601,3.31,0.814,0.869,1.000
-0.915900,-0.396405,0.063176,6.54,1.000,0.984,1.000
-0.951230,-0.301404,0.065710,2.59,0.754,0.832,1.000
-0.964026,0.257114,0.067425,5.10,0.807,0.865,1.000
-0.298032,-0.954317,0.021352,6.22,0.785,0.851,1.000
-0.299157,0.953983,0.020513,6.29,1.000,0.847,0.724
-0.756709,0.651573,0.053335,5.66,1.000,0.779,0.598
-0.911611,0.405864,0.065112,4.95,1.000,0.880,0.782
-0.835915,0.545537,0.060292,5.00,1.000,0.847,0.724
-0.410484,-0.911351,0.030684,6.06,0.797,0.859,1.000
-0.955204,-0.287254,0.071214,6.05,0.821,0.873,1.000
-0.374138,-0.926928,0.028736,4.11,1.000,0.774,0.589
-0.597404,0.800638,0.045684,5.81,1.000,0.819,0.673
-0.872598,0.483851,0.066792,5.70,0.843,0.886,1.000
-0.184863,-0.982652,0.014829,4.26,0.751,0.830,1.000
-0.805620,-0.589110,0.062655,6.15,0.791,0.855,1.000
-0.962382,0.261249,0.074636,6.34,1.000,0.807,0.651
-0.994492,-0.068963,0.078930,6.99,0.939,0.943,1.000
-0.994496,-0.068862,0.078967,6.54,0.921,0.932,1.000
-0.436906,-0.898817,0.035220,4.04,0.736,0.821,1.000
-0.861022,0.503761,0.069755,6.23,0.904,0.923,1.000
-0.996589,-0.013739,0.081373,5.90,0.847,0.889,1.000
-0.569568,-0.820582,0.047315,5.00,1.000,0.773,0.587
-0.061993,0.998066,0.004568,6.33,0.993,0.973,1.000
-0.895636,0.438493,0.074559,6.48,0.850,0.891,1.000
-0.917001,0.391289,0.077480,6.27,0.847,0.889,1.000
-0.040042,0.999194,0.002684,6.28,0.933,0.939,1.000
-0.255247,0.966647,0.021021,5.38,0.781,0.849,1.000
-0.878471,0.471888,0.074900,6.33,1.000,0.990,0.969
-0.996163,-0.011640,0.086744,3.89,0.794,0.857,1.000
-0.653817,0.754528,0.056660,5.29,1.000,0.763,0.567
-0.922445,-0.377446,0.081427,5.97,1.000,0.911,0.837
-0.407611,-0.912426,0.036498,6.21,0.775,0.845,1.000
-0.890488,0.448063,0.079193,5.54,1.000,0.856,0.741
-0.895257,0.438402,0.079486,6.15,0.904,0.923,1.000
-0.994396,0.057782,0.088529,4.96,1.000,0.843,0.717
-0.922043,-0.378097,0.082946,5.21,0.757,0.834,1.000
-0.948280,0.305575,0.085953,4.74,1.000,0.872,0.768
-0.886946,0.454841,0.080283,7.13,0.939,0.943,1.000
-0.968052,-0.234558,0.088646,5.14,1.000,0.864,0.754
-0.491781,-0.869505,0.045967,3.59,1.000,0.799,0.636
-0.529733,0.846787,0.048318,5.55,1.000,0.797,0.633
-0.551219,-0.832677,0.052975,5.92,1.000,0.776,0.592
-0.380550,-0.924026,0.036847,5.15,0.854,0.893,1.000
-0.367893,-0.929181,0.035745,5.74,1.000,0.866,0.758
-0.903720,0.419038,0.087735,6.19,0.785,0.851,1.000
-0.532056,-0.845039,0.053157,5.39,0.757,0.834,1.000
-0.895633,0.435956,0.088232,4.81,1.000,0.993,0.974
-0.990907,0.092467,0.097741,6.40,1.000,0.963,0.925
-0.066716,-0.997744,0.007491,6.33,1.000,0.858,0.744
-0.378606,-0.924757,0.038507,6.36,1.000,0.896,0.811
-0.902770,-0.420095,0.092337,5.68,1.000,0.843,0.717
-0.810685,-0.579463,0.083740,5.32,0.763,0.838,1.000
-0.769702,-0.633422,0.079592,6.40,0.899,0.920,1.000
-0.773948,-0.628114,0.080486,5.79,0.763,0.838,1.000
-0.732809,0.676140,0.076321,6.06,0.921,0.932,1.000
-0.618252,0.783284,0.065049,4.80,1.000,0.900,0.818
-0.892992,0.439917,0.095072,5.18,0.814,0.869,1.000
-0.745925,-0.661105,0.080852,6.25,1.000,0.840,0.711
-0.896837,0.431815,0.096022,6.42,0.889,0.914,1.000
-0.407896,-0.911909,0.045191,6.30,1.000,0.882,0.786
-0.732676,-0.675776,0.080699,6.11,1.000,0.951,0.904
-0.973626,-0.201254,0.107468,5.95,0.797,0.859,1.000
-0.879605,-0.465602,0.097524,6.09,1.000,0.824,0.682
-0.812282,-0.576238,0.090263,5.73,0.769,0.842,1.000
-0.908526,0.405558,0.100510,6.03,1.000,0.854,0.737
-0.544621,0.836549,0.059774,5.81,1.000,0.768,0.578
-0.438816,0.897280,0.048265,6.32,1.000,0.892,0.803
-0.772005,0.629573,0.087441,5.02,1.000,0.882,0.786
-0.449062,-0.891975,0.052187,4.86,0.751,0.830,1.000
-0.449404,-0.891791,0.052392,1.33,0.714,0.807,1.000
-0.449397,-0.891793,0.052411,1.73,0.708,0.803,1.000
-0.619016,-0.782074,0.071969,4.82,0.745,0.826,1.000
-0.882979,0.458158,0.102171,4.95,0.889,0.914,1.000
-0.652711,-0.753716,0.076685,6.26,1.000,0.943,0.892
-0.834518,-0.542148,0.098261,5.55,0.791,0.855,1.000
-0.438520,-0.897175,0.052698,6.00,0.811,0.867,1.000
-0.874662,0.473602,0.103284,4.36,1.000,0.849,0.727
-0.886204,0.451276,0.104843,5.00,0.814,0.869,1.000
-0.511460,-0.857095,0.061618,5.50,1.000,0.794,0.627
-0.308127,0.950677,0.035656,6.24,1.000,0.862,0.751
-0.981516,0.149713,0.119218,6.37,1.000,0.888,0.796
-0.951111,-0.286223,0.116038,6.35,1.000,0.907,0.829
-0.634918,-0.768625,0.078071,3.91,0.729,0.817,1.000
-0.429708,-0.901390,0.053361,6.04,0.794,0.857,1.000
-0.559266,0.826224,0.067641,5.70,1.000,0.779,0.598
-0.989402,-0.080465,0.120870,6.22,1.000,0.978,1.000
-0.468993,-0.881265,0.058468,6.22,1.000,0.826,0.685
-0.770746,-0.629882,0.095916,5.44,0.763,0.838,1.000
-0.548989,-0.832996,0.068761,6.15,1.000,0.890,0.800
-0.890060,0.441923,0.111790,6.54,0.847,0.889,1.000
-0.892499,0.436789,0.112525,6.65,0.867,0.901,1.000
-0.892313,0.437002,0.113167,5.29,0.772,0.844,1.000
-0.905246,0.408472,0.116962,5.48,0.993,0.973,1.000
-0.546890,-0.834124,0.071753,5.80,1.000,0.777,0.595
-0.739850,-0.665701,0.097288,6.02,1.000,0.783,0.607
-0.926385,0.356675,0.120810,5.69,0.811,0.867,1.000
-0.950614,-0.284276,0.124581,2.95,0.772,0.844,1.000
-0.964437,-0.231630,0.127313,6.35,1.000,0.974,0.943
-0.907699,-0.401895,0.120676,5.63,1.000,0.761,0.564
-0.519431,0.851780,0.068281,5.35,0.859,0.896,1.000
-0.616690,0.782994,0.081321,6.21,1.000,0.987,0.965
-0.514055,0.855070,0.067840,6.08,1.000,0.878,0.778
-0.537967,-0.839746,0.073609,1.63,1.000,0.773,0.587
-0.538398,-0.839441,0.073939,6.42,0.843,0.886,1.000
-0.352028,0.934833,0.046520,4.95,1.000,0.768,0.578
-0.901162,0.415761,0.122683,5.46,0.804,0.863,1.000
-0.595317,0.799440,0.080583,6.21,1.000,0.979,0.951
-0.503833,-0.860954,0.070073,5.48,1.000,0.956,0.913
-0.289469,-0.956313,0.040897,5.88,1.000,0.852,0.734
-0.981943,0.132328,0.135193,6.05,1.000,0.783,0.607
-0.441780,-0.894982,0.061951,5.95,0.889,0.914,1.000
-0.986634,-0.088069,0.137104,6.19,1.000,0.866,0.758
-0.303734,-0.951772,0.043318,3.87,0.742,0.825,1.000
-0.834833,-0.537794,0.117607,6.46,0.859,0.896,1.000
-0.950926,-0.278926,0.133940,4.31,0.953,0.950,1.000
-0.961082,-0.239536,0.137638,5.74,0.968,0.959,1.000
-0.973687,0.178726,0.141388,6.26,1.000,0.884,0.789
-0.930970,-0.338606,0.136533,6.26,0.899,0.920,1.000
-0.964590,-0.222064,0.142316,5.58,1.000,0.902,0.822
-0.901764,0.411245,0.133040,6.29,0.824,0.875,1.000
-0.975728,-0.164220,0.144866,5.48,0.778,0.847,1.000
-0.636929,-0.765028,0.095152,6.38,1.000,1.000,0.988
-0.827313,0.548257,0.122345,5.42,1.000,0.874,0.771
-0.825936,0.550258,0.122663,6.24,1.000,0.864,0.754
-0.742481,0.660755,0.110109,4.26,1.000,0.966,0.930
-0.907467,-0.397094,0.137187,2.65,1.000,0.896,0.811
-0.341809,0.938423,0.050296,3.87,0.748,0.828,1.000
-0.702989,-0.703064,0.107274,5.77,1.000,0.938,0.884
-0.912363,0.384765,0.139822,4.81,0.788,0.853,1.000
-0.466261,-0.881649,0.072771,6.22,1.000,0.931,0.872
-0.937890,0.315272,0.144795,6.56,0.880,0.909,1.000
-0.937876,0.315267,0.144898,5.02,1.000,0.845,0.721
-0.917074,0.372686,0.141704,5.85,1.000,0.833,0.698
-0.745294,-0.656348,0.117237,5.13,0.867,0.901,1.000
-0.337744,0.939824,0.051582,4.94,1.000,0.817,0.670
-0.758041,-0.641048,0.120130,5.80,0.791,0.855,1.000
-0.924991,-0.350652,0.146408,6.20,0.921,0.932,1.000
-0.351481,-0.934426,0.057531,2.69,0.726,0.815,1.000
-0.982034,-0.101611,0.159011,5.87,0.811,0.867,1.000
-0.501348,0.861513,0.080277,5.50,1.000,0.963,0.925
-0.943437,0.293864,0.153529,5.68,1.000,0.801,0.639
-0.653143,-0.749431,0.108430,3.86,0.804,0.863,1.000
-0.877888,-0.456149,0.145740,5.45,0.915,0.929,1.000
-0.248892,-0.967575,0.043038,6.49,0.814,0.869,1.000
-0.984615,0.057259,0.165092,6.33,0.791,0.855,1.000
-0.382064,-0.921816,0.065436,6.25,0.807,0.865,1.000
-0.985499,0.032365,0.166567,5.71,1.000,0.771,0.584
-0.978599,0.121667,0.165957,7.08,1.000,0.796,0.630
-0.936160,-0.313168,0.159782,6.00,0.899,0.920,1.000
-0.849825,-0.506368,0.146249,5.89,1.000,0.834,0.701
-0.745351,0.654404,0.127310,6.37,0.850,0.891,1.000
-0.909458,0.385253,0.156416,6.38,1.000,0.854,0.737
-0.975794,-0.139096,0.168754,4.66,1.000,0.831,0.695
-0.392529,-0.917141,0.069084,6.26,0.772,0.844,1.000
-0.919626,0.359386,0.158523,5.46,1.000,0.882,0.786
-0.797648,0.587107,0.138070,6.45,0.807,0.865,1.000
-0.754617,-0.642620,0.132635,4.64,0.763,0.838,1.000
-0.681564,-0.721102,0.124425,5.84,1.000,0.783,0.607
-0.645846,-0.754248,0.118292,2.17,0.785,0.851,1.000
-0.345806,-0.936106,0.064224,6.33,1.000,0.920,0.852
-0.958565,-0.225183,0.174489,6.08,1.000,0.963,0.925
-0.958557,-0.225206,0.174502,5.98,0.984,0.968,1.000
-0.496312,-0.863271,0.091859,4.93,0.775,0.845,1.000
-0.967352,0.180972,0.177426,6.19,0.854,0.893,1.000
-0.983209,-0.025295,0.180719,3.65,0.939,0.943,1.000
-0.983209,-0.025295,0.180719,3.68,1.000,0.963,0.925
-0.925500,-0.338058,0.170780,6.03,0.960,0.954,1.000
-0.967697,0.177695,0.178850,4.88,0.817,0.871,1.000
-0.976363,0.118520,0.180745,5.59,0.788,0.853,1.000
-0.445187,-0.891470,0.084196,5.31,0.889,0.914,1.000
-0.647180,-0.752565,0.121672,4.66,1.000,0.856,0.741
-0.550208,-0.828522,0.104029,6.08,0.778,0.847,1.000
-0.450928,0.888722,0.082690,6.07,0.791,0.855,1.000
-0.546804,-0.830752,0.104189,6.00,0.763,0.838,1.000
-0.507225,-0.856295,0.097378,6.40,1.000,0.856,0.741
-0.750364,-0.645161,0.143948,6.44,0.880,0.909,1.000
-0.981558,-0.027519,0.189174,5.93,1.000,0.902,0.822
-0.790637,-0.592705,0.153607,6.39,0.769,0.842,1.000
-0.864100,-0.474455,0.167997,5.48,1.000,0.812,0.660
-0.473939,0.875933,0.090130,6.38,1.000,0.826,0.685
-0.354171,-0.932520,0.070494,6.16,1.000,0.941,0.888
-0.475514,-0.874460,0.095949,4.69,1.000,0.864,0.754
-0.704624,0.695951,0.138407,6.33,0.993,0.973,1.000
-0.365280,-0.927889,0.074785,3.05,0.733,0.819,1.000
-0.759205,0.633096,0.150987,5.95,1.000,0.976,0.947
-0.688093,0.712519,0.137276,4.99,1.000,0.716,0.475
-0.971478,0.133525,0.195965,5.22,0.921,0.932,1.000
-0.540833,-0.833779,0.110964,4.65,0.739,0.823,1.000
-0.966049,0.165736,0.198192,5.67,1.000,0.876,0.775
-0.818320,-0.549250,0.169342,5.86,1.000,0.812,0.660
-0.938652,0.285312,0.193724,5.12,1.000,0.810,0.657
-0.159909,0.986632,0.031397,6.40,0.828,0.878,1.000
-0.493798,-0.863295,0.104330,1.25,0.717,0.809,1.000
-0.973736,0.103675,0.202707,6.34,0.772,0.844,1.000
-0.957602,0.207196,0.200170,6.07,0.828,0.878,1.000
-0.972635,-0.109768,0.204774,6.26,1.000,0.976,0.947
-0.887656,-0.420271,0.188252,6.44,0.769,0.842,1.000
-0.976376,0.062316,0.206897,6.41,1.000,0.771,0.584
-0.447682,0.889263,0.093760,5.89,1.000,0.963,0.925
-0.866502,-0.463257,0.185920,5.66,1.000,0.884,0.789
-0.950699,0.234346,0.203111,6.56,0.791,0.855,1.000
-0.301986,-0.950983,0.066601,5.55,1.000,0.841,0.714
-0.385638,0.919068,0.081220,5.43,1.000,0.777,0.595
-0.887002,0.420090,0.191709,6.31,1.000,0.938,0.884
-0.947782,0.243996,0.205365,5.70,0.794,0.857,1.000
-0.648141,0.748573,0.139827,6.27,0.850,0.891,1.000
-0.484038,0.868804,0.104336,5.85,1.000,1.000,0.988
-0.482128,-0.869502,0.107327,6.75,0.933,0.939,1.000
-0.866164,0.462557,0.189211,5.78,0.797,0.859,1.000
-0.082577,-0.996380,0.020198,5.46,1.000,0.870,0.765
-0.647222,-0.748490,0.144454,6.24,0.804,0.863,1.000
-0.589881,-0.796398,0.133382,5.73,0.832,0.880,1.000
-0.899339,0.388534,0.200573,6.43,1.000,0.874,0.771
-0.808850,-0.559185,0.181862,4.91,0.775,0.845,1.000
-0.774238,0.608996,0.172277,5.89,0.839,0.884,1.000
-0.482660,-0.868888,0.109872,5.72,0.953,0.950,1.000
-0.959145,-0.179460,0.218712,6.41,1.000,0.870,0.765
-0.973360,0.053324,0.222996,6.02,1.000,0.820,0.676
-0.749928,-0.638510,0.172951,5.98,0.757,0.834,1.000
-0.650732,-0.744244,0.150498,6.33,0.797,0.859,1.000
-0.870214,-0.449912,0.200765,6.15,0.871,0.903,1.000
-0.574826,-0.807264,0.133793,6.24,1.000,0.849,0.727
-0.864220,0.462376,0.198323,4.94,1.000,0.946,0.896
-0.931234,0.293605,0.215870,6.32,1.000,0.773,0.587
-0.558931,-0.818676,0.131778,5.93,1.000,0.817,0.670
-0.935613,0.277692,0.217982,6.30,0.843,0.886,1.000
-0.481666,-0.868879,0.114224,5.76,0.921,0.932,1.000
-0.639245,-0.754060,0.150861,4.33,1.000,0.807,0.651
-0.743360,-0.645176,0.176534,4.27,0.863,0.898,1.000
-0.480726,-0.869296,0.115009,5.90,0.859,0.896,1.000
-0.971322,-0.061973,0.229551,6.11,1.000,0.990,0.969
-0.112003,0.993409,0.024374,5.85,0.769,0.842,1.000
-0.112080,0.993398,0.024451,5.28,0.778,0.847,1.000
-0.906951,0.362357,0.214798,4.90,1.000,0.894,0.807
-0.508870,-0.852006,0.123030,6.58,1.000,0.924,0.860
-0.970098,-0.073654,0.231267,6.44,1.000,0.854,0.737
-0.498329,-0.858483,0.121142,4.62,0.742,0.825,1.000
-0.526728,-0.840356,0.127899,4.03,0.736,0.821,1.000
-0.526852,-0.840267,0.127978,5.17,0.751,0.830,1.000
-0.949789,0.215053,0.227272,6.25,0.889,0.914,1.000
-0.952031,-0.201909,0.229932,6.00,0.814,0.869,1.000
-0.958569,-0.165717,0.231696,4.79,1.000,0.771,0.584
-0.696952,-0.696564,0.170462,5.89,1.000,0.953,0.908
-0.810337,0.552438,0.195361,6.26,0.859,0.896,1.000
-0.544293,0.828644,0.130744,1.77,0.781,0.849,1.000
-0.711121,-0.680923,0.175074,5.47,1.000,0.760,0.561
-0.296682,-0.952051,0.074693,5.93,1.000,0.849,0.727
-0.530815,-0.837109,0.132224,5.32,0.791,0.855,1.000
-0.660052,0.733690,0.161336,5.84,1.000,0.779,0.598
-0.969007,0.059263,0.239820,3.38,1.000,0.774,0.589
-0.935899,-0.264327,0.232862,6.17,0.788,0.853,1.000
-0.868175,-0.445577,0.218480,6.62,1.000,0.943,0.892
-0.607293,-0.779323,0.154440,5.16,0.769,0.842,1.000
-0.761305,0.619981,0.189838,5.60,0.927,0.936,1.000
-0.761249,0.620030,0.189901,2.90,0.751,0.830,1.000
-0.403550,0.909516,0.099635,5.24,0.894,0.917,1.000
-0.568780,0.810036,0.142586,5.82,0.854,0.893,1.000
-0.893250,-0.386774,0.229154,6.31,1.000,0.860,0.747
-0.671032,0.721482,0.170821,6.12,1.000,0.872,0.768
-0.922828,0.299198,0.242630,4.78,1.000,0.777,0.595
-0.964173,-0.066482,0.256809,5.79,0.850,0.891,1.000
-0.804909,-0.552014,0.217721,6.02,0.953,0.950,1.000
-0.304885,-0.948594,0.084939,3.62,1.000,0.840,0.711
-0.829554,0.511818,0.223345,4.90,1.000,0.841,0.714
-0.963579,-0.058759,0.260888,5.99,1.000,0.851,0.731
-0.915990,0.315203,0.248211,6.20,0.984,0.968,1.000
-0.242637,0.968027,0.063641,6.01,1.000,0.876,0.775
-0.383695,0.917735,0.102664,5.32,1.000,0.820,0.676
-0.921847,0.294425,0.252016,5.96,1.000,0.882,0.786
-0.305739,-0.948191,0.086352,6.03,0.804,0.863,1.000
-0.534548,0.832596,0.145058,4.93,0.939,0.943,1.000
-0.945854,0.190109,0.263094,2.83,1.000,0.886,0.793
-0.624290,-0.760714,0.177696,4.85,0.794,0.857,1.000
-0.428423,0.895792,0.118369,6.00,0.976,0.963,1.000
-0.900159,-0.351565,0.257132,5.58,1.000,0.974,0.943
-0.485546,0.863537,0.136191,6.53,0.804,0.863,1.000
-0.959410,-0.063894,0.274683,6.59,0.899,0.920,1.000
-0.722575,-0.658646,0.209933,6.26,1.000,0.760,0.561
-0.589160,-0.789245,0.173157,6.43,1.000,0.757,0.556
-0.635560,-0.748535,0.189101,4.71,0.745,0.826,1.000
-0.716586,-0.663778,0.214253,5.59,1.000,0.864,0.754
-0.616789,-0.764990,0.185368,4.27,0.729,0.817,1.000
-0.777934,0.584942,0.229481,5.25,0.763,0.838,1.000
-0.480547,-0.864806,0.145551,5.99,1.000,0.995,0.979
-0.674914,0.710414,0.199508,5.63,1.000,0.849,0.727
-0.893803,0.360865,0.266256,5.99,0.960,0.954,1.000
-0.776142,-0.585834,0.233241,6.54,0.781,0.849,1.000
-0.838179,0.485259,0.248956,6.54,0.804,0.863,1.000
-0.884656,0.384555,0.263629,5.60,1.000,0.773,0.587
-0.280347,0.956434,0.081486,6.31,1.000,0.963,0.925
-0.569646,-0.803439,0.173176,5.71,0.766,0.840,1.000
-0.399449,-0.908555,0.122346,5.51,0.781,0.849,1.000
-0.449298,0.883291,0.133895,6.14,1.000,0.876,0.775
-0.848213,0.463678,0.256003,4.80,1.000,0.790,0.618
-0.939682,-0.186357,0.286826,5.19,1.000,0.847,0.724
-0.847943,0.462613,0.258811,6.19,1.000,0.809,0.654
-0.943886,-0.156166,0.291016,5.55,1.000,0.840,0.711
-0.878264,-0.392627,0.272939,4.95,1.000,0.864,0.754
-0.941510,-0.165707,0.293428,6.32,1.000,0.870,0.765
-0.940183,0.174030,0.292864,5.78,1.000,0.874,0.771
-0.938576,-0.179308,0.294829,5.94,1.000,0.788,0.615
-0.913033,0.289844,0.286988,5.91,1.000,0.794,0.627
-0.949329,-0.096521,0.299095,4.38,0.785,0.851,1.000
-0.757783,0.607695,0.237638,6.02,1.000,0.845,0.721
-0.578920,-0.794064,0.185240,6.06,0.760,0.836,1.000
-0.326251,-0.939346,0.105785,5.91,0.984,0.968,1.000
-0.746343,0.622977,0.234247,6.28,0.751,0.830,1.000
-0.909443,0.301196,0.286695,5.22,1.000,0.984,1.000
-0.909443,0.301196,0.286695,5.22,1.000,0.963,0.925
-0.705025,-0.672148,0.226178,5.79,1.000,0.984,0.960
-0.746343,0.622499,0.235512,5.91,0.899,0.920,1.000
-0.427356,-0.893393,0.138619,6.33,1.000,0.978,1.000
-0.691967,-0.686693,0.222788,5.25,1.000,0.864,0.754
-0.444471,0.884818,0.139793,6.54,0.781,0.849,1.000
-0.476469,-0.865334,0.155481,4.60,0.763,0.838,1.000
-0.189842,-0.979741,0.063784,5.85,1.000,0.860,0.747
-0.382940,-0.915149,0.125932,5.90,0.807,0.865,1.000
-0.851167,-0.447005,0.275138,6.50,0.854,0.893,1.000
-0.751394,-0.612949,0.244336,4.85,1.000,0.938,0.884
-0.477525,-0.864421,0.157310,6.16,1.000,0.963,0.925
-0.913224,-0.278968,0.296982,5.04,1.000,1.000,0.988
-0.698103,-0.678156,0.229688,6.22,1.000,0.862,0.751
-0.840832,0.467591,0.272689,4.26,1.000,0.971,0.938
-0.866910,0.410847,0.282262,6.33,1.000,0.878,0.778
-0.601181,-0.773840,0.199380,5.89,0.781,0.849,1.000
-0.931051,0.200328,0.304981,5.77,1.000,0.785,0.610
-0.899808,0.321467,0.294965,6.53,1.000,0.898,0.814
-0.492755,-0.854313,0.165356,5.89,1.000,0.858,0.744
-0.486780,-0.858095,0.163457,4.92,1.000,0.995,0.979
-0.898310,-0.322706,0.298161,6.28,0.817,0.871,1.000
-0.692032,-0.683769,0.231411,6.16,1.000,0.806,0.648
-0.899154,0.321058,0.297396,6.11,1.000,0.836,0.705
-0.356212,-0.926492,0.121348,4.80,0.763,0.838,1.000
-0.328629,-0.937766,0.112240,6.37,1.000,0.834,0.701
-0.891287,-0.340886,0.299006,5.33,1.000,0.900,0.818
-0.622041,-0.754213,0.210302,5.89,1.000,0.862,0.751
-0.725129,0.644828,0.241628,4.92,1.000,0.862,0.751
-0.929127,0.196488,0.313235,5.67,1.000,0.786,0.613
-0.762279,-0.593013,0.259359,6.19,1.000,0.880,0.782
-0.397075,-0.907326,0.138173,6.07,1.000,0.978,1.000
-0.888844,-0.341086,0.305967,5.22,1.000,0.868,0.761
-0.372041,-0.919023,0.130317,4.87,1.000,0.786,0.613
-0.280635,0.955273,0.093264,6.59,0.814,0.869,1.000
-0.715656,0.654151,0.244791,5.79,0.854,0.893,1.000
-0.944635,-0.024267,0.327225,6.68,0.910,0.926,1.000
-0.805057,-0.522590,0.280685,5.10,1.000,0.882,0.786
-0.893407,0.326421,0.308664,6.45,1.000,0.878,0.778
-0.679116,-0.694400,0.237928,5.84,0.859,0.896,1.000
-0.157343,0.986203,0.051445,6.25,1.000,0.886,0.793
-0.888980,0.338496,0.308438,6.45,0.880,0.909,1.000
-0.931666,0.163742,0.324326,5.22,1.000,0.966,0.930
-0.290140,-0.951248,0.104621,6.04,1.000,0.810,0.657
-0.916960,0.236424,0.321384,5.33,1.000,0.817,0.670
-0.943304,-0.011810,0.331720,6.37,0.885,0.911,1.000
-0.938921,0.095320,0.330669,4.80,1.000,0.761,0.564
-0.589031,-0.780279,0.210256,6.19,0.791,0.855,1.000
-0.716521,0.650410,0.252122,4.73,0.904,0.923,1.000
-0.347695,0.929828,0.120530,6.20,0.769,0.842,1.000
-0.894348,-0.314181,0.318485,4.74,1.000,0.936,0.880
-0.865358,-0.393487,0.310361,3.00,1.000,0.890,0.800
-0.939445,0.064319,0.336609,6.62,0.807,0.865,1.000
-0.780022,0.560611,0.277996,5.82,1.000,0.810,0.657
-0.609689,0.762464,0.216626,5.15,0.766,0.840,1.000
-0.472624,-0.864041,0.173381,6.18,0.993,0.973,1.000
-0.769673,0.575406,0.276606,6.02,0.876,0.906,1.000
-0.568244,-0.795981,0.208595,5.48,0.748,0.828,1.000
-0.527500,-0.827086,0.194095,6.02,0.899,0.920,1.000
-0.752586,-0.597796,0.276140,2.75,0.801,0.861,1.000
-0.641314,-0.729930,0.236471,5.77,1.000,0.851,0.731
-0.286754,-0.951844,0.108465,6.05,0.817,0.871,1.000
-0.937417,0.051319,0.344407,6.26,0.821,0.873,1.000
-0.717895,0.644798,0.262416,5.60,1.000,0.836,0.705
-0.883727,-0.333624,0.328209,6.21,0.817,0.871,1.000
-0.454062,-0.874385,0.171112,6.18,0.791,0.855,1.000
-0.453805,-0.874521,0.171098,4.53,0.748,0.828,1.000
-0.574058,-0.789974,0.215403,5.83,0.828,0.878,1.000
-0.936518,0.036421,0.348722,5.69,0.807,0.865,1.000
-0.626544,-0.742479,0.236996,6.16,0.850,0.891,1.000
-0.618827,-0.749681,0.234586,6.38,0.766,0.840,1.000
-0.932638,0.089846,0.349449,5.87,0.828,0.878,1.000
-0.401384,-0.902854,0.154094,4.53,1.000,0.905,0.826
-0.242935,-0.965417,0.094617,5.05,1.000,0.852,0.734
-0.782389,-0.547417,0.296987,6.22,1.000,0.764,0.570
-0.890665,-0.304620,0.337524,5.37,1.000,0.876,0.775
-0.674816,0.693440,0.252516,6.35,0.876,0.906,1.000
-0.602429,-0.764056,0.230864,6.48,1.000,0.882,0.786
-0.931197,-0.085842,0.354263,5.89,1.000,0.797,0.633
-0.401298,-0.902475,0.156523,5.31,0.968,0.959,1.000
-0.308715,-0.943382,0.121349,5.67,0.778,0.847,1.000
-0.928927,-0.090005,0.359157,5.75,0.984,0.968,1.000
-0.245083,-0.964520,0.098157,6.63,0.769,0.842,1.000
-0.745383,0.602287,0.285753,6.07,1.000,0.760,0.561
-0.910912,0.215280,0.351986,6.44,1.000,0.862,0.751
-0.536544,0.818403,0.205759,2.27,0.794,0.857,1.000
-0.536579,0.818367,0.205812,3.95,0.832,0.880,1.000
-0.914079,-0.193573,0.356354,0.98,0.717,0.809,1.000
-0.852230,0.404415,0.331892,5.78,0.807,0.865,1.000
-0.715129,-0.639510,0.282166,5.09,1.000,0.836,0.705
-0.929912,-0.020812,0.367193,5.97,0.854,0.893,1.000
-0.695737,-0.662595,0.277342,5.69,1.000,0.791,0.621
-0.607480,-0.756355,0.242683,6.31,1.000,0.963,0.925
-0.534532,0.819032,0.208473,4.01,0.843,0.886,1.000
-0.604316,-0.759054,0.242158,6.28,0.751,0.830,1.000
-0.906499,-0.219979,0.360373,5.25,1.000,0.783,0.607
-0.709504,-0.644965,0.283943,6.40,1.000,0.878,0.778
-0.322323,-0.937453,0.131494,6.20,0.794,0.857,1.000
-0.645687,0.719680,0.255244,5.88,1.000,0.880,0.782
-0.892240,-0.275195,0.358015,4.76,1.000,0.856,0.741
-0.395800,-0.903902,0.162182,6.11,0.824,0.875,1.000
-0.418620,0.893066,0.164895,6.50,1.000,0.929,0.868
-0.579948,-0.778958,0.238505,5.06,0.811,0.867,1.000
-0.899817,0.238176,0.365515,4.98,1.000,0.936,0.880
-0.281398,0.953145,0.111037,5.79,1.000,0.767,0.575
-0.396360,0.904348,0.158285,6.66,0.946,0.946,1.000
-0.396526,0.904228,0.158556,7.04,0.960,0.954,1.000
-0.561281,0.795958,0.226748,6.34,0.871,0.903,1.000
-0.702074,0.652492,0.285214,6.47,1.000,0.890,0.800
-0.924867,-0.023812,0.379544,6.43,1.000,0.852,0.734
-0.588469,0.772592,0.238340,6.80,1.000,0.963,0.925
-0.849091,-0.395247,0.350462,4.97,1.000,0.771,0.584
-0.908739,0.187696,0.372778,5.65,1.000,0.864,0.754
-0.197701,-0.976553,0.085191,6.48,1.000,0.995,0.979
-0.586239,0.774043,0.239126,6.43,0.946,0.946,1.000
-0.066470,-0.997297,0.031322,5.58,0.850,0.891,1.000
-0.463980,0.865552,0.188525,5.40,0.785,0.851,1.000
-0.916634,0.124968,0.379690,6.17,1.000,0.791,0.621
-0.918862,0.104760,0.380417,6.51,1.000,0.882,0.786
-0.917283,-0.112688,0.381961,6.09,0.921,0.932,1.000
-0.712480,-0.634832,0.298932,3.88,1.000,0.841,0.714
-0.812573,-0.471209,0.343056,6.47,0.821,0.873,1.000
-0.182906,0.980422,0.072921,5.77,1.000,0.922,0.856
-0.721284,-0.621136,0.306495,6.16,1.000,0.866,0.758
-0.378658,-0.910918,0.163850,6.37,0.781,0.849,1.000
-0.871687,-0.321091,0.370219,6.01,0.850,0.891,1.000
-0.915083,-0.108968,0.388265,4.69,1.000,0.768,0.578
-0.683855,0.670506,0.287688,6.08,1.000,0.864,0.754
-0.806575,-0.480113,0.344859,5.69,0.801,0.861,1.000
-0.799795,-0.493415,0.341863,6.45,1.000,0.978,1.000
-0.886189,-0.264934,0.380103,5.55,1.000,0.831,0.695
-0.904423,-0.176483,0.388423,5.21,1.000,0.882,0.786
-0.911536,-0.125247,0.391682,6.68,1.000,0.822,0.679
-0.837394,0.412252,0.358915,6.11,1.000,0.882,0.786
-0.609829,-0.746316,0.266687,6.33,0.772,0.844,1.000
-0.765330,-0.549181,0.335664,6.44,1.000,0.826,0.685
-0.914962,0.063816,0.398462,4.94,0.797,0.859,1.000
-0.891630,-0.228596,0.390818,5.91,0.794,0.857,1.000
-0.915800,-0.010399,0.401500,3.37,0.824,0.875,1.000
-0.714315,0.626456,0.311940,6.37,0.863,0.898,1.000
-0.521303,0.822627,0.226998,5.60,0.778,0.847,1.000
-0.729526,0.604356,0.320227,4.98,0.968,0.959,1.000
-0.910340,-0.094041,0.403035,5.73,1.000,0.884,0.789
-0.600931,0.754894,0.262712,4.70,0.828,0.878,1.000
-0.432196,-0.880411,0.195151,5.63,1.000,0.990,0.969
-0.899870,0.177166,0.398556,6.49,1.000,0.868,0.761
-0.224468,-0.968946,0.103717,6.34,0.791,0.855,1.000
-0.655934,0.697127,0.289421,6.84,0.859,0.896,1.000
-0.751931,-0.565943,0.338096,6.50,1.000,0.868,0.761
-0.654152,-0.696456,0.295017,5.98,1.000,0.886,0.793
-0.304112,-0.942321,0.139814,6.10,1.000,0.799,0.636
-0.816312,-0.446120,0.366894,5.78,0.867,0.901,1.000
-0.627953,-0.724513,0.284175,5.90,0.751,0.830,1.000
-0.476484,-0.851864,0.217464,6.42,1.000,0.851,0.731
-0.828943,0.416492,0.373346,5.74,1.000,0.779,0.598
-0.486476,-0.844543,0.223801,6.01,1.000,0.847,0.724
-0.298223,-0.944309,0.139079,6.59,1.000,0.819,0.673
-0.592695,0.760255,0.265943,6.49,1.000,0.963,0.925
-0.734196,0.591943,0.332505,4.82,0.871,0.903,1.000
-0.790408,-0.493347,0.363129,5.83,0.968,0.959,1.000
-0.881529,0.247027,0.402348,6.52,0.880,0.909,1.000
-0.388933,-0.903163,0.181738,5.79,0.960,0.954,1.000
-0.213067,0.972560,0.093434,6.57,1.000,0.963,0.925
-0.539644,-0.803508,0.251315,2.30,0.720,0.811,1.000
-0.576495,0.774003,0.261864,6.48,1.000,0.779,0.598
-0.583172,-0.765486,0.271922,6.00,1.000,0.786,0.613
-0.697280,-0.639413,0.323962,6.27,1.000,0.763,0.567
-0.694012,-0.643482,0.322923,5.60,1.000,0.819,0.673
-0.862320,0.313417,0.397710,6.48,1.000,0.836,0.705
-0.891179,0.186457,0.413561,5.57,0.921,0.932,1.000
-0.293088,0.946886,0.132309,5.50,1.000,0.836,0.705
-0.467718,-0.855249,0.223136,5.38,0.778,0.847,1.000
-0.523642,-0.814723,0.249049,5.01,0.772,0.844,1.000
-0.546969,0.797809,0.253624,5.46,0.821,0.873,1.000
-0.776349,0.515217,0.363090,6.21,1.000,0.882,0.786
-0.850717,0.341291,0.399751,5.75,0.791,0.855,1.000
-0.798673,0.470477,0.375196,6.23,1.000,0.822,0.679
-0.828874,-0.397944,0.393202,6.59,0.807,0.865,1.000
-0.752182,-0.553347,0.357813,6.05,1.000,0.796,0.630
-0.575791,0.771840,0.269679,6.32,1.000,0.979,0.951
-0.835567,0.382616,0.394250,5.62,1.000,0.872,0.768
-0.892909,-0.151314,0.424048,5.01,1.000,0.767,0.575
-0.493677,-0.836459,0.237949,6.00,0.763,0.838,1.000
-0.569491,-0.774840,0.274414,6.41,1.000,0.761,0.564
-0.490500,0.840638,0.229649,6.29,0.821,0.873,1.000
-0.523164,0.815953,0.246010,4.66,1.000,0.765,0.572
-0.675731,-0.661326,0.325631,5.98,1.000,0.870,0.765
-0.892536,0.145882,0.426730,6.16,0.984,0.968,1.000
-0.667698,-0.670006,0.324457,5.98,0.763,0.838,1.000
-0.565151,-0.777289,0.276452,6.47,0.748,0.828,1.000
-0.898865,0.061711,0.433859,5.36,1.000,0.852,0.734
-0.673500,0.664894,0.322976,6.30,1.000,0.902,0.822
-0.738338,0.573418,0.355034,5.98,1.000,0.905,0.826
-0.384381,0.904994,0.182309,5.85,0.811,0.867,1.000
-0.894839,-0.095826,0.435983,6.51,0.804,0.863,1.000
-0.829605,0.385911,0.403521,6.13,1.000,0.799,0.636
-0.862283,-0.278642,0.422879,5.60,1.000,0.913,0.841
-0.809913,-0.430524,0.398358,6.21,1.000,0.806,0.648
-0.804237,-0.440192,0.399292,5.81,0.794,0.857,1.000
-0.750692,-0.545281,0.373001,4.23,0.953,0.950,1.000
-0.552660,0.788703,0.269287,6.02,0.788,0.853,1.000
-0.862036,-0.271734,0.427848,6.19,0.804,0.863,1.000
-0.410926,-0.887735,0.207525,6.51,1.000,0.719,0.480
-0.557134,-0.781877,0.279768,4.65,1.000,0.882,0.786
-0.874085,-0.215190,0.435509,5.51,1.000,0.894,0.807
-0.720215,-0.591337,0.362782,5.15,0.781,0.849,1.000
-0.570433,-0.768836,0.288959,5.91,0.899,0.920,1.000
-0.569348,-0.769635,0.288972,5.45,1.000,0.809,0.654
-0.502850,0.827859,0.248578,6.50,1.000,0.998,0.983
-0.879752,-0.168647,0.444515,6.05,1.000,0.799,0.636
-0.674176,0.657225,0.336959,5.87,0.863,0.898,1.000
-0.699862,0.622568,0.350147,5.94,1.000,0.886,0.793
-0.849152,-0.306692,0.429977,5.43,1.000,0.768,0.578
-0.805120,0.433694,0.404588,5.95,1.000,0.993,0.974
-0.887594,0.110611,0.447149,6.33,1.000,0.956,0.913
-0.186410,0.978381,0.089568,5.91,1.000,0.872,0.768
-0.851361,0.299984,0.430341,4.50,1.000,0.995,0.979
-0.698442,0.623099,0.352031,5.50,1.000,0.868,0.761
-0.519870,0.813434,0.260885,5.70,0.763,0.838,1.000
-0.111742,-0.991819,0.061714,5.95,1.000,0.793,0.624
-0.722053,-0.583596,0.371556,6.53,1.000,0.971,0.938
-0.663145,-0.665071,0.343393,3.41,0.720,0.811,1.000
-0.581460,0.758286,0.294800,1.86,0.729,0.817,1.000
-0.732360,-0.565699,0.378991,4.19,1.000,0.786,0.613
-0.654815,-0.675254,0.339484,3.04,0.736,0.821,1.000
-0.310789,-0.936068,0.164884,5.75,1.000,0.753,0.547
-0.761117,0.517882,0.390511,5.62,1.000,0.872,0.768
-0.843199,-0.311243,0.438342,4.97,1.000,0.862,0.751
-0.774995,-0.486052,0.403902,6.18,0.778,0.847,1.000
-0.679972,-0.641465,0.355191,6.44,1.000,0.876,0.775
-0.685637,0.636654,0.352950,7.40,1.000,0.963,0.925
-0.854519,0.272243,0.442358,4.07,1.000,0.783,0.607
-0.827159,0.362668,0.429278,4.91,1.000,0.797,0.633
-0.832968,-0.340334,0.436276,6.53,1.000,0.987,0.965
-0.113775,0.992010,0.054503,5.98,1.000,0.872,0.768
-0.712209,0.596684,0.369766,6.38,1.000,0.963,0.925
-0.882104,0.095797,0.461210,6.01,1.000,0.894,0.807
-0.603603,-0.730152,0.320221,5.77,0.739,0.823,1.000
-0.533587,-0.796653,0.283952,5.25,0.760,0.836,1.000
-0.711016,-0.593887,0.376503,6.35,1.000,0.995,0.979
-0.805372,-0.412959,0.425254,6.45,1.000,0.941,0.888
-0.740846,-0.544558,0.393197,4.56,0.748,0.828,1.000
-0.740830,-0.544562,0.393222,6.06,0.775,0.845,1.000
-0.751847,-0.524275,0.399827,6.12,1.000,0.995,0.979
-0.423625,0.878727,0.219958,5.96,1.000,0.882,0.786
-0.726824,0.570319,0.382704,6.65,0.828,0.878,1.000
-0.727643,0.568769,0.383454,5.87,1.000,0.768,0.578
-0.462455,0.853000,0.241924,6.46,0.817,0.871,1.000
-0.524647,-0.802543,0.284026,5.89,0.791,0.855,1.000
-0.333499,-0.924895,0.182614,5.71,1.000,0.788,0.615
-0.728499,0.565603,0.386501,4.74,1.000,0.763,0.567
-0.862505,0.210732,0.460084,6.04,0.801,0.861,1.000
-0.747260,-0.528850,0.402393,4.73,0.745,0.826,1.000
-0.714759,-0.583033,0.386254,5.54,1.000,0.978,1.000
-0.597987,-0.732876,0.324506,6.10,0.766,0.840,1.000
-0.717328,-0.578063,0.388951,6.19,1.000,0.870,0.765
-0.837673,0.307901,0.451111,5.70,1.000,0.907,0.829
-0.377505,0.904257,0.199524,4.65,1.000,0.774,0.589
-0.327012,0.929231,0.172025,6.40,1.000,0.841,0.714
-0.771302,-0.478228,0.419989,6.04,1.000,0.849,0.727
-0.772742,0.479428,0.415955,5.90,0.859,0.896,1.000
-0.537560,-0.789739,0.295536,5.71,0.763,0.838,1.000
-0.593922,-0.734776,0.327659,2.55,0.720,0.811,1.000
-0.877050,-0.026230,0.479682,5.15,1.000,0.858,0.744
-0.868131,-0.140191,0.476125,6.19,1.000,0.982,0.956
-0.512048,-0.810368,0.284798,6.14,0.811,0.867,1.000
-0.832542,0.315612,0.455261,2.68,1.000,0.968,0.934
-0.504677,-0.816182,0.281332,6.00,1.000,0.920,0.852
-0.747912,-0.519295,0.413473,6.51,1.000,0.894,0.807
-0.520102,0.806224,0.281952,5.70,0.772,0.844,1.000
-0.600550,-0.726485,0.334005,5.83,1.000,0.847,0.724
-0.171088,-0.980237,0.099323,6.09,0.797,0.859,1.000
-0.386146,-0.896383,0.217689,4.71,1.000,0.852,0.734
-0.356312,-0.912124,0.202660,6.20,1.000,0.864,0.754
-0.848773,0.242877,0.469676,6.16,1.000,0.990,0.969
-0.873487,0.018335,0.486501,5.91,0.859,0.896,1.000
-0.741143,0.530400,0.411562,6.32,0.946,0.946,1.000
-0.802094,-0.391097,0.451319,6.14,1.000,0.797,0.633
-0.774782,0.461624,0.431991,5.01,1.000,0.799,0.636
-0.645341,-0.670437,0.366127,3.83,0.723,0.813,1.000
-0.616501,-0.704679,0.351218,3.87,0.726,0.815,1.000
-0.787977,-0.422179,0.448171,5.15,0.757,0.834,1.000
-0.553362,-0.770179,0.317197,5.91,1.000,0.882,0.786
-0.413178,-0.878662,0.239242,6.49,0.921,0.932,1.000
-0.347765,-0.915442,0.202546,5.97,0.933,0.939,1.000
-0.840676,0.252904,0.478857,6.00,1.000,0.796,0.630
-0.807400,0.369684,0.459825,5.76,0.778,0.847,1.000
-0.415870,0.878757,0.234175,6.37,1.000,0.963,0.925
-0.784817,-0.422781,0.453122,5.77,1.000,0.995,0.979
-0.864752,-0.061915,0.498368,6.40,1.000,0.993,0.974
-0.659046,-0.645754,0.385565,6.13,1.000,0.827,0.689
-0.603240,-0.714517,0.354355,4.34,1.000,0.963,0.925
-0.195097,-0.973566,0.118773,5.50,1.000,0.779,0.598
-0.852708,0.154619,0.498981,5.99,0.817,0.871,1.000
-0.766677,0.459993,0.447898,6.23,0.847,0.889,1.000
-0.862097,0.026952,0.506025,4.26,0.821,0.873,1.000
-0.764012,-0.460665,0.451745,5.48,1.000,0.812,0.660
-0.477372,-0.831117,0.285239,5.92,1.000,0.833,0.698
-0.423937,-0.869263,0.254283,0.61,0.717,0.809,1.000
-0.731266,-0.525232,0.435180,6.18,1.000,0.995,0.979
-0.643651,-0.661617,0.384677,6.11,0.754,0.832,1.000
-0.848186,0.168255,0.502265,6.20,1.000,0.894,0.807
-0.600883,0.716346,0.354666,6.27,1.000,0.815,0.667
-0.792606,-0.381420,0.475705,6.30,1.000,0.984,1.000
-0.843039,0.187153,0.504241,6.30,1.000,0.929,0.868
-0.850603,0.131329,0.509143,6.26,1.000,0.886,0.793
-0.854190,0.085431,0.512894,6.24,0.960,0.954,1.000
-0.852844,-0.093785,0.513674,6.39,1.000,0.815,0.667
-0.827091,-0.258341,0.499179,6.28,1.000,0.858,0.744
-0.493372,-0.815829,0.301673,6.17,0.871,0.903,1.000
-0.221357,-0.965246,0.138927,6.02,1.000,0.968,0.934
-0.541176,0.776838,0.321950,6.15,0.791,0.855,1.000
-0.429499,-0.863532,0.264277,6.42,0.828,0.878,1.000
-0.313414,0.931556,0.184326,6.34,1.000,0.802,0.642
-0.855072,0.040088,0.516958,6.28,1.000,0.870,0.765
-0.819891,-0.281267,0.498665,6.56,0.821,0.873,1.000
-0.641658,-0.658423,0.393388,4.36,0.729,0.817,1.000
-0.622345,-0.683171,0.382052,6.20,1.000,0.878,0.778
-0.761083,-0.449046,0.468092,3.27,1.000,0.851,0.731
-0.685292,-0.592997,0.422763,2.06,1.000,0.872,0.768
-0.382011,-0.892649,0.239260,6.40,1.000,0.870,0.765
-0.839792,-0.161833,0.518227,5.46,0.927,0.936,1.000
-0.370318,0.901650,0.223364,3.65,0.772,0.844,1.000
-0.432150,-0.859644,0.272504,6.34,0.804,0.863,1.000
-0.283819,-0.941503,0.181710,6.05,1.000,0.751,0.545
-0.613991,-0.687989,0.386894,6.17,0.769,0.842,1.000
-0.291489,-0.938008,0.187549,6.06,0.850,0.891,1.000
-0.525576,-0.782659,0.333487,6.00,0.769,0.842,1.000
-0.502509,-0.803225,0.319866,4.75,1.000,0.886,0.793
-0.831985,-0.179394,0.524994,6.47,1.000,0.874,0.771
-0.611646,0.692829,0.381939,5.27,1.000,0.773,0.587
-0.550801,0.759930,0.345143,5.25,1.000,0.764,0.570
-0.807584,-0.280699,0.518667,4.91,1.000,0.754,0.550
-0.431578,0.860189,0.271691,6.46,1.000,0.870,0.765
-0.128722,-0.987710,0.088659,4.91,0.880,0.909,1.000
-0.762954,0.424068,0.487922,4.83,1.000,0.979,0.951
-0.225944,0.964066,0.139737,6.45,0.835,0.882,1.000
-0.176642,-0.976911,0.120176,6.47,1.000,0.799,0.636
-0.839572,0.023773,0.542728,6.43,1.000,0.995,0.979
-0.495106,-0.805575,0.325451,5.56,1.000,0.796,0.630
-0.763095,-0.412535,0.497495,6.34,1.000,0.810,0.657
-0.710430,0.534287,0.458068,6.11,1.000,0.826,0.685
-0.483214,-0.815389,0.318818,6.11,0.804,0.863,1.000
-0.743894,-0.458046,0.486636,5.08,1.000,0.843,0.717
-0.837303,0.042040,0.545120,5.01,0.751,0.830,1.000
-0.747218,-0.447950,0.490924,6.24,1.000,0.858,0.744
-0.823121,-0.178349,0.539132,4.19,1.000,0.814,0.664
-0.451871,-0.839486,0.301788,5.07,0.763,0.838,1.000
-0.834565,-0.014757,0.550712,5.91,1.000,0.998,0.983
-0.620001,-0.667020,0.413138,5.61,1.000,0.888,0.796
-0.493954,-0.803958,0.331152,6.39,1.000,0.776,0.592
-0.328788,-0.917670,0.223116,5.75,0.769,0.842,1.000
-0.182441,0.976475,0.114943,4.82,1.000,0.809,0.654
-0.828546,-0.103617,0.550250,6.36,1.000,0.963,0.925
-0.812442,0.224261,0.538186,5.54,1.000,0.979,0.951
-0.725181,-0.489108,0.484650,6.08,1.000,0.963,0.925
-0.586818,-0.707117,0.394499,6.31,1.000,0.963,0.925
-0.414899,-0.865273,0.281357,6.39,1.000,0.716,0.475
-0.100592,-0.992221,0.073345,6.42,0.794,0.857,1.000
-0.516622,0.785725,0.340202,6.69,0.960,0.954,1.000
-0.516562,0.785752,0.340232,4.54,0.859,0.896,1.000
-0.818949,0.175376,0.546412,5.29,1.000,0.874,0.771
-0.830343,0.058193,0.554206,6.45,1.000,0.771,0.584
-0.788943,-0.312349,0.529157,5.43,0.778,0.847,1.000
-0.772324,0.372556,0.514508,6.39,0.850,0.891,1.000
-0.294578,0.936259,0.191423,5.24,1.000,0.774,0.589
-0.623654,0.662867,0.414322,6.24,1.000,0.866,0.758
-0.139681,-0.985136,0.099982,5.06,0.757,0.834,1.000
-0.692758,-0.548168,0.468614,6.55,0.904,0.923,1.000
-0.824459,-0.104538,0.556183,4.08,1.000,0.984,0.960
-0.088397,-0.993899,0.065958,4.32,1.000,0.817,0.670
-0.783786,0.328578,0.526988,-0.04,1.000,0.831,0.695
-0.822637,-0.115318,0.556749,6.44,0.894,0.917,1.000
-0.826524,-0.055759,0.560134,6.15,0.785,0.851,1.000
-0.784123,0.324115,0.529246,5.98,0.885,0.911,1.000
-0.783336,-0.318716,0.533671,6.22,1.000,0.878,0.778
-0.505338,0.793734,0.338555,6.58,0.821,0.873,1.000
-0.777183,0.344010,0.526918,6.25,1.000,0.993,0.974
-0.636690,0.639368,0.431085,6.38,0.939,0.943,1.000
-0.688616,-0.547863,0.475030,6.54,0.889,0.914,1.000
-0.393884,-0.876920,0.275438,5.23,0.899,0.920,1.000
-0.517339,0.781163,0.349492,4.75,0.859,0.896,1.000
-0.574328,0.720410,0.388789,4.18,0.814,0.869,1.000
-0.796310,0.263256,0.544598,5.80,1.000,0.755,0.553
-0.816971,-0.131262,0.561541,6.47,1.000,0.931,0.872
-0.569471,-0.720040,0.396542,3.55,0.733,0.819,1.000
-0.779049,-0.320879,0.538627,5.90,0.788,0.853,1.000
-0.739617,-0.435476,0.513154,5.87,1.000,0.990,0.969
-0.655373,-0.601865,0.456338,5.94,0.814,0.869,1.000
-0.453020,-0.832792,0.318166,4.33,0.828,0.878,1.000
-0.799108,-0.231257,0.554929,4.52,0.832,0.880,1.000
-0.516197,0.780509,0.352627,6.20,0.801,0.861,1.000
-0.670862,0.580837,0.461056,4.81,1.000,0.862,0.751
-0.598220,-0.682750,0.419507,5.56,1.000,0.890,0.800
-0.551728,0.743164,0.378554,6.32,1.000,0.978,1.000
-0.576080,-0.709414,0.406035,4.77,0.910,0.926,1.000
-0.799916,0.225022,0.556327,5.41,0.953,0.950,1.000
-0.819656,-0.039531,0.571490,5.14,1.000,0.870,0.765
-0.645408,-0.614082,0.454260,4.05,0.778,0.847,1.000
-0.819930,0.006705,0.572425,6.19,0.859,0.896,1.000
-0.640772,0.626162,0.444222,6.86,1.000,0.862,0.751
-0.786791,0.280783,0.549656,4.86,1.000,0.831,0.695
-0.425047,-0.852270,0.304912,4.92,1.000,0.902,0.822
-0.472972,0.817790,0.327898,6.53,1.000,0.963,0.925
-0.638851,0.626521,0.446477,6.33,0.804,0.863,1.000
-0.706006,0.506473,0.495016,6.44,0.839,0.884,1.000
-0.540270,-0.746874,0.387670,6.09,0.748,0.828,1.000
-0.667932,-0.570526,0.477877,5.56,0.760,0.836,1.000
-0.512697,-0.774638,0.370240,6.02,1.000,0.809,0.654
-0.626048,-0.636243,0.450842,4.42,0.733,0.819,1.000
-0.299449,-0.928455,0.219776,5.61,1.000,0.993,0.974
-0.485181,-0.800487,0.351880,6.00,1.000,0.854,0.737
-0.717989,-0.465675,0.517338,4.77,1.000,0.817,0.670
-0.325093,-0.914772,0.239807,6.36,0.832,0.880,1.000
-0.793605,-0.203029,0.573560,6.21,1.000,0.876,0.775
-0.810733,0.021669,0.585015,6.27,1.000,0.956,0.913
-0.801823,0.146860,0.579233,6.86,0.993,0.973,1.000
-0.801816,0.146889,0.579237,5.12,0.781,0.849,1.000
-0.733238,0.427958,0.528407,6.22,0.946,0.946,1.000
-0.800620,0.143382,0.581764,5.95,0.807,0.865,1.000
-0.182353,-0.973296,0.139436,6.07,1.000,0.840,0.711
-0.732479,-0.419553,0.536143,5.32,1.000,0.882,0.786
-0.328049,-0.912275,0.245230,5.85,1.000,0.786,0.613
-0.804366,0.101404,0.585417,5.10,0.828,0.878,1.000
-0.790579,-0.202270,0.577990,6.49,0.984,0.968,1.000
-0.800201,0.140642,0.583008,6.19,1.000,0.836,0.705
-0.565962,-0.709834,0.419312,4.56,0.742,0.825,1.000
-0.564308,-0.711774,0.418252,4.35,0.993,0.973,1.000
-0.756750,-0.341524,0.557397,6.61,0.835,0.882,1.000
-0.593948,-0.673260,0.440394,6.32,1.000,0.838,0.708
-0.717653,-0.451695,0.530043,6.48,1.000,0.886,0.793
-0.615265,-0.641100,0.458737,6.35,0.763,0.838,1.000
-0.554876,-0.720968,0.415113,5.83,0.910,0.926,1.000
-0.631081,0.621053,0.464791,6.27,1.000,0.831,0.695
-0.407985,-0.858940,0.309467,6.45,0.835,0.882,1.000
-0.497836,0.786405,0.365686,4.05,1.000,0.990,0.969
-0.757898,0.329311,0.563156,5.39,0.871,0.903,1.000
-0.795630,-0.106616,0.596327,6.17,0.817,0.871,1.000
-0.694758,-0.492297,0.524362,4.97,0.766,0.840,1.000
-0.299533,-0.925324,0.232499,5.83,1.000,0.874,0.771
-0.797502,-0.038877,0.602062,4.81,1.000,0.938,0.884
-0.791035,-0.120146,0.599857,5.42,1.000,0.788,0.615
-0.603587,0.656388,0.452589,6.63,0.946,0.946,1.000
-0.557559,-0.711065,0.428385,5.50,0.763,0.838,1.000
-0.514439,-0.760623,0.395986,5.37,0.804,0.863,1.000
-0.702036,0.473922,0.531548,7.62,0.785,0.851,1.000
-0.701956,0.473947,0.531632,7.12,0.778,0.847,1.000
-0.643913,0.590563,0.486428,6.10,1.000,0.963,0.925
-0.598260,-0.654015,0.462979,6.39,1.000,0.796,0.630
-0.793691,0.014466,0.608150,5.94,0.843,0.886,1.000
-0.615236,-0.627552,0.477140,5.97,1.000,0.862,0.751
-0.513940,0.764300,0.389501,5.59,1.000,0.905,0.826
-0.429669,-0.837602,0.337353,6.93,1.000,0.892,0.803
-0.674717,0.526824,0.516926,6.06,0.778,0.847,1.000
-0.592229,0.666478,0.452848,6.35,1.000,0.938,0.884
-0.788596,0.083195,0.609258,6.02,1.000,0.799,0.636
-0.500640,-0.771146,0.393311,4.42,0.729,0.817,1.000
-0.449620,-0.819135,0.356173,5.87,1.000,0.995,0.979
-0.475294,-0.795262,0.376370,5.87,1.000,0.856,0.741
-0.674786,-0.510756,0.532722,6.09,1.000,0.868,0.761
-0.680263,0.505603,0.530667,3.58,1.000,0.819,0.673
-0.197622,0.968999,0.148278,4.25,1.000,0.796,0.630
-0.580410,-0.670423,0.462231,6.60,0.807,0.865,1.000
-0.389364,-0.866164,0.313299,6.40,1.000,0.826,0.685
-0.703318,0.448964,0.551158,6.01,0.867,0.901,1.000
-0.727935,0.378810,0.571501,5.92,0.933,0.939,1.000
-0.618176,0.619893,0.483312,3.03,0.854,0.893,1.000
-0.356961,0.892472,0.275812,6.09,0.976,0.963,1.000
-0.391698,0.867987,0.305240,6.27,0.876,0.906,1.000
-0.731182,-0.349213,0.586023,6.50,0.835,0.882,1.000
-0.582868,-0.662845,0.470001,5.87,0.763,0.838,1.000
-0.577101,-0.671174,0.465274,2.31,0.729,0.817,1.000
-0.626785,0.601250,0.495620,6.43,1.000,0.963,0.925
-0.446705,0.823114,0.350624,5.76,1.000,0.786,0.613
-0.290140,-0.926740,0.238688,6.04,1.000,0.990,0.969
-0.536851,-0.722307,0.435963,5.55,1.000,0.790,0.618
-0.659345,0.537807,0.525384,6.33,0.968,0.959,1.000
-0.597971,-0.637387,0.485972,6.13,1.000,0.864,0.754
-0.677887,0.496141,0.542507,4.46,0.939,0.943,1.000
-0.626680,0.596587,0.501355,6.03,1.000,0.806,0.648
-0.591931,-0.645613,0.482495,5.74,0.751,0.830,1.000
-0.535994,-0.720961,0.439233,5.41,1.000,0.872,0.768
-0.425099,0.839291,0.338942,6.48,1.000,0.993,0.974
-0.508460,0.758912,0.406844,5.74,1.000,0.777,0.595
-0.502094,-0.759565,0.413477,4.05,0.742,0.825,1.000
-0.713743,0.394748,0.578571,6.38,1.000,0.862,0.751
-0.756611,-0.213120,0.618159,6.20,1.000,1.000,0.988
-0.600698,-0.626524,0.496617,6.02,1.000,0.797,0.633
-0.528064,-0.726385,0.439901,6.07,1.000,0.987,0.965
-0.503089,-0.755345,0.419946,6.39,1.000,0.978,1.000
-0.373859,-0.873222,0.312590,-0.01,1.000,0.936,0.880
-0.373851,-0.873225,0.312593,1.33,1.000,0.898,0.814
-0.422619,-0.833315,0.356341,6.30,1.000,0.840,0.711
-0.731992,0.313965,0.604660,5.91,1.000,0.854,0.737
-0.321051,-0.906125,0.275433,3.19,0.876,0.906,1.000
-0.557980,0.690150,0.460816,5.70,1.000,0.790,0.618
-0.396102,-0.853697,0.338089,6.22,1.000,0.984,1.000
-0.616356,-0.589690,0.521892,5.67,0.763,0.838,1.000
-0.452882,0.809256,0.374169,5.85,0.785,0.851,1.000
-0.549600,0.699719,0.456435,5.39,0.788,0.853,1.000
-0.514949,-0.735959,0.439536,2.30,0.726,0.815,1.000
-0.141307,-0.981776,0.127077,3.83,1.000,0.797,0.633
-0.600980,-0.612819,0.513104,4.00,0.736,0.821,1.000
-0.709436,0.374211,0.597216,6.10,0.968,0.959,1.000
-0.742841,0.234025,0.627231,5.91,0.863,0.898,1.000
-0.652611,-0.514040,0.556652,6.37,0.760,0.836,1.000
-0.732849,0.282648,0.618904,4.94,0.778,0.847,1.000
-0.732838,0.282639,0.618922,5.88,0.876,0.906,1.000
-0.741022,0.237319,0.628145,4.83,1.000,0.963,0.925
-0.741022,0.237319,0.628145,4.43,0.804,0.863,1.000
-0.140642,0.983761,0.111510,6.26,1.000,0.819,0.673
-0.753694,0.141967,0.641709,4.86,1.000,0.874,0.771
-0.745476,0.202113,0.635151,5.56,1.000,0.886,0.793
-0.342401,-0.890021,0.301040,5.36,0.899,0.920,1.000
-0.709566,0.360381,0.605509,6.38,1.000,0.963,0.925
-0.686016,-0.422579,0.592292,5.73,0.785,0.851,1.000
-0.617710,-0.576056,0.535345,4.05,1.000,0.810,0.657
-0.393197,-0.852437,0.344597,6.11,1.000,0.870,0.765
-0.753704,-0.098596,0.649777,3.88,0.953,0.950,1.000
-0.424448,-0.825133,0.372827,6.10,0.769,0.842,1.000
-0.614454,-0.576317,0.538799,4.92,0.791,0.855,1.000
-0.676727,0.446632,0.585287,4.81,1.000,0.763,0.567
-0.020022,-0.999469,0.025700,6.48,0.904,0.923,1.000
-0.365535,0.876827,0.312344,6.25,0.976,0.963,1.000
-0.574801,0.648906,0.498523,5.73,1.000,0.804,0.645
-0.505605,-0.736583,0.449232,5.74,0.811,0.867,1.000
-0.455334,-0.792115,0.406478,5.21,1.000,0.878,0.778
-0.751049,-0.024742,0.659783,6.07,1.000,0.770,0.581
-0.676312,-0.429614,0.598359,4.94,0.933,0.939,1.000
-0.456841,-0.790214,0.408481,6.07,0.817,0.871,1.000
-0.688332,-0.393189,0.609592,5.81,1.000,0.878,0.778
-0.294351,-0.917712,0.266761,5.91,0.766,0.840,1.000
-0.750331,0.012518,0.660944,5.69,0.778,0.847,1.000
-0.718459,0.291778,0.631413,4.60,1.000,0.878,0.778
-0.721959,-0.266561,0.638530,6.33,1.000,0.838,0.708
-0.697892,-0.361236,0.618430,6.40,1.000,0.968,0.934
-0.669481,0.455156,0.587050,5.12,1.000,0.963,0.925
-0.669486,0.455143,0.587055,2.70,1.000,0.880,0.782
-0.710430,0.323665,0.624924,6.13,1.000,0.909,0.833
-0.585368,-0.619653,0.522851,5.94,1.000,0.814,0.664
-0.539527,-0.689082,0.483814,6.30,1.000,0.858,0.744
-0.631502,0.541537,0.554926,6.28,1.000,0.774,0.589
-0.747829,0.033029,0.663069,3.72,0.785,0.851,1.000
-0.722708,0.261043,0.639961,5.63,1.000,0.776,0.592
-0.694360,-0.363653,0.620984,6.06,1.000,0.764,0.570
-0.671698,-0.432470,0.601491,5.63,1.000,0.963,0.925
-0.406559,-0.835498,0.369665,6.23,1.000,0.849,0.727
-0.668100,-0.439743,0.600224,5.24,1.000,0.886,0.793
-0.664325,-0.448483,0.597942,5.77,0.781,0.849,1.000
-0.724805,-0.222224,0.652131,6.35,1.000,0.854,0.737
-0.594851,-0.596711,0.538598,6.04,1.000,0.780,0.601
-0.210447,-0.957269,0.198364,5.60,1.000,0.911,0.837
-0.674060,-0.410745,0.613948,5.68,1.000,0.819,0.673
-0.740425,-0.014796,0.671976,6.14,0.775,0.845,1.000
-0.716856,-0.244442,0.652966,5.31,0.811,0.867,1.000
-0.675915,0.412575,0.610673,6.14,1.000,0.995,0.979
-0.082709,-0.993023,0.084053,5.65,1.000,0.884,0.789
-0.650466,-0.468859,0.597549,4.41,1.000,0.802,0.642
-0.322015,-0.897335,0.301820,5.87,1.000,0.934,0.876
-0.530616,-0.689311,0.493252,4.32,0.742,0.825,1.000
-0.584540,0.613060,0.531479,6.16,0.939,0.943,1.000
-0.706777,-0.275591,0.651549,5.15,0.976,0.963,1.000
-0.706075,-0.276336,0.651994,2.75,0.839,0.884,1.000
-0.647288,0.478934,0.592992,5.80,0.804,0.863,1.000
-0.512484,0.720746,0.466781,5.74,1.000,0.995,0.979
-0.673286,0.405332,0.618378,5.85,1.000,0.974,0.943
-0.733682,-0.040117,0.678308,4.94,1.000,0.878,0.778
-0.734310,-0.004489,0.678799,6.18,1.000,0.802,0.642
-0.461075,0.781245,0.420792,6.51,0.968,0.959,1.000
-0.487011,0.751501,0.445047,5.69,1.000,0.998,0.983
-0.294271,-0.913484,0.280982,6.09,0.769,0.842,1.000
-0.164617,-0.973029,0.161602,5.34,1.000,0.794,0.627
-0.585545,0.605599,0.538876,5.48,1.000,0.870,0.765
-0.628241,-0.508695,0.588678,6.29,1.000,0.963,0.925
-0.575850,-0.612953,0.541004,5.03,0.739,0.823,1.000
-0.692805,0.327236,0.642603,4.55,1.000,0.924,0.860
-0.083900,-0.992627,0.087473,5.65,1.000,0.819,0.673
-0.359067,-0.867020,0.345467,5.20,1.000,0.843,0.717
-0.157002,-0.974996,0.157271,5.93,1.000,0.864,0.754
-0.658399,-0.416951,0.626629,5.30,1.000,0.815,0.667
-0.604677,-0.549031,0.577001,5.82,1.000,0.799,0.636
-0.700063,0.270675,0.660793,6.40,1.000,0.971,0.938
-0.328004,-0.889263,0.318785,5.11,0.788,0.853,1.000
-0.374304,0.859798,0.347338,5.46,1.000,0.809,0.654
-0.686937,0.328088,0.648441,6.01,1.000,0.909,0.833
-0.708667,-0.206176,0.674746,5.80,1.000,0.880,0.782
-0.182678,-0.966072,0.182572,6.20,0.775,0.845,1.000
-0.434286,-0.796632,0.420443,5.38,0.832,0.880,1.000
-0.061044,-0.995865,0.067286,5.91,0.769,0.842,1.000
-0.598011,-0.557105,0.576208,5.32,0.801,0.861,1.000
-0.481373,-0.741732,0.467026,5.64,0.775,0.845,1.000
-0.446383,-0.782031,0.434936,6.64,1.000,0.757,0.556
-0.554331,-0.634948,0.538107,6.36,0.807,0.865,1.000
-0.604445,-0.539310,0.586337,6.06,1.000,0.801,0.639
-0.200728,0.962006,0.185072,2.08,1.000,0.791,0.621
-0.702837,-0.197824,0.683290,5.46,1.000,0.788,0.615
-0.624930,-0.487216,0.609986,6.29,0.775,0.845,1.000
-0.468924,-0.753139,0.461401,6.35,1.000,0.936,0.880
-0.695949,0.249474,0.673363,5.77,0.769,0.842,1.000
-0.665522,-0.365130,0.650969,5.74,1.000,0.852,0.734
-0.608084,0.534356,0.587109,6.12,0.821,0.873,1.000
-0.713685,-0.075786,0.696355,4.49,0.915,0.929,1.000
-0.519312,-0.683706,0.512700,2.68,0.720,0.811,1.000
-0.545687,-0.641539,0.539123,6.15,1.000,0.831,0.695
-0.714607,-0.002923,0.699520,5.53,1.000,0.849,0.727
-0.666036,0.367399,0.649164,6.49,0.785,0.851,1.000
-0.686630,0.282146,0.670025,5.71,1.000,0.886,0.793
-0.526537,-0.670481,0.522699,3.13,0.726,0.815,1.000
-0.629982,-0.464181,0.622622,5.65,0.876,0.906,1.000
-0.699105,-0.193464,0.688349,6.60,0.791,0.855,1.000
-0.559976,-0.614029,0.556234,6.47,0.763,0.838,1.000
-0.517029,-0.684038,0.514561,6.10,1.000,0.963,0.925
-0.465192,0.761862,0.450736,5.63,1.000,0.990,0.969
-0.697116,-0.193278,0.690415,5.87,1.000,0.826,0.685
-0.707862,-0.086967,0.700977,6.09,1.000,0.990,0.969
-0.706750,0.079638,0.702967,5.93,1.000,0.771,0.584
-0.553801,-0.616463,0.559712,5.89,1.000,0.829,0.692
-0.696329,-0.148135,0.702269,4.92,0.788,0.853,1.000
-0.578695,-0.564375,0.588722,6.22,0.876,0.906,1.000
-0.548378,0.632912,0.546539,5.64,0.910,0.926,1.000
-0.291392,0.913066,0.285310,4.60,1.000,0.773,0.587
-0.702179,-0.048065,0.710376,5.52,1.000,0.760,0.561
-0.618225,-0.470404,0.629696,5.85,0.843,0.886,1.000
-0.652905,0.375344,0.657900,6.38,1.000,0.963,0.925
-0.303067,-0.899036,0.316045,5.17,1.000,0.888,0.796
-0.701483,-0.002453,0.712682,5.71,1.000,0.783,0.607
-0.587601,-0.539408,0.603128,5.44,0.751,0.830,1.000
-0.095951,0.991472,0.088185,5.64,1.000,0.943,0.892
-0.478381,0.734652,0.481081,6.37,0.745,0.826,1.000
-0.212667,-0.950544,0.226359,6.52,1.000,0.773,0.587
-0.697599,-0.052883,0.714534,6.61,0.859,0.896,1.000
-0.634892,0.422746,0.646682,4.81,1.000,0.786,0.613
-0.697638,0.036494,0.715520,4.40,1.000,0.866,0.758
-0.533971,0.647994,0.543119,3.50,1.000,0.880,0.782
-0.627923,-0.427073,0.650631,3.29,1.000,0.757,0.556
-0.523667,-0.654231,0.545669,6.41,1.000,0.793,0.624
-0.470902,-0.731962,0.492426,4.72,0.745,0.826,1.000
-0.470902,-0.731962,0.492426,4.82,1.000,0.963,0.925
-0.520602,-0.656944,0.545342,5.15,1.000,0.872,0.768
-0.349133,0.867804,0.353585,5.93,0.817,0.871,1.000
-0.569895,0.576516,0.585533,5.51,1.000,0.870,0.765
-0.691136,0.095715,0.716359,6.50,0.910,0.926,1.000
-0.285320,-0.908330,0.305826,6.17,1.000,0.791,0.621
-0.496220,0.702705,0.509874,6.65,1.000,1.000,0.988
-0.573043,0.567357,0.591378,6.59,1.000,0.870,0.765
-0.620376,-0.435070,0.652570,6.67,0.785,0.851,1.000
-0.554428,-0.591509,0.585429,6.27,1.000,0.764,0.570
-0.617988,0.453174,0.642437,4.54,1.000,0.829,0.692
-0.447823,-0.755720,0.477851,5.77,1.000,0.890,0.800
-0.468366,0.739096,0.484119,4.76,1.000,0.951,0.904
-0.589028,-0.513824,0.623724,5.96,0.763,0.838,1.000
-0.636761,-0.375123,0.673660,6.17,1.000,0.864,0.754
-0.263688,-0.921078,0.286503,5.76,1.000,0.941,0.888
-0.658925,-0.279945,0.698175,5.20,1.000,0.774,0.589
-0.300760,-0.896043,0.326573,6.28,0.807,0.865,1.000
-0.517458,-0.650561,0.555885,5.79,0.745,0.826,1.000
-0.498328,-0.680309,0.537447,5.85,0.754,0.832,1.000
-0.477989,-0.710550,0.516377,4.05,0.733,0.819,1.000
-0.460451,0.744907,0.482803,5.57,0.788,0.853,1.000
-0.197657,-0.955125,0.220609,6.01,0.788,0.853,1.000
-0.283479,0.912975,0.293457,6.13,1.000,0.963,0.925
-0.552165,0.594199,0.584843,6.35,1.000,0.984,0.960
-0.679903,0.095812,0.727016,6.16,1.000,0.886,0.793
-0.322021,-0.878171,0.353721,6.30,1.000,0.956,0.913
-0.648970,0.316339,0.691930,6.02,0.807,0.865,1.000
-0.620776,0.420548,0.661647,4.93,0.993,0.973,1.000
-0.398667,0.814687,0.421130,5.25,1.000,0.882,0.786
-0.526255,-0.626502,0.574936,5.98,1.000,0.963,0.925
-0.381830,-0.822602,0.421346,5.54,1.000,0.847,0.724
-0.610261,0.443089,0.656700,5.67,1.000,0.829,0.692
-0.661114,0.228946,0.714501,6.10,1.000,0.882,0.786
-0.615841,0.424336,0.663837,5.81,1.000,0.829,0.692
-0.604592,-0.443584,0.661591,5.76,1.000,0.864,0.754
-0.471803,-0.710523,0.522071,6.44,1.000,0.866,0.758
-0.471901,-0.710547,0.521950,7.39,1.000,0.858,0.744
-0.225411,-0.940166,0.255495,5.81,1.000,0.716,0.475
-0.315212,-0.880840,0.353217,6.32,1.000,0.729,0.501
-0.441435,-0.751699,0.489983,3.87,0.772,0.844,1.000
-0.441330,-0.751766,0.489975,5.69,0.835,0.882,1.000
-0.437212,0.766661,0.470188,6.39,1.000,0.868,0.761
-0.410477,-0.789075,0.457022,3.41,1.000,0.890,0.800
-0.444707,-0.745692,0.496164,6.33,1.000,0.851,0.731
-0.475342,-0.700916,0.531758,4.82,0.736,0.821,1.000
-0.628928,-0.338601,0.699856,4.54,0.763,0.838,1.000
-0.537760,-0.589075,0.603162,6.10,0.763,0.838,1.000
-0.632547,0.325169,0.702957,5.89,1.000,0.782,0.604
-0.607406,-0.406870,0.682287,6.47,0.775,0.845,1.000
-0.626132,-0.336232,0.703496,6.08,0.828,0.878,1.000
-0.600557,-0.427503,0.675701,6.45,1.000,0.938,0.884
-0.594901,-0.441406,0.671754,5.84,1.000,0.847,0.724
-0.629359,0.330281,0.703436,6.68,1.000,0.943,0.892
-0.563127,-0.522784,0.639989,4.91,0.946,0.946,1.000
-0.318053,-0.873805,0.367840,5.73,0.763,0.838,1.000
-0.629261,-0.305174,0.714772,6.17,0.772,0.844,1.000
-0.438585,-0.744010,0.504075,5.95,0.863,0.898,1.000
-0.316976,-0.874260,0.367690,5.09,0.769,0.842,1.000
-0.611428,0.390463,0.688254,6.30,0.807,0.865,1.000
-0.289179,-0.895794,0.337534,4.86,1.000,0.827,0.689
-0.491262,-0.662504,0.565465,5.16,1.000,0.968,0.934
-0.475591,-0.688161,0.547949,6.04,0.745,0.826,1.000
-0.656813,-0.095894,0.747931,6.28,1.000,0.791,0.621
-0.337257,-0.855374,0.393183,4.07,0.817,0.871,1.000
-0.235030,-0.931561,0.277408,2.89,0.788,0.853,1.000
-0.254573,0.925748,0.279613,6.17,1.000,0.963,0.925
-0.521304,0.619296,0.587124,6.20,1.000,0.836,0.705
-0.562946,0.526779,0.636864,5.99,1.000,0.783,0.607
-0.656276,0.086103,0.749592,5.33,1.000,0.856,0.741
-0.577228,0.487314,0.655236,5.26,0.797,0.859,1.000
-0.490678,0.671351,0.555449,6.13,1.000,0.763,0.567
-0.605391,-0.381061,0.698780,5.50,1.000,0.806,0.648
-0.656643,0.006496,0.754173,5.63,0.850,0.891,1.000
-0.318505,-0.870325,0.375619,5.46,0.757,0.834,1.000
-0.549612,0.549238,0.629496,3.47,1.000,0.884,0.789
-0.489300,-0.656860,0.573690,6.28,0.850,0.891,1.000
-0.434429,-0.741683,0.511055,4.27,0.763,0.838,1.000
-0.245308,-0.923755,0.294110,6.28,0.760,0.836,1.000
-0.644004,-0.163034,0.747448,2.61,0.754,0.832,1.000
-0.562076,-0.502249,0.657128,4.34,1.000,0.854,0.737
-0.489350,-0.653266,0.577737,5.59,0.757,0.834,1.000
-0.553503,-0.518168,0.652024,6.18,1.000,0.831,0.695
-0.513960,-0.603162,0.609951,6.20,1.000,0.882,0.786
-0.647977,-0.008053,0.761617,5.89,1.000,0.785,0.610
-0.254407,0.922852,0.289173,5.13,1.000,0.982,0.956
-0.606761,0.351397,0.712994,5.70,1.000,0.880,0.782
-0.237035,0.933238,0.269966,6.51,1.000,0.963,0.925
-0.644774,0.030805,0.763752,5.06,1.000,0.979,0.951
-0.484216,-0.651403,0.584131,3.22,0.720,0.811,1.000
-0.482922,-0.652756,0.583692,6.20,0.811,0.867,1.000
-0.501052,-0.618671,0.605139,6.48,0.769,0.842,1.000
-0.425903,-0.742301,0.517297,5.00,1.000,0.990,0.969
-0.423431,-0.746845,0.512766,5.65,1.000,0.951,0.904
-0.309762,-0.871701,0.379716,5.67,1.000,0.995,0.979
-0.607928,-0.311649,0.730273,6.17,1.000,0.870,0.765
-0.543428,0.537524,0.644789,6.32,0.876,0.906,1.000
-0.615963,-0.268051,0.740769,6.30,0.976,0.963,1.000
-0.322173,-0.860038,0.395651,4.51,0.854,0.893,1.000
-0.513412,-0.591470,0.621749,3.56,1.000,0.780,0.601
-0.639592,-0.042108,0.767560,6.35,1.000,0.862,0.751
-0.635715,-0.101486,0.765224,5.54,1.000,0.866,0.758
-0.450573,-0.703264,0.549913,3.37,0.733,0.819,1.000
-0.558400,0.494186,0.666311,5.51,1.000,0.870,0.765
-0.639277,0.012484,0.768875,5.35,1.000,0.838,0.708
-0.579378,0.421950,0.697337,6.39,1.000,0.831,0.695
-0.505815,-0.599842,0.619952,4.54,0.742,0.825,1.000
-0.229771,-0.929192,0.289496,5.89,1.000,0.870,0.765
-0.203520,0.950102,0.236401,5.02,1.000,0.807,0.651
-0.395927,0.787566,0.472210,5.66,0.824,0.875,1.000
-0.457329,0.700089,0.548384,6.19,0.960,0.954,1.000
-0.619566,0.217590,0.754183,6.28,0.781,0.849,1.000
-0.534396,0.543671,0.647181,5.37,0.766,0.840,1.000
-0.482172,-0.638906,0.599424,5.37,0.754,0.832,1.000
-0.615142,-0.214214,0.758757,5.72,1.000,0.866,0.758
-0.630141,-0.017845,0.776276,6.12,0.880,0.909,1.000
-0.491798,-0.617989,0.613371,7.03,0.817,0.871,1.000
-0.618473,-0.179184,0.765104,4.94,1.000,0.978,1.000
-0.487366,-0.625700,0.609076,4.60,0.788,0.853,1.000
-0.265407,-0.902821,0.338339,5.71,1.000,0.765,0.572
-0.488619,0.637174,0.596038,5.50,1.000,0.773,0.587
-0.545745,0.504343,0.669179,5.58,1.000,0.968,0.934
-0.545745,0.504343,0.669179,6.08,1.000,0.963,0.925
-0.054185,-0.995338,0.079790,5.57,0.824,0.875,1.000
-0.172522,-0.958270,0.227936,5.49,0.751,0.830,1.000
-0.297175,0.883334,0.362502,5.98,0.778,0.847,1.000
-0.442683,0.710445,0.547083,6.01,1.000,0.836,0.705
-0.498772,0.607060,0.618632,4.31,0.910,0.926,1.000
-0.498900,0.606652,0.618929,6.50,1.000,0.966,0.930
-0.199644,0.950157,0.239468,3.05,0.804,0.863,1.000
-0.495103,-0.598573,0.629748,5.45,0.742,0.825,1.000
-0.284424,0.893696,0.347003,5.79,1.000,0.824,0.682
-0.381469,-0.783666,0.490254,6.10,1.000,0.856,0.741
-0.600773,0.266028,0.753857,5.17,1.000,0.763,0.567
-0.587237,0.333492,0.737520,6.27,1.000,0.963,0.925
-0.513221,0.564043,0.646885,5.46,1.000,0.802,0.642
-0.418657,-0.728165,0.542681,5.24,1.000,0.751,0.545
-0.588798,-0.287634,0.755370,5.64,1.000,0.779,0.598
-0.322814,0.856863,0.401967,3.29,1.000,0.843,0.717
-0.558611,0.424226,0.712732,6.02,1.000,0.768,0.578
-0.613153,0.032147,0.789310,5.17,0.871,0.903,1.000
-0.538433,0.486424,0.688100,3.68,0.894,0.917,1.000
-0.364641,0.809222,0.460648,6.45,0.804,0.863,1.000
-0.567395,-0.353937,0.743499,6.22,0.847,0.889,1.000
-0.581125,-0.285846,0.761962,5.82,1.000,0.862,0.751
-0.469980,-0.624194,0.624100,6.25,0.859,0.896,1.000
-0.416560,0.733746,0.536744,6.15,0.821,0.873,1.000
-0.505877,-0.542898,0.670337,6.46,0.817,0.871,1.000
-0.286929,0.885195,0.366198,6.50,0.835,0.882,1.000
-0.301814,0.871815,0.385806,5.90,1.000,0.796,0.630
-0.565832,-0.344720,0.749001,6.22,0.867,0.901,1.000
-0.120575,-0.977849,0.171092,6.18,1.000,0.836,0.705
-0.598784,0.149176,0.786895,6.57,0.946,0.946,1.000
-0.349550,0.821099,0.451233,6.43,0.814,0.869,1.000
-0.519118,0.519312,0.678846,6.46,0.854,0.893,1.000
-0.486138,0.599082,0.636216,6.37,1.000,0.963,0.925
-0.564686,-0.336611,0.753540,5.52,0.850,0.891,1.000
-0.458160,0.653857,0.602129,5.02,1.000,0.773,0.587
-0.572896,-0.289914,0.766642,5.50,0.745,0.826,1.000
-0.544015,-0.414526,0.729531,7.00,0.889,0.914,1.000
-0.242269,-0.910780,0.334344,6.51,0.933,0.939,1.000
-0.455148,-0.643671,0.615246,5.82,1.000,0.760,0.561
-0.285907,0.883763,0.370432,6.38,1.000,0.963,0.925
-0.484796,0.596454,0.639699,6.38,1.000,0.990,0.969
-0.577797,0.276579,0.767890,6.22,0.772,0.844,1.000
-0.235078,-0.915781,0.325704,4.11,1.000,0.841,0.714
-0.598319,-0.020705,0.800991,5.51,1.000,0.856,0.741
-0.459027,-0.634048,0.622316,6.36,0.778,0.847,1.000
-0.455458,0.654733,0.603226,5.02,0.811,0.867,1.000
-0.523042,-0.470195,0.710875,5.15,1.000,0.819,0.673
-0.444759,-0.658255,0.607362,2.78,0.726,0.815,1.000
-0.585053,-0.174756,0.791942,4.62,1.000,0.872,0.768
-0.511131,0.520401,0.684052,4.14,0.748,0.828,1.000
-0.590676,-0.099233,0.800784,6.51,1.000,0.968,0.934
-0.585663,-0.159594,0.794688,5.17,0.760,0.836,1.000
-0.416210,-0.706596,0.572269,4.54,0.733,0.819,1.000
-0.163056,-0.958555,0.233634,5.65,0.775,0.845,1.000
-0.568814,0.294670,0.767867,6.45,1.000,0.963,0.925
-0.419470,-0.699625,0.578420,5.43,1.000,0.786,0.613
-0.263469,0.900384,0.346255,5.79,1.000,0.882,0.786
-0.136318,-0.970641,0.198177,5.95,0.775,0.845,1.000
-0.569926,-0.255268,0.781039,3.91,1.000,0.872,0.768
-0.582023,0.182879,0.792341,3.80,0.885,0.911,1.000
-0.582020,0.182908,0.792337,3.80,0.885,0.911,1.000
-0.491877,-0.545996,0.678192,6.24,1.000,0.963,0.925
-0.590789,0.029123,0.806300,6.56,0.894,0.917,1.000
-0.193799,-0.941045,0.277266,6.44,0.814,0.869,1.000
-0.529170,0.449549,0.719642,2.23,0.781,0.849,1.000
-0.515136,-0.471551,0.715734,3.58,1.000,0.806,0.648
-0.561600,0.303294,0.769817,6.12,1.000,0.886,0.793
-0.576841,0.195357,0.793152,6.07,1.000,0.856,0.741
-0.427537,-0.676458,0.599680,4.33,1.000,0.799,0.636
-0.352740,-0.792000,0.498308,5.44,0.788,0.853,1.000
-0.585773,-0.009803,0.810416,6.51,1.000,0.934,0.876
-0.458785,0.629456,0.627137,5.11,1.000,0.765,0.572
-0.522353,-0.442758,0.728775,6.19,0.791,0.855,1.000
-0.577121,0.173820,0.797946,5.26,1.000,0.884,0.789
-0.287687,-0.865224,0.410637,5.95,1.000,0.995,0.979
-0.563021,0.277631,0.778414,5.93,0.899,0.920,1.000
-0.448761,-0.631499,0.632315,6.57,0.766,0.840,1.000
-0.534625,-0.393006,0.748146,5.78,1.000,0.854,0.737
-0.448528,-0.631056,0.632923,6.04,0.863,0.898,1.000
-0.461303,0.620791,0.633892,6.42,1.000,0.963,0.925
-0.510924,-0.472653,0.718022,6.32,1.000,0.841,0.714
-0.541173,-0.358630,0.760602,5.84,1.000,0.858,0.744
-0.347651,0.808215,0.475317,5.97,1.000,0.840,0.711
-0.501999,-0.496637,0.708059,3.66,0.736,0.821,1.000
-0.506358,0.499866,0.702664,6.52,1.000,0.963,0.925
-0.545012,-0.330546,0.770520,5.38,1.000,0.902,0.822
-0.571533,-0.152890,0.806210,6.50,1.000,0.982,0.956
-0.571532,-0.152833,0.806221,6.48,1.000,0.984,0.960
-0.361165,0.788759,0.497412,6.74,0.915,0.929,1.000
-0.340336,0.815437,0.468225,5.74,1.000,0.963,0.925
-0.529508,-0.393144,0.751704,6.34,0.794,0.857,1.000
-0.473886,-0.565139,0.675315,4.67,1.000,0.876,0.775
-0.383422,-0.740049,0.552554,6.23,1.000,0.767,0.575
-0.489761,-0.518230,0.701121,6.34,1.000,0.797,0.633
-0.443003,0.647499,0.620075,5.24,1.000,0.898,0.814
-0.523805,-0.403834,0.750031,4.96,1.000,0.814,0.664
-0.404945,-0.702912,0.584751,4.64,0.968,0.959,1.000
-0.132246,0.975724,0.174568,4.96,1.000,0.774,0.589
-0.475182,0.568921,0.671216,6.11,1.000,0.870,0.765
-0.338104,0.814206,0.471969,5.87,1.000,0.860,0.747
-0.101482,0.986137,0.131282,6.58,1.000,0.946,0.896
-0.396878,0.728942,0.557791,5.75,0.939,0.943,1.000
-0.560326,0.208817,0.801518,6.25,1.000,0.886,0.793
-0.366481,-0.760286,0.536336,6.04,1.000,0.817,0.670
-0.462063,0.596739,0.656049,6.00,1.000,0.963,0.925
-0.462045,0.596727,0.656073,5.07,0.751,0.830,1.000
-0.368677,0.770773,0.519602,5.84,1.000,0.909,0.833
-0.277312,-0.868521,0.410816,6.48,1.000,0.864,0.754
-0.447987,-0.607722,0.655730,5.24,1.000,0.878,0.778
-0.533506,-0.336748,0.775869,4.74,1.000,0.776,0.592
-0.463586,-0.569431,0.678849,4.75,0.745,0.826,1.000
-0.547894,0.276052,0.789688,6.01,1.000,0.894,0.807
-0.306186,0.847349,0.433879,6.45,1.000,0.856,0.741
-0.534871,0.336607,0.774990,4.52,0.801,0.861,1.000
-0.552962,0.222357,0.802988,5.33,0.801,0.861,1.000
-0.205859,0.935341,0.287678,5.62,1.000,0.810,0.657
-0.537551,0.316707,0.781496,5.81,0.859,0.896,1.000
-0.415722,-0.666785,0.618524,5.94,0.788,0.853,1.000
-0.542071,-0.259550,0.799245,6.31,1.000,0.843,0.717
-0.538147,-0.270143,0.798386,5.41,0.871,0.903,1.000
-0.505396,0.443002,0.740489,3.84,0.788,0.853,1.000
-0.546248,0.236292,0.803604,6.48,1.000,0.902,0.822
-0.226518,-0.909545,0.348451,6.18,0.867,0.901,1.000
-0.226515,-0.909545,0.348453,6.39,0.876,0.906,1.000
-0.558546,0.043881,0.828312,5.88,1.000,0.943,0.892
-0.554715,0.111912,0.824480,2.65,1.000,0.841,0.714
-0.471571,0.537533,0.699056,5.56,1.000,0.862,0.751
-0.486367,-0.470422,0.736309,6.51,0.915,0.929,1.000
-0.344039,0.791872,0.504555,5.51,0.766,0.840,1.000
-0.531573,0.296778,0.793318,6.14,0.788,0.853,1.000
-0.551646,0.094924,0.828659,5.58,0.801,0.861,1.000
-0.451661,-0.569028,0.687175,5.61,0.754,0.832,1.000
-0.553100,0.015557,0.832969,6.33,1.000,0.838,0.708
-0.417640,-0.645380,0.639580,6.42,1.000,0.898,0.814
-0.551324,-0.031488,0.833697,5.40,0.778,0.847,1.000
-0.431161,-0.614511,0.660664,6.01,1.000,0.934,0.876
-0.330150,-0.792695,0.512480,6.07,1.000,0.806,0.648
-0.546051,-0.106616,0.830940,6.24,1.000,0.841,0.714
-0.531403,0.265925,0.804298,3.67,0.807,0.865,1.000
-0.545797,0.127983,0.828086,4.43,1.000,0.963,0.925
-0.321531,-0.800830,0.505261,5.77,0.763,0.838,1.000
-0.530718,0.243874,0.811705,5.71,0.817,0.871,1.000
-0.353224,-0.753700,0.554228,5.84,0.811,0.867,1.000
-0.376553,-0.712046,0.592619,6.12,0.899,0.920,1.000
-0.305403,-0.819711,0.484565,5.73,0.807,0.865,1.000
-0.528155,0.238340,0.815013,6.00,1.000,0.827,0.689
-0.539969,-0.066598,0.839046,5.53,0.828,0.878,1.000
-0.221203,-0.907429,0.357269,6.54,0.854,0.893,1.000
-0.463102,0.526004,0.713342,6.44,1.000,0.963,0.925
-0.311624,0.823876,0.473411,5.92,1.000,0.804,0.645
-0.514989,0.311368,0.798647,4.09,1.000,0.768,0.578
-0.478336,0.471884,0.740622,5.85,1.000,0.922,0.856
-0.537732,-0.059834,0.840990,3.53,0.775,0.845,1.000
-0.362191,-0.732074,0.576962,6.01,1.000,0.843,0.717
-0.444447,-0.553787,0.704121,3.95,0.775,0.845,1.000
-0.241458,-0.887871,0.391641,6.19,1.000,0.791,0.621
-0.480692,-0.434467,0.761691,4.64,0.772,0.844,1.000
-0.252889,0.887811,0.384499,5.19,0.801,0.861,1.000
-0.310214,0.822905,0.476019,5.86,0.880,0.909,1.000
-0.535832,0.038325,0.843454,5.23,1.000,0.870,0.765
-0.483978,0.439443,0.756740,4.63,1.000,0.915,0.844
-0.334229,-0.772903,0.539363,6.60,1.000,0.782,0.604
-0.188591,-0.931075,0.312302,5.09,1.000,0.849,0.727
-0.532660,0.078072,0.842721,3.71,0.839,0.884,1.000
-0.458762,-0.498286,0.735696,6.40,1.000,0.878,0.778
-0.516195,0.261071,0.815711,5.20,1.000,0.963,0.925
-0.531880,-0.053914,0.845102,5.11,0.828,0.878,1.000
-0.515169,-0.244184,0.821569,6.19,1.000,0.874,0.771
-0.231802,-0.894393,0.382530,2.85,0.899,0.920,1.000
-0.253761,-0.872439,0.417678,6.15,0.821,0.873,1.000
-0.497333,0.358006,0.790248,4.76,1.000,0.780,0.601
-0.256992,-0.867573,0.425761,5.77,0.933,0.939,1.000
-0.432876,0.582939,0.687605,4.82,1.000,0.874,0.771
-0.492785,-0.344761,0.798939,5.03,0.785,0.851,1.000
-0.118180,0.977395,0.175305,4.32,0.801,0.861,1.000
-0.473581,-0.427787,0.769883,4.59,0.766,0.840,1.000
-0.253567,-0.870208,0.422424,5.76,0.807,0.865,1.000
-0.475678,-0.415218,0.775451,5.39,0.781,0.849,1.000
-0.477645,-0.406387,0.778912,5.42,0.775,0.845,1.000
-0.501007,-0.287853,0.816170,4.15,1.000,0.870,0.765
-0.502349,0.299101,0.811286,6.36,1.000,0.963,0.925
-0.462486,-0.459248,0.758418,6.14,0.766,0.840,1.000
-0.511589,0.228294,0.828347,6.10,1.000,0.963,0.925
-0.470384,-0.426468,0.772570,5.87,0.769,0.842,1.000
-0.503564,0.276895,0.818384,6.09,1.000,0.963,0.925
-0.389155,0.674968,0.626879,4.62,1.000,0.974,0.943
-0.489352,-0.331882,0.806467,5.94,0.785,0.851,1.000
-0.442665,-0.516288,0.733140,6.21,1.000,0.807,0.651
-0.463531,-0.442537,0.767659,5.62,0.839,0.884,1.000
-0.395015,-0.640970,0.658119,6.03,0.839,0.884,1.000
-0.514178,0.149195,0.844608,6.29,0.850,0.891,1.000
-0.212653,-0.906586,0.364527,5.75,0.769,0.842,1.000
-0.340886,-0.745036,0.573339,6.31,0.953,0.950,1.000
-0.297080,0.827342,0.476706,5.81,1.000,0.882,0.786
-0.437057,-0.526746,0.729054,6.29,0.993,0.973,1.000
-0.487998,0.347113,0.800856,5.44,1.000,0.773,0.587
-0.424386,-0.558706,0.712561,5.12,0.828,0.878,1.000
-0.424361,-0.558674,0.712602,5.62,0.804,0.863,1.000
-0.497989,-0.248680,0.830762,6.37,1.000,0.995,0.979
-0.446634,-0.488075,0.749867,3.88,0.726,0.815,1.000
-0.411597,-0.590394,0.694278,5.80,1.000,0.872,0.768
-0.495870,-0.255938,0.829825,6.13,0.871,0.903,1.000
-0.489271,0.319299,0.811580,6.26,0.754,0.832,1.000
-0.379552,0.683766,0.623221,5.37,1.000,0.764,0.570
-0.494283,0.269956,0.826322,3.85,1.000,0.995,0.979
-0.475028,-0.358092,0.803815,5.85,0.794,0.857,1.000
-0.401114,-0.608804,0.684446,6.31,1.000,0.872,0.768
-0.406758,0.614932,0.675579,5.45,0.921,0.932,1.000
-0.293966,-0.809234,0.508651,6.10,0.788,0.853,1.000
-0.380673,0.676440,0.630489,5.75,0.754,0.832,1.000
-0.218965,-0.897078,0.383803,6.41,1.000,0.920,0.852
-0.494314,0.248934,0.832878,5.54,1.000,0.847,0.724
-0.491165,-0.246651,0.835416,4.88,0.757,0.834,1.000
-0.458635,-0.419949,0.783133,5.43,0.760,0.836,1.000
-0.374456,-0.665809,0.645353,4.99,1.000,0.874,0.771
-0.452850,-0.440161,0.775361,2.89,0.729,0.817,1.000
-0.379431,-0.651473,0.656974,6.49,1.000,0.783,0.607
-0.287372,-0.814903,0.503339,6.13,0.880,0.909,1.000
-0.454090,0.452089,0.767735,4.15,1.000,0.831,0.695
-0.391503,-0.621106,0.678935,3.41,0.720,0.811,1.000
-0.266276,0.856372,0.442407,6.31,0.781,0.849,1.000
-0.391977,0.638704,0.662126,6.31,1.000,0.860,0.747
-0.225527,-0.887346,0.402186,6.25,0.775,0.845,1.000
-0.377993,-0.648589,0.660647,6.21,0.791,0.855,1.000
-0.460369,-0.384644,0.800068,2.32,0.751,0.830,1.000
-0.478143,-0.284573,0.830901,5.47,1.000,0.984,0.960
-0.144353,-0.953195,0.265672,5.70,1.000,0.841,0.714
-0.420276,-0.528282,0.737757,6.33,1.000,0.794,0.627
-0.404324,0.596840,0.693040,5.62,1.000,0.788,0.615
-0.451388,0.437120,0.777930,2.00,0.821,0.873,1.000
-0.491653,-0.146280,0.858417,5.55,0.804,0.863,1.000
-0.293381,0.816639,0.497020,4.95,0.885,0.911,1.000
-0.259473,-0.845963,0.465854,4.63,0.876,0.906,1.000
-0.318549,-0.757334,0.570063,4.65,1.000,0.890,0.800
-0.495296,0.077198,0.865288,5.83,1.000,0.874,0.771
-0.324442,0.764709,0.556739,6.05,0.899,0.920,1.000
-0.427936,-0.486882,0.761457,6.03,1.000,0.817,0.670
-0.471554,0.306000,0.827043,5.12,1.000,0.876,0.775
-0.380654,-0.623914,0.682521,4.89,0.745,0.826,1.000
-0.414582,0.549075,0.725698,5.41,1.000,0.963,0.925
-0.438496,-0.436257,0.785749,5.00,1.000,0.833,0.698
-0.412525,-0.529927,0.740945,6.01,1.000,0.998,0.983
-0.428922,0.497748,0.753839,4.99,0.766,0.840,1.000
-0.452899,0.387587,0.802906,4.83,0.811,0.867,1.000
-0.440666,-0.418285,0.794261,6.21,1.000,0.806,0.648
-0.404657,-0.547774,0.732254,6.10,0.927,0.936,1.000
-0.380903,-0.613776,0.691514,5.90,0.968,0.959,1.000
-0.483880,0.086924,0.870807,6.08,1.000,0.882,0.786
-0.473911,-0.197196,0.858208,5.07,1.000,0.963,0.925
-0.473911,-0.197196,0.858208,4.77,1.000,0.998,0.983
-0.262509,-0.830901,0.490605,6.16,1.000,0.968,0.934
-0.335055,-0.709243,0.620253,4.72,0.871,0.903,1.000
-0.296715,0.797751,0.524932,5.93,1.000,0.790,0.618
-0.339733,0.719784,0.605386,4.76,0.754,0.832,1.000
-0.391124,0.596668,0.700720,5.83,1.000,0.974,0.943
-0.450965,-0.338829,0.825727,2.62,0.766,0.840,1.000
-0.450957,-0.338770,0.825756,4.92,0.781,0.849,1.000
-0.257033,0.853235,0.453789,4.01,1.000,0.984,0.960
-0.380247,-0.599055,0.704660,4.23,0.736,0.821,1.000
-0.436860,-0.400451,0.805476,5.92,0.763,0.838,1.000
-0.475269,-0.109590,0.872989,6.53,1.000,0.995,0.979
-0.474435,-0.106949,0.873770,6.41,1.000,0.868,0.761
-0.378380,-0.598402,0.706218,5.73,0.899,0.920,1.000
-0.473807,0.140834,0.869294,6.29,0.814,0.869,1.000
-0.443549,-0.352971,0.823818,3.96,0.775,0.845,1.000
-0.246554,-0.847441,0.470164,5.57,0.775,0.845,1.000
-0.248349,0.860838,0.444163,6.19,1.000,0.774,0.589
-0.458907,-0.243121,0.854574,6.32,1.000,0.948,0.900
-0.440815,-0.356226,0.823884,4.32,1.000,0.907,0.829
-0.427803,-0.414089,0.803439,6.33,0.769,0.842,1.000
-0.362599,-0.630747,0.686061,7.05,0.939,0.943,1.000
-0.362652,-0.630582,0.686185,6.65,0.766,0.840,1.000
-0.420341,-0.443488,0.791601,5.38,1.000,0.764,0.570
-0.459381,-0.220622,0.860404,5.78,0.791,0.855,1.000
-0.427353,-0.401717,0.809934,5.88,0.794,0.857,1.000
-0.463915,0.171786,0.869064,5.63,0.859,0.896,1.000
-0.438081,0.371732,0.818474,6.14,1.000,0.807,0.651
-0.390321,-0.539502,0.746048,6.19,1.000,0.918,0.848
-0.385239,-0.552604,0.739067,5.54,0.757,0.834,1.000
-0.448569,0.293155,0.844302,5.00,1.000,0.884,0.789
-0.448526,0.293280,0.844281,6.25,1.000,0.847,0.724
-0.462494,0.148399,0.874115,5.73,1.000,0.770,0.581
-0.464839,0.060255,0.883342,5.91,1.000,0.791,0.621
-0.438586,-0.314669,0.841799,6.47,1.000,0.978,1.000
-0.445601,0.295805,0.844949,6.14,0.788,0.853,1.000
-0.462015,0.111103,0.879885,5.97,1.000,0.874,0.771
-0.344071,-0.657635,0.670173,5.86,0.889,0.914,1.000
-0.461515,-0.060473,0.885069,5.37,1.000,0.794,0.627
-0.398729,-0.491153,0.774457,5.13,1.000,0.851,0.731
-0.374420,0.594694,0.711441,4.76,1.000,0.872,0.768
-0.253843,-0.824530,0.505682,5.81,0.927,0.936,1.000
-0.082572,-0.980600,0.177777,4.68,1.000,0.758,0.558
-0.082700,-0.980502,0.178257,5.27,1.000,0.801,0.639
-0.265997,-0.805635,0.529336,5.83,1.000,0.721,0.486
-0.330241,0.706304,0.626159,4.26,0.766,0.840,1.000
-0.259458,-0.815437,0.517440,4.94,1.000,0.866,0.758
-0.179735,0.925938,0.332165,5.44,0.781,0.849,1.000
-0.428169,-0.332980,0.840117,6.30,0.832,0.880,1.000
-0.428073,-0.333158,0.840095,4.01,0.801,0.861,1.000
-0.400081,-0.468337,0.787779,4.59,0.739,0.823,1.000
-0.398380,-0.475893,0.784104,5.67,0.791,0.855,1.000
-0.195305,-0.896375,0.397955,3.85,1.000,0.852,0.734
-0.447005,-0.174751,0.877296,4.94,0.817,0.871,1.000
-0.449417,0.168704,0.877247,6.53,0.876,0.906,1.000
-0.448480,-0.148629,0.881348,5.43,0.828,0.878,1.000
-0.111176,0.973553,0.199584,5.56,1.000,0.963,0.925
-0.436862,0.286785,0.852588,6.08,0.794,0.857,1.000
-0.247068,0.847472,0.469839,6.33,1.000,0.963,0.925
-0.163023,-0.926800,0.338327,5.75,0.839,0.884,1.000
-0.260580,0.827364,0.497561,6.49,1.000,0.963,0.925
-0.417660,0.398665,0.816472,5.70,1.000,0.777,0.595
-0.233228,-0.847235,0.477281,5.63,0.835,0.882,1.000
-0.449104,-0.073601,0.890443,6.25,0.832,0.880,1.000
-0.407122,-0.413453,0.814438,6.41,0.801,0.861,1.000
-0.380362,0.549643,0.743786,6.29,1.000,0.836,0.705
-0.372947,-0.544806,0.751064,5.92,1.000,0.870,0.765
-0.298856,-0.735769,0.607725,5.14,0.748,0.828,1.000
-0.365922,0.593770,0.716616,5.63,1.000,0.812,0.660
-0.447375,0.087523,0.890054,5.48,1.000,0.791,0.621
-0.437288,-0.205137,0.875613,5.22,1.000,0.799,0.636
-0.322850,-0.680717,0.657565,6.14,1.000,0.852,0.734
-0.335982,0.673973,0.657934,5.87,1.000,0.794,0.627
-0.414511,-0.360119,0.835760,6.41,0.785,0.851,1.000
-0.403061,0.448864,0.797536,6.50,0.960,0.954,1.000
-0.420638,-0.317888,0.849712,6.32,1.000,0.856,0.741
-0.399657,-0.430148,0.809474,6.05,0.801,0.861,1.000
-0.257171,-0.807075,0.531501,5.44,1.000,0.753,0.547
-0.443926,-0.064436,0.893744,2.74,1.000,0.774,0.589
-0.442959,0.102826,0.890626,6.31,1.000,0.845,0.721
-0.278821,-0.766811,0.578153,4.99,1.000,0.915,0.844
-0.260108,-0.799545,0.541361,6.33,0.889,0.914,1.000
-0.435170,-0.145555,0.888505,5.50,1.000,0.951,0.904
-0.424268,-0.256275,0.868516,6.09,0.807,0.865,1.000
-0.226963,-0.847119,0.480496,6.49,1.000,0.874,0.771
-0.368323,0.557145,0.744263,5.64,1.000,0.987,0.965
-0.368324,0.557141,0.744265,6.66,1.000,0.963,0.925
-0.416899,0.322403,0.849854,5.69,1.000,0.851,0.731
-0.404831,-0.363314,0.839115,6.61,0.794,0.857,1.000
-0.433719,-0.068944,0.898407,6.18,0.910,0.926,1.000
-0.389845,0.460544,0.797446,6.14,1.000,0.817,0.670
-0.175704,0.921485,0.346400,6.21,1.000,0.876,0.775
-0.376900,-0.478905,0.792841,4.78,0.794,0.857,1.000
-0.312767,-0.677825,0.665380,5.45,0.821,0.873,1.000
-0.271179,-0.767787,0.580487,4.02,1.000,0.858,0.744
-0.240608,-0.820551,0.518463,5.77,1.000,0.880,0.782
-0.380290,0.487102,0.786201,5.78,0.811,0.867,1.000
-0.427805,-0.081808,0.900161,3.24,1.000,0.882,0.786
-0.399811,-0.345589,0.848952,6.29,1.000,0.858,0.744
-0.364152,-0.513641,0.776895,5.49,1.000,0.998,0.983
-0.412253,-0.256669,0.874167,5.94,1.000,0.783,0.607
-0.111885,0.969776,0.216831,5.48,0.754,0.832,1.000
-0.324766,-0.635146,0.700797,6.12,0.766,0.840,1.000
-0.383272,-0.409437,0.827927,4.55,1.000,0.907,0.829
-0.115356,0.966870,0.227716,6.39,1.000,0.963,0.925
-0.267722,-0.761224,0.590646,5.33,0.775,0.845,1.000
-0.376911,-0.431972,0.819353,2.89,0.832,0.880,1.000
-0.297368,-0.693556,0.656165,5.88,1.000,0.843,0.717
-0.218325,0.863879,0.453924,5.40,1.000,0.767,0.575
-0.393932,0.360526,0.845481,6.05,1.000,0.886,0.793
-0.126887,0.958298,0.256057,5.98,0.814,0.869,1.000
-0.181399,-0.891993,0.414057,6.15,0.797,0.859,1.000
-0.279157,0.755145,0.593150,5.91,1.000,0.807,0.651
-0.325370,0.638883,0.697110,5.46,0.968,0.959,1.000
-0.292618,0.723128,0.625668,3.89,0.742,0.825,1.000
-0.414335,0.017961,0.909947,4.82,0.927,0.936,1.000
-0.315163,-0.631935,0.708047,5.40,1.000,0.958,0.917
-0.392038,0.328093,0.859454,3.75,0.889,0.914,1.000
-0.411846,-0.036290,0.910531,6.23,0.811,0.867,1.000
-0.340528,-0.547555,0.764345,6.47,0.791,0.855,1.000
-0.132456,-0.940196,0.313827,4.91,1.000,0.976,0.947
-0.283315,-0.711403,0.643147,6.33,0.854,0.893,1.000
-0.320731,-0.609673,0.724866,5.42,0.754,0.832,1.000
-0.157177,0.930765,0.330108,6.41,1.000,0.963,0.925
-0.071007,-0.981283,0.179000,3.89,1.000,0.892,0.803
-0.355534,0.513421,0.781022,4.85,1.000,0.880,0.782
-0.381729,-0.342635,0.858419,4.50,1.000,0.872,0.768
-0.351006,-0.495509,0.794522,6.63,1.000,0.966,0.930
-0.350995,-0.495530,0.794514,5.84,1.000,0.966,0.930
-0.343430,0.556284,0.756706,5.20,1.000,0.771,0.584
-0.343383,0.554897,0.757745,5.39,1.000,0.782,0.604
-0.171008,-0.899238,0.402651,5.27,0.939,0.943,1.000
-0.347234,0.534840,0.770308,6.40,0.814,0.869,1.000
-0.403037,0.120969,0.907153,5.85,0.785,0.851,1.000
-0.367340,-0.397904,0.840675,5.02,0.876,0.906,1.000
-0.367349,-0.397886,0.840679,5.92,1.000,0.963,0.925
-0.203046,-0.853548,0.479820,5.69,0.788,0.853,1.000
-0.265905,-0.737926,0.620291,4.47,0.766,0.840,1.000
-0.106413,0.969254,0.221864,4.95,0.946,0.946,1.000
-0.389112,0.242486,0.888703,4.57,0.788,0.853,1.000
-0.374351,-0.316583,0.871571,4.42,0.894,0.917,1.000
-0.378044,0.323794,0.867318,6.70,1.000,0.963,0.925
-0.204710,-0.845782,0.492693,6.06,1.000,0.790,0.618
-0.390120,0.197786,0.899270,6.11,1.000,0.868,0.761
-0.310530,-0.604313,0.733742,5.79,1.000,0.854,0.737
-0.318694,0.607291,0.727758,5.54,0.847,0.889,1.000
-0.395073,0.040960,0.917736,6.07,1.000,0.890,0.800
-0.180238,-0.879927,0.439593,5.20,1.000,0.831,0.695
-0.148140,0.934263,0.324356,5.25,1.000,0.851,0.731
-0.231141,0.821199,0.521733,5.74,0.788,0.853,1.000
-0.388395,-0.132223,0.911957,5.23,1.000,0.754,0.550
-0.387356,-0.145594,0.910361,4.63,0.847,0.889,1.000
-0.193259,0.880450,0.432965,5.67,1.000,0.882,0.786
-0.265485,-0.722283,0.638611,5.35,1.000,0.974,0.943
-0.194005,0.878935,0.435701,2.74,1.000,0.892,0.803
-0.008104,-0.999098,0.041681,6.57,1.000,0.892,0.803
-0.344820,-0.445135,0.826411,0.96,1.000,0.739,0.520
-0.118968,-0.945451,0.303265,5.50,1.000,0.833,0.698
-0.388428,0.011606,0.921406,5.39,1.000,0.793,0.624
-0.383562,-0.141400,0.912626,6.48,0.968,0.959,1.000
-0.037408,-0.993046,0.111629,6.57,1.000,0.776,0.592
-0.016151,-0.997988,0.061318,6.04,0.804,0.863,1.000
-0.371261,-0.251239,0.893893,5.68,1.000,0.911,0.837
-0.345749,-0.424436,0.836846,4.79,0.754,0.832,1.000
-0.280106,-0.666753,0.690638,5.33,0.921,0.932,1.000
-0.310019,-0.569343,0.761404,4.23,0.739,0.823,1.000
-0.377404,-0.130786,0.916767,6.50,0.946,0.946,1.000
-0.337381,-0.446788,0.828586,6.10,1.000,0.858,0.744
-0.288989,0.667594,0.686151,5.04,1.000,0.783,0.607
-0.362308,-0.285902,0.887126,4.28,1.000,0.890,0.800
-0.355255,0.366334,0.859996,2.77,1.000,0.886,0.793
-0.378771,0.034618,0.924843,3.82,0.791,0.855,1.000
-0.241914,0.781605,0.574953,6.29,1.000,0.864,0.754
-0.149068,-0.909927,0.387055,5.52,1.000,0.888,0.796
-0.356382,0.349867,0.866363,5.25,1.000,0.820,0.676
-0.348106,-0.365955,0.863075,4.45,0.832,0.880,1.000
-0.349756,0.377764,0.857301,5.76,1.000,0.770,0.581
-0.263194,-0.695227,0.668871,4.94,0.804,0.863,1.000
-0.250996,0.754261,0.606706,6.45,0.797,0.859,1.000
-0.309162,0.576789,0.756131,6.25,1.000,0.765,0.572
-0.370472,0.096213,0.923847,5.63,0.769,0.842,1.000
-0.364702,0.199164,0.909575,4.84,1.000,0.788,0.615
-0.254808,-0.710121,0.656355,6.46,1.000,0.812,0.660
-0.141525,0.932122,0.333345,5.00,0.769,0.842,1.000
-0.262705,0.714452,0.648493,5.65,0.828,0.878,1.000
-0.071192,-0.976362,0.204081,4.24,1.000,0.862,0.751
-0.261575,-0.680195,0.684772,5.47,0.968,0.959,1.000
-0.316202,-0.472799,0.822483,2.82,0.711,0.805,1.000
-0.291390,-0.577224,0.762826,4.16,1.000,0.776,0.592
-0.168094,-0.874537,0.454894,6.18,0.763,0.838,1.000
-0.270176,0.674778,0.686789,4.20,0.785,0.851,1.000
-0.344790,0.293327,0.891672,6.41,0.804,0.863,1.000
-0.181777,0.873121,0.452346,5.94,0.794,0.857,1.000
-0.356614,-0.040563,0.933371,5.75,1.000,0.911,0.837
-0.124375,-0.929107,0.348267,5.91,0.763,0.838,1.000
-0.076547,0.981507,0.175457,5.56,0.885,0.911,1.000
-0.253160,-0.687070,0.681061,5.83,0.781,0.849,1.000
-0.347647,-0.183389,0.919516,2.56,0.794,0.857,1.000
-0.342523,0.267206,0.900710,6.30,0.754,0.832,1.000
-0.166995,-0.869892,0.464112,6.18,1.000,0.995,0.979
-0.275346,-0.604842,0.747228,5.91,0.788,0.853,1.000
-0.347822,-0.113863,0.930621,6.09,0.843,0.886,1.000
-0.112591,0.954303,0.276821,6.30,1.000,0.815,0.667
-0.341057,0.236617,0.909776,6.31,0.976,0.963,1.000
-0.125943,-0.923428,0.362517,6.03,0.794,0.857,1.000
-0.245647,0.726735,0.641494,5.79,1.000,0.866,0.758
-0.215698,0.797587,0.563320,5.53,0.766,0.840,1.000
-0.215488,0.797841,0.563040,5.08,0.775,0.845,1.000
-0.215473,0.797838,0.563050,6.53,0.769,0.842,1.000
-0.221830,-0.751990,0.620727,5.65,0.832,0.880,1.000
-0.216996,-0.762122,0.609985,5.65,0.778,0.847,1.000
-0.338684,-0.165985,0.926144,6.35,1.000,0.995,0.979
-0.318341,-0.348713,0.881509,6.26,1.000,0.858,0.744
-0.082609,0.976094,0.201038,6.34,1.000,0.874,0.771
-0.280321,-0.546780,0.788956,5.87,1.000,0.951,0.904
-0.305313,-0.414186,0.857458,6.09,0.859,0.896,1.000
-0.338705,0.073364,0.938028,6.93,0.832,0.880,1.000
-0.338454,0.073581,0.938102,5.77,0.781,0.849,1.000
-0.319601,-0.304735,0.897213,4.96,1.000,0.852,0.734
-0.228568,-0.720195,0.655039,6.23,1.000,0.905,0.826
-0.160598,0.891582,0.423425,6.16,1.000,0.782,0.604
-0.195739,0.829189,0.523575,5.29,1.000,0.858,0.744
-0.228077,0.753888,0.616144,4.90,1.000,0.779,0.598
-0.337078,-0.017462,0.941315,6.24,0.904,0.923,1.000
-0.314232,-0.340781,0.886074,5.57,0.993,0.973,1.000
-0.330615,0.214650,0.919032,6.08,0.804,0.863,1.000
-0.122348,-0.921251,0.369225,5.13,0.763,0.838,1.000
-0.334935,0.020613,0.942016,5.74,0.915,0.929,1.000
-0.246017,-0.657624,0.712044,6.20,0.835,0.882,1.000
-0.193597,-0.800234,0.567578,5.96,1.000,0.826,0.685
-0.306571,0.420380,0.853987,6.06,1.000,0.817,0.670
-0.245603,-0.657547,0.712258,6.12,0.766,0.840,1.000
-0.256673,-0.617814,0.743253,6.05,0.769,0.842,1.000
-0.277018,-0.531489,0.800488,6.46,0.763,0.838,1.000
-0.286800,0.524031,0.801958,2.81,1.000,0.951,0.904
-0.299067,0.452698,0.840014,5.92,0.968,0.959,1.000
-0.244089,-0.653945,0.716084,5.71,0.751,0.830,1.000
-0.165010,-0.852673,0.495702,5.74,0.760,0.836,1.000
-0.287842,-0.461069,0.839382,6.58,0.821,0.873,1.000
-0.109614,-0.933754,0.340717,1.92,1.000,0.796,0.630
-0.282448,-0.477308,0.832106,6.02,0.817,0.871,1.000
-0.163659,-0.851190,0.498689,5.58,0.763,0.838,1.000
-0.256830,0.628265,0.734385,3.53,1.000,0.890,0.800
-0.242722,-0.634423,0.733889,5.48,1.000,0.878,0.778
-0.270257,0.559755,0.783348,5.99,0.899,0.920,1.000
-0.145146,0.903254,0.403813,4.83,1.000,0.833,0.698
-0.319343,0.017806,0.947472,6.03,0.781,0.849,1.000
-0.283132,-0.430962,0.856801,6.71,1.000,0.840,0.711
-0.185897,0.826003,0.532129,6.16,0.811,0.867,1.000
-0.307887,0.271361,0.911904,5.56,1.000,0.763,0.567
-0.314440,0.149233,0.937474,5.15,1.000,0.782,0.604
-0.155149,-0.857539,0.490465,3.76,1.000,0.776,0.592
-0.233666,0.684766,0.690287,6.05,1.000,0.802,0.642
-0.110568,-0.925090,0.363295,6.32,1.000,0.822,0.679
-0.312284,0.036024,0.949306,6.10,0.835,0.882,1.000
-0.121999,-0.909058,0.398408,6.13,0.781,0.849,1.000
-0.308659,0.091444,0.946767,5.24,0.781,0.849,1.000
-0.296808,-0.257292,0.919622,6.03,0.859,0.896,1.000
-0.191507,-0.766555,0.612958,6.47,0.910,0.926,1.000
-0.175422,0.836592,0.518981,4.85,0.953,0.950,1.000
-0.067406,0.981354,0.180001,6.32,1.000,0.847,0.724
-0.299766,0.234982,0.924621,6.35,1.000,0.900,0.818
-0.291683,-0.270054,0.917601,6.10,1.000,0.963,0.925
-0.247871,-0.563430,0.788103,2.29,1.000,0.845,0.721
-0.230838,0.672223,0.703441,5.87,1.000,0.770,0.581
-0.296077,-0.187091,0.936662,4.65,1.000,0.998,0.983
-0.235228,-0.608961,0.757518,6.11,0.828,0.878,1.000
-0.221257,-0.659091,0.718780,5.22,0.811,0.867,1.000
-0.294401,0.229394,0.927743,5.91,0.797,0.859,1.000
-0.230670,-0.616315,0.752959,3.08,0.726,0.815,1.000
-0.298838,-0.046303,0.953180,6.32,0.984,0.968,1.000
-0.216781,-0.667241,0.712598,6.49,0.871,0.903,1.000
-0.296968,0.126160,0.946517,5.49,0.821,0.873,1.000
-0.150867,-0.847210,0.509387,5.94,1.000,0.773,0.587
-0.229236,-0.615902,0.753734,3.57,0.723,0.813,1.000
-0.125089,-0.893134,0.432047,6.02,0.804,0.863,1.000
-0.211157,0.719138,0.662007,4.82,0.817,0.871,1.000
-0.294745,0.021224,0.955340,5.51,0.804,0.863,1.000
-0.219357,0.687475,0.692287,6.13,1.000,0.826,0.685
-0.208435,-0.682647,0.700391,5.96,1.000,0.753,0.547
-0.258577,0.497075,0.828284,5.72,1.000,0.771,0.584
-0.250941,0.538089,0.804667,6.13,1.000,0.872,0.768
-0.211612,-0.666616,0.714734,5.45,0.854,0.893,1.000
-0.211144,-0.669062,0.712583,6.32,1.000,0.990,0.969
-0.209874,-0.673815,0.708467,4.73,1.000,0.993,0.974
-0.210947,-0.667186,0.714397,6.45,0.859,0.896,1.000
-0.221966,0.667789,0.710485,6.29,1.000,0.858,0.744
-0.210642,-0.666793,0.714855,6.59,0.863,0.898,1.000
-0.208085,-0.675319,0.707563,5.88,1.000,0.953,0.908
-0.071189,0.976349,0.204141,5.98,0.984,0.968,1.000
-0.282114,0.258384,0.923932,6.52,0.772,0.844,1.000
-0.268449,-0.348827,0.897917,5.88,1.000,0.943,0.892
-0.266644,0.417175,0.868830,5.04,1.000,0.827,0.689
-0.208058,-0.673805,0.709013,3.62,1.000,0.807,0.651
-0.210789,-0.658047,0.722871,5.77,0.839,0.884,1.000
-0.242334,-0.508849,0.826043,6.35,0.863,0.898,1.000
-0.174282,-0.773564,0.609282,6.33,0.781,0.849,1.000
-0.167393,-0.791052,0.588402,5.94,0.763,0.838,1.000
-0.092271,-0.935249,0.341755,5.79,0.757,0.834,1.000
-0.283164,-0.028135,0.958659,6.25,0.894,0.917,1.000
-0.275269,-0.204368,0.939394,6.57,0.835,0.882,1.000
-0.245309,0.525496,0.814664,5.32,0.899,0.920,1.000
-0.279903,-0.107199,0.954024,5.25,1.000,0.858,0.744
-0.279523,0.176488,0.943779,4.38,0.763,0.838,1.000
-0.229959,-0.552042,0.801479,6.37,1.000,0.755,0.553
-0.206677,-0.653732,0.727955,6.15,0.885,0.911,1.000
-0.263744,-0.289134,0.920239,6.37,1.000,0.890,0.800
-0.148017,-0.828943,0.539393,3.13,1.000,0.771,0.584
-0.194181,0.736297,0.648198,6.00,1.000,0.815,0.667
-0.261628,0.357693,0.896441,5.41,1.000,0.880,0.782
-0.226328,-0.548431,0.804984,5.48,1.000,0.773,0.587
-0.168676,-0.773189,0.611333,5.55,0.794,0.857,1.000
-0.270874,0.235477,0.933369,6.34,0.927,0.936,1.000
-0.250356,-0.393140,0.884739,5.58,0.781,0.849,1.000
-0.251951,0.434140,0.864895,6.08,1.000,0.890,0.800
-0.264001,0.316201,0.911219,5.35,1.000,0.801,0.639
-0.255544,-0.334465,0.907100,6.27,0.811,0.867,1.000
-0.156230,-0.800319,0.578863,4.06,1.000,0.794,0.627
-0.264692,-0.190181,0.945394,6.19,1.000,0.874,0.771
-0.149688,-0.815097,0.559652,5.65,0.854,0.893,1.000
-0.208760,-0.610437,0.764059,6.09,0.854,0.893,1.000
-0.265045,0.162895,0.950377,3.20,1.000,0.845,0.721
-0.169740,-0.750662,0.638510,6.00,1.000,0.898,0.814
-0.261335,0.239960,0.934946,6.37,1.000,0.886,0.793
-0.255470,-0.256622,0.932137,6.59,0.968,0.959,1.000
-0.179972,-0.712659,0.678032,6.65,1.000,0.743,0.528
-0.129569,-0.856793,0.499118,6.11,0.778,0.847,1.000
-0.243336,0.428190,0.870311,6.28,1.000,0.894,0.807
-0.176746,0.766481,0.617469,6.56,1.000,0.768,0.578
-0.244535,0.412809,0.877378,6.32,1.000,0.854,0.737
-0.234547,-0.424072,0.874729,5.86,1.000,0.768,0.578
-0.233985,-0.422447,0.875665,5.75,0.976,0.963,1.000
-0.207464,-0.586855,0.782662,5.97,1.000,0.843,0.717
-0.157739,-0.778581,0.607396,6.45,0.889,0.914,1.000
-0.197496,0.675751,0.710180,6.34,1.000,0.822,0.679
-0.146953,-0.801117,0.580186,5.29,1.000,0.995,0.979
-0.115852,0.907299,0.404211,4.89,1.000,0.995,0.979
-0.212436,-0.532043,0.819635,5.03,0.757,0.834,1.000
-0.255060,0.114653,0.960104,6.59,0.871,0.903,1.000
-0.253658,-0.073630,0.964487,4.82,1.000,0.790,0.618
-0.115575,0.906596,0.405864,6.41,0.953,0.950,1.000
-0.128297,-0.845376,0.518536,5.73,0.757,0.834,1.000
-0.237487,-0.323679,0.915878,6.26,1.000,0.806,0.648
-0.043974,0.990358,0.131365,4.23,1.000,0.896,0.811
-0.165373,-0.733255,0.659536,6.06,1.000,0.963,0.925
-0.220974,0.513936,0.828879,3.92,0.785,0.851,1.000
-0.235119,0.384814,0.892545,5.65,1.000,0.814,0.664
-0.243742,0.257967,0.934903,6.31,0.801,0.861,1.000
-0.190751,-0.617753,0.762886,5.91,0.953,0.950,1.000
-0.225854,0.457042,0.860292,6.55,0.976,0.963,1.000
-0.247724,0.146956,0.957620,6.33,0.817,0.871,1.000
-0.143625,0.835698,0.530076,6.03,1.000,0.843,0.717
-0.166329,-0.713271,0.680867,6.28,0.811,0.867,1.000
-0.210008,0.552931,0.806327,5.25,0.794,0.857,1.000
-0.224790,0.430599,0.874102,5.75,1.000,0.870,0.765
-0.197385,-0.560968,0.803961,4.87,0.885,0.911,1.000
-0.079660,0.956954,0.279092,6.30,0.876,0.906,1.000
-0.211572,0.528212,0.822332,6.36,1.000,0.849,0.727
-0.238212,0.243479,0.940198,4.98,1.000,0.771,0.584
-0.168208,-0.695975,0.698086,6.19,0.894,0.917,1.000
-0.237591,0.250568,0.938492,6.52,1.000,0.924,0.860
-0.223614,-0.350121,0.909622,6.30,0.781,0.849,1.000
-0.236553,0.235232,0.942714,5.93,0.788,0.853,1.000
-0.235308,0.234591,0.943185,6.08,1.000,0.868,0.761
-0.228261,0.336940,0.913438,6.35,1.000,0.783,0.607
-0.184735,-0.604981,0.774513,5.98,0.811,0.867,1.000
-0.093398,0.934741,0.342835,6.40,1.000,0.963,0.925
-0.198876,0.579483,0.790347,6.69,1.000,0.963,0.925
-0.188531,-0.580008,0.792494,6.13,1.000,0.990,0.969
-0.124219,0.871635,0.474155,6.13,1.000,0.874,0.771
-0.236474,0.012261,0.971560,6.01,1.000,0.968,0.934
-0.216329,-0.367552,0.904493,6.30,0.832,0.880,1.000
-0.199054,0.570574,0.796758,6.04,0.867,0.901,1.000
-0.225159,0.335438,0.914759,6.17,0.785,0.851,1.000
-0.235375,-0.015567,0.971780,5.64,0.843,0.886,1.000
-0.205527,-0.446402,0.870910,6.29,0.775,0.845,1.000
-0.230269,0.220541,0.947807,4.91,0.828,0.878,1.000
-0.102481,-0.880275,0.463264,6.39,0.775,0.845,1.000
-0.068180,-0.943923,0.323050,6.22,1.000,0.862,0.751
-0.229409,0.169063,0.958535,6.37,1.000,0.794,0.627
-0.228659,0.181449,0.956447,6.37,1.000,0.900,0.818
-0.106932,0.903339,0.415383,6.10,1.000,0.882,0.786
-0.229607,-0.028905,0.972854,6.38,0.859,0.896,1.000
-0.171262,0.692297,0.700995,6.43,0.817,0.871,1.000
-0.157023,0.752463,0.639643,6.09,1.000,0.856,0.741
-0.215132,0.375968,0.901314,5.56,1.000,0.819,0.673
-0.213404,-0.302522,0.928945,5.99,1.000,0.872,0.768
-0.191112,-0.506088,0.841042,5.97,0.880,0.909,1.000
-0.223948,-0.018839,0.974419,6.06,0.814,0.869,1.000
-0.078442,-0.921841,0.379548,5.89,1.000,0.862,0.751
-0.137312,0.813814,0.564670,5.83,1.000,0.963,0.925
-0.137316,0.813814,0.564669,5.80,1.000,0.995,0.979
-0.152083,-0.701625,0.696128,5.08,1.000,0.902,0.822
-0.220580,-0.067715,0.973015,6.36,1.000,0.941,0.888
-0.050207,-0.963784,0.261914,6.25,0.785,0.851,1.000
-0.137734,-0.753267,0.643132,5.84,1.000,0.737,0.517
-0.213637,-0.182636,0.959689,5.56,1.000,0.984,0.960
-0.171729,0.649662,0.740573,6.34,0.797,0.859,1.000
-0.182024,0.586871,0.788955,5.39,0.910,0.926,1.000
-0.206788,-0.271016,0.940101,2.43,0.807,0.865,1.000
-0.063901,0.967255,0.245629,6.21,1.000,0.963,0.925
-0.150987,-0.685045,0.712682,3.33,0.976,0.963,1.000
-0.159525,-0.636172,0.754876,5.67,0.801,0.861,1.000
-0.161068,-0.626906,0.762264,6.30,1.000,0.864,0.754
-0.141282,0.775410,0.615450,6.46,0.788,0.853,1.000
-0.108395,-0.837608,0.535410,6.09,1.000,0.746,0.534
-0.208160,0.215881,0.953973,6.57,0.814,0.869,1.000
-0.187164,-0.426643,0.884842,6.54,0.775,0.845,1.000
-0.182405,-0.465799,0.865887,6.14,0.775,0.845,1.000
-0.165335,0.653120,0.738985,5.08,1.000,0.822,0.679
-0.171945,-0.536396,0.826265,6.01,0.811,0.867,1.000
-0.206984,0.137353,0.968655,6.33,1.000,0.866,0.758
-0.193267,0.410524,0.891133,6.19,0.871,0.903,1.000
-0.151727,-0.639666,0.753529,6.60,1.000,0.716,0.475
-0.202429,0.183699,0.961913,5.33,1.000,0.773,0.587
-0.204037,0.006143,0.978944,6.65,1.000,0.990,0.969
-0.130707,0.792384,0.595855,6.29,0.788,0.853,1.000
-0.091142,0.911509,0.401054,3.17,0.751,0.830,1.000
-0.161445,-0.552640,0.817633,5.53,0.785,0.851,1.000
-0.150478,-0.623796,0.766965,5.96,1.000,0.968,0.934
-0.135256,0.763195,0.631854,6.04,1.000,0.963,0.925
-0.058949,-0.939964,0.336143,6.53,1.000,0.963,0.925
-0.173097,-0.447802,0.877217,5.11,1.000,0.902,0.822
-0.173112,-0.447781,0.877226,5.07,1.000,0.905,0.826
-0.165418,-0.503179,0.848203,6.21,0.778,0.847,1.000
-0.187403,-0.251797,0.949462,5.99,1.000,0.854,0.737
-0.153611,-0.584242,0.796910,6.12,1.000,0.995,0.979
-0.190427,0.248526,0.949722,3.48,1.000,0.796,0.630
-0.190406,0.248521,0.949728,5.39,1.000,0.963,0.925
-0.089345,-0.863347,0.496639,5.91,1.000,0.807,0.651
-0.156805,-0.539694,0.827129,5.55,1.000,0.990,0.969
-0.176920,0.420073,0.890078,3.14,0.814,0.869,1.000
-0.055972,-0.940427,0.335358,5.41,0.775,0.845,1.000
-0.189657,0.038146,0.981109,6.17,0.867,0.901,1.000
-0.186639,-0.108780,0.976388,6.09,1.000,0.854,0.737
-0.188503,0.021127,0.981845,5.88,0.807,0.865,1.000
-0.188183,-0.007771,0.982103,4.73,1.000,0.847,0.724
-0.122029,-0.726981,0.675727,5.48,1.000,0.915,0.844
-0.062457,-0.925676,0.373125,4.78,1.000,0.834,0.701
-0.156036,0.599152,0.785283,3.16,1.000,0.796,0.630
-0.175862,0.402631,0.898310,5.96,1.000,0.817,0.670
-0.128338,-0.696285,0.706198,5.76,0.772,0.844,1.000
-0.093738,0.890010,0.446202,5.56,0.863,0.898,1.000
-0.152375,-0.538084,0.829004,6.36,0.839,0.884,1.000
-0.112837,-0.766754,0.631946,6.27,0.976,0.963,1.000
-0.166062,-0.411307,0.896242,5.20,1.000,0.854,0.737
-0.166078,-0.411262,0.896260,6.80,1.000,0.987,0.965
-0.145945,-0.573429,0.806150,5.91,1.000,0.866,0.758
-0.126263,-0.697454,0.705419,6.65,0.859,0.896,1.000
-0.173582,-0.280867,0.943919,6.43,1.000,0.763,0.567
-0.019735,-0.987301,0.157631,5.88,1.000,0.761,0.564
-0.169221,0.392190,0.904186,6.45,1.000,0.963,0.925
-0.155087,0.546102,0.823238,4.82,0.736,0.821,1.000
-0.173633,0.297676,0.938744,6.00,0.791,0.855,1.000
-0.176370,0.188486,0.966109,5.03,1.000,0.779,0.598
-0.177453,0.106009,0.978403,6.51,0.960,0.954,1.000
-0.165833,-0.304970,0.937813,6.02,0.801,0.861,1.000
-0.146100,0.605873,0.782031,4.65,0.804,0.863,1.000
-0.121191,0.762568,0.635455,7.48,1.000,0.963,0.925
-0.085346,-0.848143,0.522847,5.88,1.000,0.860,0.747
-0.172759,-0.103092,0.979554,6.32,1.000,0.905,0.826
-0.071314,-0.889928,0.450492,5.70,0.745,0.826,1.000
-0.161545,-0.331054,0.929681,6.52,1.000,0.968,0.934
-0.088387,-0.834129,0.544441,5.80,1.000,0.874,0.771
-0.156620,0.482106,0.862000,5.65,1.000,0.878,0.778
-0.140702,0.626759,0.766405,5.94,1.000,0.874,0.771
-0.157968,-0.360205,0.919401,4.39,0.960,0.954,1.000
-0.165830,-0.222347,0.960761,4.33,0.797,0.859,1.000
-0.075961,-0.871844,0.483858,5.77,0.763,0.838,1.000
-0.092436,0.871818,0.481030,6.32,1.000,0.856,0.741
-0.166921,-0.185600,0.968344,6.46,0.921,0.932,1.000
-0.128171,-0.612976,0.779636,6.41,1.000,0.953,0.908
-0.107880,-0.736904,0.667334,5.25,0.754,0.832,1.000
-0.163809,0.309967,0.936529,5.00,1.000,0.768,0.578
-0.149546,-0.422609,0.893889,3.27,0.720,0.811,1.000
-0.131471,-0.586514,0.799198,6.47,1.000,0.979,0.951
-0.156050,0.431102,0.888707,5.38,0.797,0.859,1.000
-0.128293,-0.604885,0.785910,5.93,1.000,0.858,0.744
-0.154480,0.414684,0.896757,5.12,0.778,0.847,1.000
-0.144112,0.536825,0.831294,5.39,1.000,0.958,0.917
-0.140371,-0.471675,0.870528,5.35,1.000,0.779,0.598
-0.111551,-0.696696,0.708641,5.12,0.769,0.842,1.000
-0.085366,-0.824423,0.559500,2.85,1.000,0.793,0.624
-0.083294,-0.832704,0.547418,3.34,0.748,0.828,1.000
-0.159888,0.287876,0.944226,6.35,1.000,0.770,0.581
-0.119055,0.722253,0.681305,5.59,1.000,0.776,0.592
-0.161227,-0.041672,0.986037,6.29,1.000,0.943,0.892
-0.146501,0.481112,0.864331,6.35,1.000,0.938,0.884
-0.114164,0.745340,0.656837,6.43,0.993,0.973,1.000
-0.093752,-0.773106,0.627310,5.23,1.000,0.862,0.751
-0.127382,0.642446,0.755670,5.51,1.000,0.943,0.892
-0.124913,-0.569228,0.812636,6.16,0.794,0.857,1.000
-0.062853,-0.891295,0.449047,6.24,0.760,0.836,1.000
-0.142799,-0.365554,0.919771,5.85,1.000,0.888,0.796
-0.145869,-0.316408,0.937341,6.21,0.797,0.859,1.000
-0.138301,-0.410617,0.901258,6.19,1.000,0.854,0.737
-0.088607,-0.787464,0.609958,6.19,0.778,0.847,1.000
-0.154741,0.153896,0.975895,5.77,1.000,0.827,0.689
-0.100386,-0.717441,0.689348,5.29,0.766,0.840,1.000
-0.090454,-0.773069,0.627840,5.92,0.814,0.869,1.000
-0.098982,0.803031,0.587659,5.67,1.000,0.791,0.621
-0.143605,0.390093,0.909508,5.74,0.863,0.898,1.000
-0.147974,0.280685,0.948325,5.71,0.811,0.867,1.000
-0.148329,0.269023,0.951644,6.35,0.781,0.849,1.000
-0.085219,-0.791194,0.605599,5.75,1.000,0.841,0.714
-0.125798,0.603857,0.787103,5.47,1.000,0.963,0.925
-0.125782,0.603846,0.787114,4.52,0.778,0.847,1.000
-0.133389,-0.409529,0.902493,4.17,0.894,0.917,1.000
-0.077896,-0.820848,0.565811,5.94,1.000,0.852,0.734
-0.122163,0.623645,0.772103,6.49,1.000,0.931,0.872
-0.147899,-0.028823,0.988582,6.44,1.000,1.000,0.988
-0.129343,-0.437482,0.889876,6.44,0.769,0.842,1.000
-0.123457,0.601145,0.789546,6.28,1.000,0.898,0.814
-0.123105,-0.497988,0.858402,4.29,0.968,0.959,1.000
-0.144512,-0.088663,0.985523,4.54,0.960,0.954,1.000
-0.122268,-0.495829,0.859770,6.00,0.788,0.853,1.000
-0.141798,0.290994,0.946158,5.98,1.000,0.768,0.578
-0.139937,-0.216653,0.966167,6.21,1.000,0.987,0.965
-0.145158,0.132180,0.980540,6.06,1.000,0.968,0.934
-0.145207,0.072199,0.986764,4.34,1.000,0.786,0.613
-0.131783,0.452106,0.882175,6.41,0.821,0.873,1.000
-0.061582,-0.871932,0.485740,3.62,0.757,0.834,1.000
-0.108235,-0.598721,0.793611,6.02,1.000,0.852,0.734
-0.135506,0.343346,0.929383,5.54,0.748,0.828,1.000
-0.104062,-0.622742,0.775476,6.39,0.817,0.871,1.000
-0.137583,-0.142773,0.980146,6.37,1.000,0.968,0.934
-0.067974,-0.837915,0.541552,5.95,0.763,0.838,1.000
-0.118794,0.569220,0.813558,5.94,0.785,0.851,1.000
-0.135591,0.005769,0.990748,5.44,0.867,0.901,1.000
-0.101208,-0.605931,0.789053,2.69,0.720,0.811,1.000
-0.096287,0.746174,0.658752,5.85,0.828,0.878,1.000
-0.078980,-0.764653,0.639585,2.95,0.736,0.821,1.000
-0.074468,0.866447,0.493684,5.65,0.797,0.859,1.000
-0.130734,-0.103135,0.986038,6.37,1.000,0.888,0.796
-0.085148,-0.719781,0.688960,6.03,1.000,0.909,0.833
-0.076712,0.854023,0.514549,6.51,0.835,0.882,1.000
-0.128788,-0.018543,0.991499,5.31,1.000,0.934,0.876
-0.102143,-0.554885,0.825633,6.44,1.000,0.838,0.708
-0.058684,0.922581,0.381314,6.43,1.000,0.924,0.860
-0.113674,-0.406143,0.906712,4.81,0.788,0.853,1.000
-0.110292,-0.442597,0.889912,6.05,0.769,0.842,1.000
-0.126129,0.206631,0.970255,6.39,0.807,0.865,1.000
-0.099239,-0.563234,0.820317,6.17,0.933,0.939,1.000
-0.088070,-0.658343,0.747548,5.84,0.807,0.865,1.000
-0.124521,0.047533,0.991078,5.59,1.000,0.907,0.829
-0.053419,-0.864679,0.499476,6.28,0.763,0.838,1.000
-0.114337,0.440105,0.890637,4.41,1.000,0.796,0.630
-0.091639,-0.603262,0.792261,1.63,0.720,0.811,1.000
-0.108278,0.517405,0.848863,5.61,1.000,0.884,0.789
-0.030029,0.985218,0.168651,5.72,1.000,0.786,0.613
-0.064118,-0.802326,0.593433,6.10,0.794,0.857,1.000
-0.099344,0.627722,0.772073,6.43,1.000,0.993,0.974
-0.118178,0.206721,0.971237,6.42,0.785,0.851,1.000
-0.107855,0.475739,0.872949,5.62,0.788,0.853,1.000
-0.114798,-0.100096,0.988333,5.62,0.850,0.891,1.000
-0.092800,-0.538501,0.837499,5.70,0.801,0.861,1.000
-0.078671,0.791238,0.606426,2.79,1.000,0.878,0.778
-0.072961,-0.725441,0.684406,4.59,0.778,0.847,1.000
-0.100645,0.563105,0.820233,6.56,1.000,0.951,0.904
-0.083971,-0.607930,0.789538,6.48,0.791,0.855,1.000
-0.067727,0.846903,0.527417,6.40,1.000,0.963,0.925
-0.109407,0.329800,0.937690,5.64,1.000,0.995,0.979
-0.110072,0.280960,0.953386,5.69,1.000,0.872,0.768
-0.110628,0.256149,0.960286,6.48,1.000,0.771,0.584
-0.107742,-0.194952,0.974877,5.55,0.794,0.857,1.000
-0.099669,-0.375317,0.921522,6.57,0.791,0.855,1.000
-0.079798,-0.624361,0.777050,4.29,1.000,0.856,0.741
-0.063056,-0.766717,0.638881,5.93,1.000,0.854,0.737
-0.109007,0.166539,0.979991,5.81,0.794,0.857,1.000
-0.055422,-0.814118,0.578048,5.25,0.859,0.896,1.000
-0.087982,0.659262,0.746748,5.74,1.000,0.856,0.741
-0.106655,0.284080,0.952850,6.40,1.000,0.963,0.925
0.000571,-0.996514,0.083420,6.45,1.000,0.978,1.000
-0.072259,-0.681970,0.727802,1.87,0.968,0.959,1.000
-0.069143,0.820991,0.566738,4.88,0.885,0.911,1.000
-0.068940,0.820881,0.566923,4.87,0.894,0.917,1.000
-0.106537,0.217462,0.970237,2.08,0.839,0.884,1.000
-0.077352,-0.616563,0.783497,6.26,1.000,0.827,0.689
-0.069782,-0.680472,0.729444,6.10,0.769,0.842,1.000
-0.097615,0.358305,0.928488,6.10,0.854,0.893,1.000
-0.061823,0.843943,0.532858,6.17,1.000,0.966,0.930
-0.094136,-0.265533,0.959495,3.54,0.885,0.911,1.000
-0.093987,-0.268434,0.958702,5.94,0.946,0.946,1.000
-0.084160,0.606012,0.790991,6.10,1.000,0.878,0.778
-0.091631,0.472316,0.876654,6.38,1.000,0.963,0.925
-0.020864,-0.952240,0.304635,6.49,1.000,0.995,0.979
-0.045443,0.928064,0.369638,5.05,1.000,0.858,0.744
-0.095552,-0.141228,0.985355,4.62,0.824,0.875,1.000
-0.093433,-0.189548,0.977416,5.75,1.000,0.831,0.695
-0.055588,-0.759448,0.648189,4.77,0.968,0.959,1.000
-0.087519,0.511822,0.854622,6.02,0.843,0.886,1.000
-0.089254,0.411673,0.906950,5.77,0.824,0.875,1.000
-0.055751,-0.730424,0.680715,5.79,0.785,0.851,1.000
-0.051337,0.881921,0.468593,5.23,1.000,0.961,0.921
-0.067347,0.749944,0.658064,5.37,1.000,0.845,0.721
-0.090829,0.035389,0.995238,6.26,1.000,0.868,0.761
-0.049715,-0.771742,0.633990,6.24,1.000,0.748,0.539
-0.089192,0.230545,0.968965,6.12,1.000,0.974,0.943
-0.086240,-0.037559,0.995566,6.19,1.000,0.761,0.564
-0.077593,0.540820,0.837552,6.37,1.000,0.963,0.925
-0.059298,-0.629727,0.774550,2.41,0.720,0.811,1.000
-0.078967,-0.222830,0.971654,4.26,0.814,0.869,1.000
-0.026562,-0.904261,0.426154,3.62,1.000,0.838,0.708
-0.059749,-0.601060,0.796968,5.54,1.000,0.779,0.598
-0.074703,0.518064,0.852073,6.03,1.000,0.774,0.589
-0.042715,-0.786226,0.616462,5.15,1.000,0.938,0.884
-0.035261,-0.843816,0.535473,6.01,1.000,0.894,0.807
-0.061697,-0.545387,0.835911,6.40,1.000,0.741,0.526
-0.062152,0.719417,0.691792,3.80,0.733,0.819,1.000
-0.079150,0.261820,0.961866,6.34,0.797,0.859,1.000
-0.079979,0.109956,0.990713,5.95,1.000,0.826,0.685
-0.071930,0.519333,0.851540,6.28,1.000,0.864,0.754
-0.074982,0.414905,0.906770,6.36,1.000,0.836,0.705
-0.064363,-0.467686,0.881548,6.36,1.000,0.998,0.983
-0.075528,0.274831,0.958521,5.52,0.953,0.950,1.000
-0.067126,-0.369476,0.926812,4.87,1.000,0.998,0.983
-0.036375,0.932059,0.360476,4.80,0.993,0.973,1.000
-0.049003,-0.678530,0.732936,5.87,0.843,0.886,1.000
-0.035483,0.937104,0.347241,6.42,1.000,0.968,0.934
-0.061274,0.687985,0.723133,6.59,1.000,0.963,0.925
-0.068631,-0.233592,0.969910,6.39,0.946,0.946,1.000
-0.070161,-0.123245,0.989893,6.30,0.953,0.950,1.000
-0.069486,0.415712,0.906838,5.52,1.000,0.793,0.624
-0.071820,0.079629,0.994234,2.77,1.000,0.843,0.717
-0.070268,0.246914,0.966486,6.24,0.984,0.968,1.000
-0.045655,0.841608,0.538156,6.77,1.000,0.890,0.800
-0.030009,0.953485,0.299943,5.86,1.000,0.872,0.768
-0.050212,0.786052,0.616118,5.99,1.000,0.864,0.754
-0.066100,0.411956,0.908803,5.71,1.000,0.951,0.904
-0.067222,0.045005,0.996723,6.17,0.811,0.867,1.000
-0.067120,0.044995,0.996730,6.56,1.000,0.963,0.925
-0.066346,0.248864,0.966263,6.19,0.863,0.898,1.000
-0.052942,0.695718,0.716362,6.34,1.000,0.780,0.601
-0.044189,-0.617196,0.785567,6.43,0.781,0.849,1.000
-0.028146,-0.823153,0.567122,6.11,0.894,0.917,1.000
-0.041400,-0.644483,0.763497,3.03,1.000,0.987,0.965
-0.047978,-0.466863,0.883027,4.54,1.000,0.915,0.844
-0.049326,-0.382330,0.922709,6.18,1.000,0.788,0.615
-0.041227,0.806977,0.589141,5.75,0.791,0.855,1.000
-0.053269,0.522569,0.850931,6.23,0.788,0.853,1.000
-0.052246,-0.254194,0.965741,5.94,0.804,0.863,1.000
-0.044843,-0.453602,0.890076,6.35,0.828,0.878,1.000
-0.024662,-0.805020,0.592734,5.92,0.763,0.838,1.000
-0.052275,0.465160,0.883682,3.42,1.000,0.927,0.864
-0.018249,-0.867457,0.497178,5.78,1.000,0.874,0.771
-0.047879,0.627710,0.776973,6.52,1.000,0.874,0.771
-0.047311,0.633685,0.772143,6.68,1.000,0.804,0.645
-0.053457,0.303987,0.951175,5.72,0.791,0.855,1.000
-0.040170,-0.525521,0.849832,4.83,0.775,0.845,1.000
-0.052742,0.047232,0.997491,3.75,0.801,0.861,1.000
-0.035309,-0.602419,0.797399,3.21,1.000,0.841,0.714
-0.032748,-0.643998,0.764326,4.81,0.885,0.911,1.000
-0.023076,-0.800005,0.599550,6.09,0.788,0.853,1.000
-0.050757,0.066346,0.996505,6.22,0.843,0.886,1.000
-0.012114,-0.909883,0.414688,6.49,1.000,0.858,0.744
-0.002401,-0.971041,0.238903,6.07,1.000,0.836,0.705
-0.024133,0.951856,0.305593,4.58,0.984,0.968,1.000
-0.024085,0.951899,0.305463,5.79,1.000,0.982,0.956
-0.047314,0.351279,0.935075,5.69,1.000,0.886,0.793
-0.046578,0.034221,0.998328,6.47,1.000,0.829,0.692
-0.025206,-0.714479,0.699202,6.11,1.000,0.884,0.789
-0.037823,0.738599,0.673083,6.43,0.824,0.875,1.000
-0.046124,0.329778,0.942931,6.12,0.794,0.857,1.000
-0.027927,-0.653057,0.756793,5.96,1.000,0.773,0.587
-0.043967,0.432444,0.900588,5.12,1.000,0.843,0.717
-0.033025,-0.508399,0.860488,6.66,0.801,0.861,1.000
0.003517,-0.988981,0.148003,6.35,1.000,0.786,0.613
-0.027846,-0.570702,0.820685,5.90,0.757,0.834,1.000
-0.027609,-0.565207,0.824487,5.84,1.000,0.849,0.727
-0.023090,-0.669087,0.742825,6.20,1.000,0.979,0.951
-0.039582,0.207001,0.977540,6.17,1.000,0.827,0.689
-0.025933,-0.560844,0.827515,6.06,1.000,0.831,0.695
-0.025254,-0.573842,0.818576,6.45,0.794,0.857,1.000
-0.024947,-0.582466,0.812472,6.03,0.927,0.936,1.000
-0.036580,0.489721,0.871112,5.50,1.000,0.864,0.754
-0.037099,0.379721,0.924357,5.98,1.000,0.963,0.925
-0.030138,0.774736,0.631566,5.02,0.794,0.857,1.000
-0.023927,-0.569718,0.821492,6.17,0.778,0.847,1.000
-0.023659,-0.572078,0.819858,5.60,1.000,0.847,0.724
-0.034928,-0.021582,0.999157,6.35,1.000,0.851,0.731
-0.022365,-0.570511,0.820986,6.38,0.788,0.853,1.000
-0.031895,-0.107021,0.993745,6.21,1.000,0.802,0.642
-0.021812,-0.570033,0.821332,5.96,0.785,0.851,1.000
-0.021600,-0.571167,0.820549,6.42,0.791,0.855,1.000
-0.028804,0.747730,0.663377,6.68,0.754,0.832,1.000
-0.033764,0.264308,0.963847,6.46,1.000,0.963,0.925
-0.029731,-0.189091,0.981509,6.18,1.000,0.852,0.734
-0.032318,0.022775,0.999218,5.95,1.000,0.774,0.589
-0.019952,-0.565923,0.824217,5.96,0.785,0.851,1.000
-0.029264,0.643756,0.764671,6.46,1.000,0.963,0.925
-0.029339,0.106288,0.993902,5.77,0.984,0.968,1.000
-0.017080,-0.594484,0.803926,6.06,0.814,0.869,1.000
-0.020185,-0.420834,0.906913,6.20,0.801,0.861,1.000
-0.026480,0.642550,0.765786,6.04,1.000,0.814,0.664
-0.023910,0.727094,0.686121,6.38,1.000,0.856,0.741
-0.010017,-0.698943,0.715108,4.86,1.000,0.834,0.701
-0.024672,0.193045,0.980880,6.38,1.000,0.984,1.000
-0.022383,0.642895,0.765627,5.16,1.000,0.840,0.711
-0.010215,-0.646864,0.762537,6.43,1.000,0.797,0.633
-0.016865,-0.322302,0.946487,6.52,0.804,0.863,1.000
-0.012712,-0.470477,0.882321,5.80,0.863,0.898,1.000
-0.015463,-0.272490,0.962034,5.89,0.804,0.863,1.000
-0.007182,-0.665440,0.746417,4.88,1.000,0.764,0.570
-0.006893,-0.631176,0.775609,6.29,0.791,0.855,1.000
-0.016113,0.011698,0.999802,5.82,0.817,0.871,1.000
-0.017953,0.439155,0.898232,5.46,0.927,0.936,1.000
-0.013949,-0.071183,0.997366,5.47,1.000,0.843,0.717
-0.016746,0.382106,0.923967,5.58,1.000,0.829,0.692
-0.015430,0.837459,0.546282,3.75,1.000,0.840,0.711
-0.012777,0.001159,0.999918,5.97,0.821,0.873,1.000
-0.013295,0.112991,0.993507,6.29,0.788,0.853,1.000
-0.003747,-0.599839,0.800112,5.74,1.000,0.894,0.807
-0.005157,-0.481129,0.876635,6.01,0.763,0.838,1.000
-0.003442,-0.503820,0.863802,5.16,1.000,0.747,0.536
-0.003424,-0.503824,0.863799,7.04,1.000,0.862,0.751
-0.013012,0.605302,0.795890,3.86,1.000,0.810,0.657
-0.010927,0.191566,0.981419,6.36,0.824,0.875,1.000
-0.011008,0.406670,0.913509,6.30,1.000,0.956,0.913
-0.004185,-0.169756,0.985477,3.34,1.000,0.876,0.775
-0.011243,0.828758,0.559494,6.10,0.915,0.929,1.000
-0.000825,-0.403803,0.914846,4.76,0.775,0.845,1.000
-0.010381,0.974224,0.225345,5.04,1.000,0.993,0.974
-0.009792,0.711423,0.702696,6.02,1.000,0.765,0.572
-0.008509,0.488587,0.872473,3.70,1.000,0.886,0.793
0.000007,-0.347577,0.937652,6.21,1.000,0.802,0.642
-0.009219,0.782487,0.622598,2.23,1.000,0.783,0.607
-0.001688,-0.084050,0.996460,5.87,1.000,0.777,0.595
-0.005645,0.502861,0.864349,4.41,0.960,0.954,1.000
0.006341,-0.593107,0.805099,6.30,0.778,0.847,1.000
0.001127,0.010986,0.999939,6.37,0.839,0.884,1.000
0.002105,-0.064363,0.997924,4.62,0.953,0.950,1.000
-0.004555,0.591841,0.806042,6.00,1.000,0.886,0.793
0.001146,0.076173,0.997094,4.64,0.778,0.847,1.000
0.000237,0.288210,0.957567,4.67,1.000,0.826,0.685
0.002811,0.051145,0.998687,3.97,0.794,0.857,1.000
0.005774,-0.294990,0.955483,6.28,1.000,0.743,0.528
0.007670,-0.387203,0.921963,5.77,0.788,0.853,1.000
-0.008686,0.979246,0.202487,6.24,1.000,0.796,0.630
-0.003452,0.712958,0.701198,6.48,0.763,0.838,1.000
0.003824,0.109185,0.994014,6.34,0.763,0.838,1.000
0.001899,0.333903,0.942606,6.50,0.769,0.842,1.000
0.009890,-0.999127,0.040586,5.28,1.000,0.822,0.679
0.004016,0.260392,0.965495,6.26,1.000,0.941,0.888
0.007648,0.022779,0.999711,4.45,0.794,0.857,1.000
0.011342,-0.411232,0.911460,5.34,1.000,0.984,0.960
-0.006488,0.951083,0.308866,5.45,0.904,0.923,1.000
0.002215,0.547766,0.836629,5.99,1.000,0.785,0.610
0.012188,-0.386201,0.922334,6.74,0.772,0.844,1.000
-0.000194,0.713267,0.700892,5.67,1.000,0.776,0.592
0.006079,0.368048,0.929787,5.18,1.000,0.884,0.789
0.006113,0.368052,0.929785,4.96,0.828,0.878,1.000
0.011973,-0.969835,0.243467,5.86,1.000,0.829,0.692
0.012041,-0.093389,0.995557,6.76,0.843,0.886,1.000
0.013316,-0.142288,0.989736,5.94,1.000,0.963,0.925
0.013309,-0.142293,0.989735,5.24,0.953,0.950,1.000
-0.006205,0.966693,0.255863,6.36,1.000,0.878,0.778
0.015395,-0.412477,0.910838,5.97,0.788,0.853,1.000
0.005828,0.549189,0.835678,6.15,1.000,0.779,0.598
0.009726,0.355655,0.934567,5.28,0.760,0.836,1.000
0.017105,-0.586392,0.809847,6.00,1.000,0.843,0.717
0.014632,-0.902961,0.429474,6.41,1.000,0.826,0.685
0.010053,0.389495,0.920974,6.21,0.757,0.834,1.000
0.019054,-0.493638,0.869459,4.69,1.000,0.920,0.852
0.018562,-0.767072,0.641293,3.66,0.763,0.838,1.000
0.013337,0.335666,0.941887,6.50,0.791,0.855,1.000
0.016602,-0.896241,0.443256,4.35,0.867,0.901,1.000
0.021851,-0.506398,0.862023,2.99,1.000,0.874,0.771
0.020153,0.033490,0.999236,6.14,0.788,0.853,1.000
0.022566,-0.588064,0.808500,5.95,1.000,0.958,0.917
0.021641,-0.687401,0.725956,5.77,0.867,0.901,1.000
0.021641,-0.687401,0.725956,5.77,1.000,0.963,0.925
0.015418,-0.959666,0.280718,5.85,1.000,1.000,0.988
0.023777,0.043610,0.998766,4.03,1.000,0.902,0.822
0.009113,0.748544,0.663022,6.21,0.797,0.859,1.000
0.018622,0.405820,0.913763,6.34,0.904,0.923,1.000
0.026433,-0.144769,0.989112,5.85,0.863,0.898,1.000
0.027188,-0.082832,0.996193,5.77,1.000,0.882,0.786
0.026714,-0.007796,0.999613,6.34,1.000,0.862,0.751
0.024417,0.207978,0.977829,7.04,0.904,0.923,1.000
0.025871,-0.716512,0.697095,6.15,0.763,0.838,1.000
0.022350,-0.857527,0.513954,6.38,1.000,0.779,0.598
0.021367,-0.882966,0.468951,5.49,1.000,0.968,0.934
0.029196,-0.365590,0.930318,6.28,0.828,0.878,1.000
0.022317,0.368886,0.929207,6.15,1.000,0.831,0.695
0.015756,0.643912,0.764937,6.52,1.000,1.000,0.988
0.024361,0.378146,0.925425,5.06,1.000,0.774,0.589
0.031002,-0.476502,0.878626,4.57,1.000,0.886,0.793
0.016268,0.668439,0.743589,6.34,0.885,0.911,1.000
0.021504,0.533327,0.845635,5.71,1.000,0.843,0.717
0.032541,-0.294944,0.954960,5.52,1.000,0.852,0.734
0.031506,0.151845,0.987902,4.64,1.000,0.882,0.786
0.031619,0.166147,0.985594,3.73,0.828,0.878,1.000
0.032794,-0.597240,0.801392,6.58,0.778,0.847,1.000
0.035056,-0.430078,0.902111,6.61,0.794,0.857,1.000
0.020702,-0.944097,0.329017,6.73,0.778,0.847,1.000
0.026390,0.508470,0.860675,5.04,1.000,0.984,0.960
0.033174,0.226160,0.973525,6.63,0.811,0.867,1.000
0.036692,-0.540530,0.840524,6.43,1.000,0.870,0.765
0.032626,-0.737431,0.674634,6.07,1.000,0.836,0.705
0.028848,0.481180,0.876147,3.83,0.778,0.847,1.000
0.037851,-0.510972,0.858763,5.53,1.000,0.880,0.782
0.030655,0.439961,0.897494,5.86,0.828,0.878,1.000
0.030656,0.439900,0.897523,5.90,0.835,0.882,1.000
0.034053,-0.718787,0.694396,4.53,1.000,0.872,0.768
0.036194,0.246741,0.968405,6.37,0.847,0.889,1.000
0.041165,-0.240812,0.969699,6.39,1.000,0.799,0.636
0.036317,-0.660777,0.749703,5.86,0.899,0.920,1.000
0.035713,0.355343,0.934054,4.36,0.739,0.823,1.000
0.039579,-0.556292,0.830044,6.16,0.745,0.826,1.000
-0.007201,0.998226,0.059106,4.36,0.794,0.857,1.000
0.018993,0.775196,0.631436,6.29,1.000,0.866,0.758
0.023685,0.687869,0.725448,5.00,1.000,0.892,0.803
0.020044,0.762787,0.646339,6.32,1.000,0.963,0.925
0.028219,0.593438,0.804385,5.48,1.000,0.841,0.714
0.036397,0.342763,0.938717,5.10,0.839,0.884,1.000
0.041615,0.069640,0.996704,5.73,0.946,0.946,1.000
0.027580,-0.896405,0.442377,6.47,1.000,0.801,0.639
0.043119,0.054423,0.997587,5.69,1.000,0.998,0.983
0.046141,-0.339431,0.939499,6.36,0.843,0.886,1.000
0.034477,0.507079,0.861210,6.38,1.000,0.838,0.708
0.046469,0.057985,0.997235,5.51,1.000,0.838,0.708
0.046818,-0.401966,0.914457,4.98,1.000,0.864,0.754
0.045703,-0.483304,0.874259,6.51,0.785,0.851,1.000
0.042434,0.283625,0.957996,6.09,1.000,0.963,0.925
0.043255,-0.660475,0.749601,5.47,0.736,0.821,1.000
0.030981,-0.891446,0.452066,5.60,1.000,0.890,0.800
0.032877,0.621934,0.782379,6.40,1.000,0.900,0.818
0.035021,0.594351,0.803443,5.58,1.000,0.892,0.803
0.029124,-0.928675,0.369750,6.33,0.775,0.845,1.000
0.000043,0.984810,0.173634,6.04,1.000,0.987,0.965
0.000116,0.984820,0.173577,5.68,1.000,0.990,0.969
-0.006721,0.998600,0.052464,5.79,0.880,0.909,1.000
0.056009,-0.359327,0.931529,3.86,0.871,0.903,1.000
0.057278,-0.069960,0.995904,6.59,0.889,0.914,1.000
0.042766,0.551165,0.833300,5.88,0.791,0.855,1.000
0.044309,0.521088,0.852352,4.97,1.000,0.764,0.570
0.057789,-0.369958,0.927249,5.44,1.000,0.783,0.607
0.026802,0.811948,0.583115,5.95,1.000,0.886,0.793
0.049624,-0.697249,0.715110,5.46,1.000,0.882,0.786
0.041720,-0.829265,0.557296,5.33,0.772,0.844,1.000
0.053721,0.372668,0.926408,6.12,1.000,0.791,0.621
0.046610,-0.777896,0.626662,6.06,0.769,0.842,1.000
0.062045,-0.353937,0.933209,5.38,0.811,0.867,1.000
0.062183,-0.348377,0.935290,5.95,0.794,0.857,1.000
0.041740,0.657992,0.751867,6.36,1.000,0.868,0.761
0.064082,-0.319975,0.945256,6.07,0.859,0.896,1.000
0.044471,0.626245,0.778357,6.04,0.763,0.838,1.000
0.023946,0.869576,0.493218,6.49,0.788,0.853,1.000
0.037730,-0.897927,0.438524,6.18,1.000,0.968,0.934
0.026530,-0.966125,0.256707,5.47,0.794,0.857,1.000
0.069473,-0.063095,0.995587,6.36,0.859,0.896,1.000
0.056074,0.487970,0.871058,6.56,1.000,0.979,0.951
0.061555,-0.598488,0.798764,3.11,1.000,0.777,0.595
0.063529,-0.560743,0.825549,6.16,0.754,0.832,1.000
0.070102,0.041488,0.996677,6.01,1.000,0.773,0.587
0.066561,-0.479496,0.875016,6.19,0.850,0.891,1.000
0.066771,-0.473922,0.878032,6.40,1.000,0.979,0.951
0.021648,-0.985505,0.168259,5.95,1.000,0.843,0.717
0.071530,-0.298606,0.951692,5.75,1.000,0.774,0.589
0.060187,-0.672862,0.737316,6.30,0.754,0.832,1.000
0.073507,-0.052462,0.995914,6.00,1.000,0.896,0.811
0.072254,-0.316698,0.945771,6.54,0.824,0.875,1.000
0.070088,-0.454651,0.887908,4.65,1.000,0.763,0.567
0.074766,-0.169498,0.982691,6.31,0.953,0.950,1.000
0.074445,0.017554,0.997071,6.63,0.910,0.926,1.000
0.050569,0.671196,0.739553,5.59,0.757,0.834,1.000
0.073480,-0.432160,0.898798,6.51,1.000,0.812,0.660
0.047744,0.709687,0.702898,6.29,1.000,0.958,0.917
0.077327,-0.319281,0.944500,6.84,0.910,0.926,1.000
0.035259,0.834736,0.549521,6.37,0.927,0.936,1.000
0.026186,0.901812,0.431335,5.03,0.953,0.950,1.000
0.076406,0.238143,0.968220,6.30,0.778,0.847,1.000
0.075094,0.311197,0.947374,5.99,0.797,0.859,1.000
0.056357,0.655224,0.753329,6.11,1.000,0.876,0.775
0.072575,0.395492,0.915598,6.63,1.000,0.963,0.925
0.048285,-0.878766,0.474804,4.36,1.000,0.790,0.618
0.072335,-0.608588,0.790182,6.45,1.000,0.817,0.670
0.082827,0.126367,0.988520,5.39,1.000,0.860,0.747
0.084463,-0.272812,0.958353,5.39,1.000,0.791,0.621
0.079361,-0.497399,0.863884,2.70,1.000,0.806,0.648
0.076090,0.413837,0.907165,5.27,1.000,0.782,0.604
0.085048,-0.421273,0.902937,6.25,1.000,0.737,0.517
0.075897,-0.624656,0.777203,5.10,1.000,0.788,0.615
0.088172,-0.323257,0.942195,5.75,1.000,0.886,0.793
0.084299,-0.476085,0.875350,6.16,0.885,0.911,1.000
0.024145,0.932045,0.361538,5.95,1.000,0.862,0.751
0.090772,0.058910,0.994128,4.86,1.000,0.892,0.803
0.075234,0.494945,0.865661,5.99,1.000,0.820,0.676
0.082034,0.373982,0.923801,4.95,1.000,0.773,0.587
0.092730,-0.050574,0.994406,3.26,1.000,0.886,0.793
0.079960,-0.597197,0.798099,5.34,0.745,0.826,1.000
0.050421,-0.891176,0.450847,6.14,0.859,0.896,1.000
0.069967,0.588695,0.805322,4.33,1.000,0.841,0.714
0.093145,0.094731,0.991136,6.13,0.775,0.845,1.000
0.082495,-0.591145,0.802335,5.55,1.000,0.870,0.765
0.075997,-0.696042,0.713968,5.25,0.729,0.817,1.000
0.079173,0.497866,0.863633,5.63,0.863,0.898,1.000
0.080193,0.482824,0.872038,5.12,0.859,0.896,1.000
0.098756,-0.177404,0.979171,6.33,0.835,0.882,1.000
0.086878,-0.564747,0.820678,1.85,0.778,0.847,1.000
0.054260,0.780952,0.622230,6.30,1.000,0.854,0.737
0.098857,-0.208163,0.973086,5.73,0.791,0.855,1.000
0.088617,0.395309,0.914263,5.41,1.000,0.771,0.584
0.096240,0.208405,0.973296,5.89,0.801,0.861,1.000
0.101796,-0.155299,0.982609,4.68,1.000,0.884,0.789
0.094620,0.306138,0.947273,5.25,1.000,0.824,0.682
0.059484,0.762957,0.643707,6.40,1.000,0.860,0.747
0.096169,0.287161,0.953043,6.22,1.000,0.836,0.705
0.093648,-0.511393,0.854229,5.60,1.000,0.847,0.724
0.089354,-0.587668,0.804153,6.15,1.000,0.874,0.771
0.104577,-0.062500,0.992551,6.38,0.927,0.936,1.000
0.061433,0.756101,0.651565,5.05,1.000,0.763,0.567
0.106754,-0.123173,0.986627,6.31,1.000,0.843,0.717
0.093586,-0.558401,0.824275,6.30,0.763,0.838,1.000
0.078175,-0.744509,0.663020,5.46,1.000,0.907,0.829
0.095858,0.370877,0.923722,3.84,1.000,0.840,0.711
0.103366,-0.350888,0.930695,4.81,1.000,0.817,0.670
0.081615,-0.718956,0.690248,3.51,0.736,0.821,1.000
0.108609,-0.027563,0.993702,6.15,0.946,0.946,1.000
0.039541,-0.961096,0.273370,5.89,1.000,0.878,0.778
0.109072,0.088629,0.990075,6.74,0.794,0.857,1.000
0.081386,0.625776,0.775745,6.36,1.000,0.963,0.925
0.110576,0.139725,0.983997,5.65,1.000,0.890,0.800
0.081418,0.636175,0.767236,5.12,0.797,0.859,1.000
0.096562,0.460127,0.882587,6.27,0.804,0.863,1.000
0.082199,-0.755520,0.649948,4.13,1.000,0.870,0.765
0.109042,0.258257,0.959903,6.37,0.791,0.855,1.000
0.105079,-0.497222,0.861237,5.92,1.000,0.984,0.960
0.069960,-0.843608,0.532383,5.76,1.000,0.878,0.778
0.107892,-0.448301,0.887348,6.31,0.885,0.911,1.000
0.096236,-0.629260,0.771214,5.64,0.832,0.880,1.000
0.061940,0.801784,0.594395,6.32,0.843,0.886,1.000
0.026111,-0.989796,0.140082,6.27,0.748,0.828,1.000
0.109952,-0.429277,0.896455,2.81,1.000,0.866,0.758
0.109219,-0.450211,0.886217,6.27,0.843,0.886,1.000
0.091687,-0.692720,0.715355,6.36,1.000,0.894,0.807
0.063480,-0.885218,0.460825,4.64,0.754,0.832,1.000
0.098130,0.497411,0.861947,5.83,0.807,0.865,1.000
0.118439,0.003423,0.992955,5.21,1.000,0.990,0.969
0.115795,-0.305695,0.945062,6.20,0.791,0.855,1.000
0.028943,0.947421,0.318677,4.22,0.757,0.834,1.000
0.099225,-0.627299,0.772432,6.63,0.781,0.849,1.000
0.088445,-0.733970,0.673398,5.70,1.000,0.826,0.685
0.053942,0.855369,0.515203,4.98,0.814,0.869,1.000
0.103999,0.445408,0.889267,6.53,0.754,0.832,1.000
0.120910,0.065379,0.990508,6.07,1.000,0.768,0.578
0.112692,-0.447473,0.887169,6.50,0.824,0.875,1.000
0.027233,0.954931,0.295577,3.57,1.000,0.993,0.974
0.121072,0.107898,0.986762,5.73,0.778,0.847,1.000
0.115571,-0.426670,0.896993,6.59,0.811,0.867,1.000
0.122974,-0.251492,0.960015,4.70,0.807,0.865,1.000
0.100511,-0.668009,0.737334,6.04,0.835,0.882,1.000
0.125401,-0.251760,0.959631,5.96,0.775,0.845,1.000
0.124427,-0.321091,0.938839,5.66,1.000,0.862,0.751
0.096095,-0.718308,0.689056,4.96,0.754,0.832,1.000
0.129079,-0.034643,0.991029,5.39,1.000,0.882,0.786
0.113399,-0.544480,0.831073,5.34,0.843,0.886,1.000
0.100741,-0.688453,0.718250,5.72,1.000,0.812,0.660
0.097202,-0.716390,0.690896,5.07,0.745,0.826,1.000
0.075630,-0.854542,0.513846,6.44,1.000,0.943,0.892
0.130901,-0.099739,0.986366,6.28,1.000,0.884,0.789
0.130565,0.070893,0.988902,6.69,0.824,0.875,1.000
0.108259,-0.638820,0.761701,5.16,0.814,0.869,1.000
0.117763,0.404601,0.906879,5.90,0.757,0.834,1.000
0.129753,-0.315695,0.939947,5.14,0.788,0.853,1.000
0.046803,0.910421,0.411027,4.82,1.000,0.838,0.708
0.134283,-0.187310,0.973079,5.72,0.876,0.906,1.000
0.131036,-0.327630,0.935675,6.68,1.000,0.849,0.727
0.110145,-0.641345,0.759305,6.22,0.984,0.968,1.000
0.061116,0.862064,0.503100,6.43,1.000,0.963,0.925
0.124810,0.355356,0.926361,6.50,1.000,0.918,0.848
0.107718,-0.673174,0.731597,4.64,1.000,0.872,0.768
0.113262,-0.625519,0.771944,6.32,1.000,0.963,0.925
0.113242,-0.625598,0.771883,5.65,0.769,0.842,1.000
0.090530,-0.797499,0.596489,6.22,1.000,0.827,0.689
0.129311,0.291180,0.947889,5.77,0.801,0.861,1.000
0.136101,-0.252815,0.957894,6.37,0.867,0.901,1.000
0.138936,-0.017506,0.990147,5.94,0.843,0.886,1.000
0.139392,0.063831,0.988178,6.43,0.775,0.845,1.000
0.137528,-0.256552,0.956696,5.50,1.000,0.720,0.483
0.123807,-0.544883,0.829322,5.28,0.754,0.832,1.000
0.134570,-0.407255,0.903346,5.49,1.000,0.744,0.531
0.141410,-0.256350,0.956184,5.76,0.801,0.861,1.000
0.144369,-0.102990,0.984150,6.36,0.794,0.857,1.000
0.026164,-0.993204,0.113408,7.16,1.000,0.826,0.685
0.136947,-0.410281,0.901618,6.51,1.000,0.979,0.951
0.130564,0.400620,0.906894,5.84,1.000,0.793,0.624
0.143660,0.143809,0.979122,6.42,0.778,0.847,1.000
0.122943,0.508353,0.852328,5.48,0.757,0.834,1.000
0.143601,-0.355773,0.923474,6.48,0.894,0.917,1.000
0.149509,-0.190419,0.970251,5.14,1.000,0.890,0.800
0.124562,0.513429,0.849044,6.59,0.751,0.830,1.000
0.135866,-0.495446,0.857947,6.37,1.000,0.824,0.682
0.151433,-0.143392,0.978012,3.85,1.000,0.814,0.664
0.085966,0.789251,0.608024,6.56,0.766,0.840,1.000
0.139800,0.349658,0.926388,6.57,0.824,0.875,1.000
0.148501,0.188953,0.970693,6.40,0.814,0.869,1.000
0.145370,0.312390,0.938765,5.78,0.788,0.853,1.000
0.077058,0.839103,0.538487,4.77,1.000,0.961,0.921
0.056502,0.909498,0.411850,6.59,0.904,0.923,1.000
0.141396,0.400438,0.905349,5.61,1.000,0.874,0.771
0.149151,0.291964,0.944728,6.21,1.000,0.982,0.956
0.059455,-0.947924,0.312897,4.01,1.000,0.847,0.724
0.090135,0.791795,0.604099,5.36,1.000,0.856,0.741
0.126232,0.565799,0.814823,6.10,0.754,0.832,1.000
0.156427,0.158546,0.974881,5.39,0.946,0.946,1.000
0.114202,-0.742090,0.660501,5.86,0.871,0.903,1.000
0.158164,0.116184,0.980554,5.45,0.946,0.946,1.000
0.153297,-0.364841,0.918363,5.94,0.854,0.893,1.000
0.160462,-0.242002,0.956915,6.47,0.863,0.898,1.000
0.153372,-0.398829,0.904109,5.81,0.794,0.857,1.000
0.125307,-0.684370,0.718286,5.37,1.000,0.760,0.561
0.158446,0.198028,0.967305,6.42,0.781,0.849,1.000
0.163324,-0.005401,0.986558,5.75,0.811,0.867,1.000
0.043540,-0.977663,0.205619,6.39,1.000,0.963,0.925
0.154982,0.278963,0.947713,6.29,1.000,0.894,0.807
0.078732,-0.903657,0.420957,6.37,0.839,0.884,1.000
0.132724,0.551484,0.823559,5.42,0.757,0.834,1.000
0.157605,-0.359214,0.919851,5.86,1.000,0.943,0.892
0.166488,-0.055710,0.984468,6.49,1.000,0.976,0.947
0.166386,-0.019430,0.985869,6.66,0.984,0.968,1.000
0.125095,0.626381,0.769414,0.03,0.788,0.853,1.000
0.164578,0.153570,0.974336,6.40,1.000,0.815,0.667
0.116381,0.684826,0.719353,6.20,0.876,0.906,1.000
0.081292,-0.902969,0.421946,5.78,1.000,0.882,0.786
0.120310,-0.744253,0.656972,6.49,1.000,0.833,0.698
0.027912,0.976473,0.213826,5.64,1.000,0.840,0.711
0.172081,-0.135552,0.975712,5.84,1.000,0.779,0.598
0.171268,0.091748,0.980943,6.38,1.000,0.920,0.852
0.127405,0.638339,0.759139,6.04,1.000,0.764,0.570
0.171621,0.128074,0.976802,6.28,1.000,0.882,0.786
0.166146,-0.404078,0.899509,6.23,0.871,0.903,1.000
0.083660,-0.905357,0.416329,4.79,0.859,0.896,1.000
0.065297,0.909879,0.409703,6.06,0.894,0.917,1.000
0.175168,-0.251464,0.951883,6.42,1.000,0.913,0.841
0.094695,-0.875422,0.473992,6.04,1.000,0.793,0.624
0.149203,0.512784,0.845453,6.36,1.000,0.963,0.925
0.129727,0.655202,0.744232,6.25,0.769,0.842,1.000
0.075265,0.887226,0.455155,5.74,0.769,0.842,1.000
0.136834,0.620699,0.772016,6.45,0.863,0.898,1.000
0.181124,-0.157339,0.970793,4.72,0.933,0.939,1.000
0.148960,-0.620102,0.770249,5.13,0.817,0.871,1.000
0.107515,-0.837544,0.535687,6.22,1.000,0.806,0.648
0.175735,-0.330249,0.927390,6.35,1.000,0.750,0.542
0.183410,-0.123140,0.975294,6.15,1.000,0.874,0.771
0.012500,0.992914,0.118173,6.17,0.804,0.863,1.000
0.153390,-0.597886,0.786768,6.32,1.000,0.878,0.778
0.062957,-0.956278,0.285603,6.06,0.788,0.853,1.000
0.106123,0.790113,0.603704,6.00,0.766,0.840,1.000
0.156191,-0.582718,0.797524,4.87,0.733,0.819,1.000
0.154046,0.524250,0.837515,6.41,0.775,0.845,1.000
0.149978,-0.638585,0.754795,5.43,1.000,0.900,0.818
0.186794,-0.143929,0.971798,4.90,1.000,0.851,0.731
0.150215,0.569949,0.807833,6.47,0.748,0.828,1.000
0.188850,-0.118727,0.974802,6.31,1.000,0.995,0.979
0.176124,-0.422794,0.888946,5.83,0.804,0.863,1.000
0.088744,-0.906881,0.411937,5.73,0.876,0.906,1.000
0.130600,-0.767103,0.628090,6.54,0.894,0.917,1.000
0.183376,-0.358391,0.915385,6.36,1.000,0.984,1.000
0.176344,-0.453848,0.873456,3.17,0.754,0.832,1.000
0.194244,0.035946,0.980294,5.02,0.769,0.842,1.000
0.145262,0.633385,0.760081,6.45,1.000,0.773,0.587
0.081355,0.889015,0.450593,6.09,1.000,0.878,0.778
0.151900,0.595618,0.788775,6.01,1.000,0.866,0.758
0.161436,0.528833,0.833231,5.70,0.927,0.936,1.000
0.187889,-0.335557,0.923092,6.42,1.000,0.764,0.570
0.185692,-0.380945,0.905759,5.37,1.000,0.765,0.572
0.177493,0.400185,0.899082,6.31,0.968,0.959,1.000
0.196208,0.095841,0.975867,5.83,0.801,0.861,1.000
0.104649,0.824516,0.556077,5.04,0.760,0.836,1.000
0.157484,-0.648201,0.745006,5.24,1.000,0.920,0.852
0.147993,0.638365,0.755373,5.06,0.843,0.886,1.000
0.147985,0.638380,0.755362,6.02,1.000,0.963,0.925
0.148252,0.637600,0.755968,5.14,0.854,0.893,1.000
0.148253,0.637596,0.755971,5.37,1.000,0.963,0.925
0.199300,-0.175796,0.964041,5.71,1.000,0.966,0.930
0.153789,0.610214,0.777166,4.36,0.854,0.893,1.000
0.153913,0.610068,0.777256,5.73,0.894,0.917,1.000
0.183264,0.374364,0.908992,6.51,0.794,0.857,1.000
0.201370,-0.016783,0.979371,5.90,0.832,0.880,1.000
0.111194,0.807701,0.579012,6.11,0.828,0.878,1.000
0.185331,0.350966,0.917865,4.19,1.000,1.000,0.988
0.152960,-0.690630,0.706847,5.49,0.832,0.880,1.000
0.203688,-0.082770,0.975531,4.22,1.000,0.854,0.737
0.178455,0.448730,0.875668,4.83,1.000,0.836,0.705
0.149253,-0.717036,0.680870,5.81,1.000,0.894,0.807
0.204687,-0.099407,0.973767,5.20,1.000,0.791,0.621
0.191630,0.320709,0.927590,6.17,1.000,0.773,0.587
0.155882,-0.687517,0.709240,5.61,0.763,0.838,1.000
0.193563,0.312026,0.930147,4.36,0.832,0.880,1.000
0.175342,-0.569977,0.802734,6.62,1.000,0.858,0.744
0.111999,0.818116,0.564041,6.23,1.000,0.911,0.837
0.200103,-0.318982,0.926396,6.47,1.000,0.963,0.925
0.150147,0.661857,0.734439,6.07,0.748,0.828,1.000
0.105387,-0.884479,0.454522,4.22,0.745,0.826,1.000
0.092995,0.875026,0.475059,5.99,1.000,0.882,0.786
0.207534,0.073959,0.975428,6.21,1.000,0.785,0.610
0.202829,-0.327914,0.922677,6.75,0.859,0.896,1.000
0.201639,-0.347340,0.915804,5.24,1.000,0.801,0.639
0.191717,0.398976,0.896696,6.15,1.000,0.993,0.974
0.140605,0.723148,0.676230,6.52,0.811,0.867,1.000
0.176634,0.526317,0.831740,6.06,0.748,0.828,1.000
0.061603,0.944335,0.323167,6.44,1.000,0.963,0.925
0.213946,-0.103014,0.971399,5.99,1.000,0.771,0.584
0.121864,0.798510,0.589517,5.88,0.760,0.836,1.000
0.214791,0.014588,0.976551,6.25,0.801,0.861,1.000
0.199776,0.330986,0.922246,5.88,0.797,0.859,1.000
0.139884,-0.789164,0.598040,5.17,1.000,0.886,0.793
0.203768,-0.377230,0.903425,6.61,0.953,0.950,1.000
0.215788,-0.137574,0.966700,6.80,1.000,0.716,0.475
0.135265,0.755568,0.640953,6.40,1.000,0.963,0.925
0.193153,0.423352,0.885136,6.59,1.000,0.963,0.925
0.155894,-0.726518,0.669230,5.54,1.000,0.767,0.575
0.141855,-0.787270,0.600069,6.31,0.760,0.836,1.000
0.217389,-0.169765,0.961208,5.83,1.000,0.961,0.921
0.152409,-0.747334,0.646732,6.19,0.835,0.882,1.000
0.137793,0.752041,0.644552,6.12,0.863,0.898,1.000
0.157502,-0.726405,0.668976,6.19,0.797,0.859,1.000
0.183322,0.524419,0.831491,6.64,0.794,0.857,1.000
0.215657,0.190404,0.957726,6.55,1.000,0.963,0.925
0.181064,0.541896,0.820710,5.91,0.739,0.823,1.000
0.221892,-0.057874,0.973352,6.10,0.904,0.923,1.000
0.182015,0.538048,0.823028,5.25,0.814,0.869,1.000
0.202857,-0.448544,0.870435,6.29,1.000,0.886,0.793
0.198304,-0.490591,0.848526,6.13,1.000,0.810,0.657
0.195895,-0.511056,0.836927,6.63,0.772,0.844,1.000
0.181056,0.549938,0.815344,3.45,0.788,0.853,1.000
0.095173,-0.922090,0.375089,4.44,1.000,0.936,0.880
0.151906,-0.764681,0.626249,6.60,0.814,0.869,1.000
0.218432,0.241339,0.945538,6.14,0.788,0.853,1.000
0.226139,-0.166358,0.959784,6.34,0.859,0.896,1.000
0.112341,-0.889425,0.443060,6.48,1.000,0.782,0.604
0.195660,0.481503,0.854325,6.18,1.000,0.840,0.711
0.210487,0.365288,0.906786,5.48,0.766,0.840,1.000
0.217417,-0.364222,0.905578,5.69,1.000,0.831,0.695
0.179400,0.595364,0.783171,6.09,0.754,0.832,1.000
0.215957,-0.386630,0.896593,4.83,1.000,0.801,0.639
0.054407,0.961672,0.268750,5.27,1.000,0.890,0.800
0.169159,0.661094,0.730986,6.28,0.760,0.836,1.000
0.227777,-0.268971,0.935827,5.10,0.847,0.889,1.000
0.219783,-0.385445,0.896174,4.99,1.000,0.814,0.664
0.214095,-0.443019,0.870573,2.02,0.720,0.811,1.000
0.178638,-0.678295,0.712744,5.36,1.000,0.874,0.771
0.134390,0.798373,0.586975,5.51,1.000,0.907,0.829
0.050538,0.967858,0.246367,5.35,0.804,0.863,1.000
0.112820,0.860638,0.496561,4.66,1.000,0.838,0.708
0.230143,-0.281951,0.931417,5.79,0.939,0.943,1.000
0.125703,-0.867770,0.480805,5.14,1.000,0.807,0.651
0.222442,-0.393519,0.891999,5.93,0.781,0.849,1.000
0.194603,-0.606590,0.770830,5.38,0.745,0.826,1.000
0.102666,-0.918124,0.382764,6.01,1.000,0.880,0.782
0.185581,0.601420,0.777080,5.58,0.742,0.825,1.000
0.207118,0.468075,0.859074,5.62,1.000,0.810,0.657
0.218378,0.385020,0.896700,4.59,1.000,0.920,0.852
0.152072,-0.797990,0.583169,4.87,0.772,0.844,1.000
0.238033,0.115202,0.964401,5.57,1.000,0.866,0.758
0.190929,-0.640423,0.743912,6.31,0.859,0.896,1.000
0.145755,0.773932,0.616266,4.92,1.000,0.894,0.807
0.176340,0.659025,0.731157,7.30,1.000,0.963,0.925
0.188393,0.600405,0.777189,4.30,1.000,0.760,0.561
0.196684,0.558739,0.805684,6.02,1.000,0.892,0.803
0.242200,0.073301,0.967453,4.62,0.847,0.889,1.000
0.242299,0.073272,0.967431,4.98,0.859,0.896,1.000
0.243403,-0.031411,0.969416,6.22,0.772,0.844,1.000
0.243501,0.043116,0.968942,6.15,1.000,0.880,0.782
0.231681,-0.352763,0.906577,5.08,0.832,0.880,1.000
0.177321,0.663962,0.726437,5.44,1.000,0.868,0.761
0.230350,0.308934,0.922767,6.63,0.775,0.845,1.000
0.230359,0.310764,0.922150,5.69,1.000,0.856,0.741
0.245132,-0.101857,0.964124,4.83,1.000,0.858,0.744
0.232518,-0.360105,0.903471,3.51,1.000,0.840,0.711
0.215821,-0.515578,0.829217,6.12,1.000,0.810,0.657
0.202115,-0.603312,0.771468,4.87,0.976,0.963,1.000
0.124954,0.843269,0.522766,6.22,1.000,0.831,0.695
0.155775,0.753101,0.639197,5.77,0.993,0.973,1.000
0.228458,-0.420666,0.877979,6.62,0.814,0.869,1.000
0.196961,-0.636546,0.745665,6.49,0.775,0.845,1.000
0.172154,0.693981,0.699108,4.04,1.000,0.773,0.587
0.247081,0.044235,0.967985,5.57,0.788,0.853,1.000
0.232871,-0.383158,0.893846,6.14,0.817,0.871,1.000
0.034544,0.984633,0.171186,6.39,0.894,0.917,1.000
0.099110,-0.932041,0.348535,5.88,1.000,0.974,0.943
0.206767,0.543195,0.813749,5.22,1.000,0.966,0.930
0.250562,0.108698,0.961979,6.21,1.000,1.000,0.988
0.243137,-0.318412,0.916241,6.37,1.000,0.876,0.775
0.239962,0.298388,0.923787,5.38,1.000,0.915,0.844
0.249866,-0.222239,0.942431,5.53,0.775,0.845,1.000
0.246245,0.240341,0.938935,5.89,0.880,0.909,1.000
0.236259,-0.421704,0.875413,6.36,1.000,0.827,0.689
0.210077,-0.602663,0.769848,6.69,1.000,0.963,0.925
0.210136,-0.602678,0.769820,6.40,0.778,0.847,1.000
0.238573,0.338642,0.910167,6.50,0.775,0.845,1.000
0.247829,0.235524,0.939739,5.23,1.000,0.982,0.956
0.251836,0.176068,0.951619,6.75,0.880,0.909,1.000
0.196689,0.619315,0.760107,5.89,0.736,0.821,1.000
0.130551,0.846333,0.516408,5.66,1.000,0.845,0.721
0.248387,0.259971,0.933123,4.02,1.000,0.858,0.744
0.199331,-0.667962,0.717003,6.23,0.788,0.853,1.000
0.214074,0.540085,0.813929,3.24,0.772,0.844,1.000
0.192368,0.651823,0.733568,6.22,0.739,0.823,1.000
0.075398,0.947195,0.311669,4.82,1.000,0.845,0.721
0.231253,0.441984,0.866702,5.27,1.000,0.829,0.692
0.245110,-0.385834,0.889412,6.24,1.000,0.763,0.567
0.238447,0.387752,0.890388,6.29,1.000,0.750,0.542
0.130673,0.850125,0.510110,6.46,0.814,0.869,1.000
0.197923,0.632270,0.749041,6.41,0.736,0.821,1.000
0.255996,-0.263578,0.930050,6.32,1.000,0.874,0.771
0.102008,0.908202,0.405911,5.63,1.000,0.884,0.789
0.201776,-0.670365,0.714071,4.75,0.781,0.849,1.000
0.173280,-0.777350,0.604732,5.93,1.000,0.829,0.692
0.114623,0.886177,0.448946,6.45,1.000,0.888,0.796
0.219195,0.532072,0.817834,4.93,1.000,0.791,0.621
0.264560,-0.099995,0.959171,4.02,1.000,0.856,0.741
0.233943,-0.498189,0.834912,2.60,0.814,0.869,1.000
0.244262,-0.420196,0.873940,5.65,1.000,0.831,0.695
0.160866,0.775049,0.611083,6.30,1.000,0.878,0.778
0.214130,-0.619140,0.755523,5.74,0.915,0.929,1.000
0.248599,0.330675,0.910414,6.39,1.000,0.963,0.925
0.056850,0.969392,0.238846,6.22,1.000,0.963,0.925
0.247315,0.355655,0.901302,6.69,0.794,0.857,1.000
0.197278,0.651889,0.732204,6.65,1.000,0.963,0.925
0.236916,0.442936,0.864684,5.69,0.763,0.838,1.000
0.256522,-0.329613,0.908599,6.05,1.000,0.820,0.676
0.218289,0.556328,0.801779,6.01,1.000,0.880,0.782
0.256955,-0.327273,0.909322,6.37,1.000,0.995,0.979
0.240555,0.423027,0.873603,6.72,1.000,0.963,0.925
0.246634,0.378873,0.891979,6.40,0.843,0.886,1.000
0.265886,0.145637,0.952940,6.30,1.000,0.761,0.564
0.270491,-0.064513,0.960559,5.42,0.788,0.853,1.000
0.165124,0.771998,0.613803,5.38,0.733,0.819,1.000
0.237654,-0.515740,0.823124,5.50,0.797,0.859,1.000
0.221850,0.553702,0.802618,6.39,0.751,0.830,1.000
0.174370,-0.791659,0.585552,5.16,1.000,0.982,0.956
0.273556,0.031740,0.961332,5.83,0.850,0.891,1.000
0.180870,0.730576,0.658441,5.01,0.854,0.893,1.000
0.255127,0.336456,0.906481,6.09,1.000,0.812,0.660
0.258691,-0.370422,0.892113,3.77,1.000,0.872,0.768
0.147726,0.825688,0.544441,5.48,1.000,0.902,0.822
0.275918,0.058096,0.959424,6.73,0.832,0.880,1.000
0.275965,-0.099059,0.956050,6.90,1.000,0.716,0.475
0.110390,-0.929935,0.350763,5.33,1.000,0.892,0.803
0.255725,0.362727,0.896121,6.52,0.915,0.929,1.000
0.191516,-0.746629,0.637077,5.97,0.781,0.849,1.000
0.088852,0.936862,0.338223,6.52,0.742,0.825,1.000
0.278969,-0.070303,0.957723,5.42,1.000,0.851,0.731
0.228032,-0.602697,0.764694,4.93,1.000,0.984,0.960
0.228032,-0.602697,0.764694,4.99,1.000,0.984,0.960
0.013362,-0.999834,0.012377,5.47,0.889,0.914,1.000
0.163867,0.790808,0.589720,6.31,1.000,0.874,0.771
0.272210,-0.269933,0.923601,5.97,0.781,0.849,1.000
0.281029,-0.026400,0.959336,6.53,0.933,0.939,1.000
0.227275,-0.613049,0.756649,6.16,1.000,0.934,0.876
0.166713,-0.826298,0.537995,6.49,1.000,0.854,0.737
0.255014,-0.464387,0.848123,3.32,1.000,0.838,0.708
0.273345,0.239607,0.931596,2.99,0.791,0.855,1.000
0.284020,-0.085113,0.955033,3.44,0.760,0.836,1.000
0.237843,0.526131,0.816466,5.56,1.000,0.780,0.601
0.240426,0.511043,0.825245,6.06,1.000,0.779,0.598
0.276198,-0.279475,0.919570,6.03,0.775,0.845,1.000
0.254830,-0.479258,0.839865,6.04,1.000,0.770,0.581
0.273482,-0.321237,0.906650,6.29,0.775,0.845,1.000
0.223437,-0.649404,0.726877,4.59,1.000,0.856,0.741
0.282622,0.143147,0.948490,6.09,1.000,0.771,0.584
0.245379,0.498816,0.831247,6.31,1.000,0.764,0.570
0.288812,0.011199,0.957320,6.56,0.804,0.863,1.000
0.266636,-0.417184,0.868828,6.30,0.801,0.861,1.000
0.056063,0.974569,0.216960,6.54,0.953,0.950,1.000
0.282737,0.192032,0.939778,5.09,0.766,0.840,1.000
0.277054,-0.330350,0.902281,5.54,0.754,0.832,1.000
0.261393,0.410732,0.873483,5.77,0.817,0.871,1.000
0.166654,0.802783,0.572509,5.38,0.785,0.851,1.000
0.180602,0.765184,0.617962,6.43,1.000,0.963,0.925
0.251599,0.479130,0.840911,5.55,0.899,0.920,1.000
0.235532,-0.614346,0.753062,4.11,0.801,0.861,1.000
0.229852,-0.640486,0.732766,6.46,1.000,0.862,0.751
0.241445,-0.590109,0.770374,6.56,0.781,0.849,1.000
0.223731,-0.667735,0.709982,5.88,0.763,0.838,1.000
0.213886,0.661494,0.718804,6.49,0.742,0.825,1.000
0.232654,-0.633932,0.737565,4.11,1.000,0.836,0.705
0.279635,0.289923,0.915286,6.07,1.000,0.938,0.884
0.244561,0.537324,0.807139,5.23,0.927,0.936,1.000
0.233877,0.589200,0.773398,5.28,0.754,0.832,1.000
0.271887,0.369729,0.888470,6.23,0.968,0.959,1.000
0.279769,-0.358753,0.890520,2.89,0.933,0.939,1.000
0.282145,-0.338797,0.897558,6.13,1.000,0.843,0.717
0.294870,0.105801,0.949662,5.22,0.933,0.939,1.000
0.282492,0.289890,0.914419,6.48,1.000,0.984,0.960
0.237004,-0.629388,0.740067,6.36,0.791,0.855,1.000
0.300115,-0.007471,0.953874,6.34,0.775,0.845,1.000
0.266474,-0.492457,0.828539,6.30,0.775,0.845,1.000
0.198643,-0.771473,0.604458,6.13,1.000,0.884,0.789
0.244344,0.567852,0.786028,6.74,1.000,0.956,0.913
0.245425,-0.609907,0.753512,6.57,1.000,0.870,0.765
0.116358,-0.934767,0.335665,6.27,0.847,0.889,1.000
0.179380,0.792562,0.582811,5.81,1.000,0.856,0.741
0.289001,-0.369066,0.883328,6.41,1.000,0.849,0.727
0.282544,-0.436906,0.853980,5.80,1.000,0.806,0.648
0.130938,-0.918180,0.373900,5.53,0.850,0.891,1.000
0.308842,-0.138126,0.941030,5.34,0.832,0.880,1.000
0.274182,0.449878,0.849961,6.36,0.976,0.963,1.000
0.225538,-0.709489,0.667651,5.92,1.000,0.894,0.807
0.307041,-0.212732,0.927616,5.51,1.000,0.796,0.630
0.263261,0.519271,0.813051,5.98,0.766,0.840,1.000
0.233283,0.648507,0.724581,6.18,0.817,0.871,1.000
0.298032,0.289807,0.909499,6.73,0.785,0.851,1.000
0.289767,0.367385,0.883778,5.93,0.797,0.859,1.000
0.315858,0.040020,0.947962,5.15,0.766,0.840,1.000
0.314744,0.096121,0.944297,6.49,0.817,0.871,1.000
0.229376,-0.712839,0.662757,5.40,1.000,0.810,0.657
0.122010,0.913394,0.388363,6.25,0.788,0.853,1.000
0.295324,-0.409591,0.863145,6.25,1.000,0.979,0.951
0.292729,-0.426674,0.855721,4.85,1.000,0.974,0.943
0.199439,0.764406,0.613113,6.75,1.000,0.951,0.904
0.199449,0.764428,0.613083,6.57,1.000,0.951,0.904
0.168202,0.837329,0.520181,5.12,1.000,0.872,0.768
0.273298,-0.552252,0.787607,6.25,0.794,0.857,1.000
0.199471,-0.802679,0.562066,6.38,1.000,0.993,0.974
0.245306,0.631300,0.735721,4.39,0.742,0.825,1.000
0.301830,0.345353,0.888611,6.00,1.000,0.898,0.814
0.311701,0.260228,0.913851,5.57,1.000,0.860,0.747
0.300737,0.362149,0.882273,5.64,0.824,0.875,1.000
0.278357,0.507935,0.815180,5.85,1.000,0.761,0.564
0.326533,0.084282,0.941421,5.59,0.814,0.869,1.000
0.314289,-0.324793,0.892038,4.96,1.000,0.870,0.765
0.288716,0.461060,0.839087,6.54,0.769,0.842,1.000
0.303974,0.364719,0.880102,4.77,0.772,0.844,1.000
0.316917,0.251136,0.914601,5.63,0.781,0.849,1.000
0.287618,0.468345,0.835421,6.16,1.000,0.961,0.921
0.169352,0.845308,0.506728,4.99,1.000,0.843,0.717
0.118325,0.924956,0.361187,3.07,1.000,0.874,0.771
0.207166,0.766839,0.607488,6.27,1.000,0.963,0.925
0.069080,0.972616,0.221914,5.13,0.910,0.926,1.000
0.332789,0.035452,0.942335,6.19,0.794,0.857,1.000
0.257278,0.617497,0.743307,4.36,1.000,0.826,0.685
0.326256,0.200997,0.923665,5.28,0.859,0.896,1.000
0.277602,-0.579585,0.766171,5.59,0.748,0.828,1.000
0.325576,-0.267850,0.906784,6.06,1.000,0.797,0.633
0.306178,0.391142,0.867907,5.43,0.794,0.857,1.000
0.335974,0.018941,0.941681,5.10,1.000,0.845,0.721
0.132227,-0.929591,0.344060,6.34,1.000,0.831,0.695
0.337288,0.005920,0.941383,6.41,1.000,0.864,0.754
0.224449,0.731344,0.644018,6.00,1.000,0.978,1.000
0.292145,-0.527219,0.797929,6.58,1.000,0.761,0.564
0.286109,0.515370,0.807796,6.68,0.814,0.869,1.000
0.332674,0.167079,0.928123,6.32,1.000,0.864,0.754
0.317575,0.335625,0.886850,6.58,0.797,0.859,1.000
0.318614,-0.381111,0.867894,5.58,0.889,0.914,1.000
0.196969,0.802491,0.563216,3.77,1.000,0.882,0.786
0.205770,-0.813341,0.544184,5.05,0.794,0.857,1.000
0.285249,-0.573346,0.768054,6.48,1.000,0.956,0.913
0.332692,0.214304,0.918363,5.53,0.885,0.911,1.000
0.334644,0.199966,0.920884,6.02,0.814,0.869,1.000
0.342731,-0.094383,0.934680,5.01,1.000,0.890,0.800
0.260675,-0.669340,0.695725,6.34,1.000,0.847,0.724
0.282362,0.550319,0.785761,6.60,0.729,0.817,1.000
0.344417,-0.015572,0.938688,5.49,0.775,0.845,1.000
0.251823,-0.700397,0.667854,4.01,0.757,0.834,1.000
0.268349,0.608003,0.747209,6.22,0.778,0.847,1.000
0.329186,-0.329430,0.884937,6.26,0.757,0.834,1.000
0.332083,-0.306480,0.892071,3.93,0.867,0.901,1.000
0.218156,0.761196,0.610728,6.31,1.000,0.851,0.731
0.335642,-0.274882,0.900991,4.61,0.821,0.873,1.000
0.252033,-0.704631,0.663306,4.29,0.927,0.936,1.000
0.331891,-0.314131,0.889477,5.87,1.000,0.862,0.751
0.270811,0.606413,0.747613,6.31,1.000,0.943,0.892
0.281376,0.576234,0.767321,6.31,0.751,0.830,1.000
0.348021,-0.142648,0.926570,6.31,0.757,0.834,1.000
0.271682,-0.650988,0.708804,3.97,0.757,0.834,1.000
0.351668,-0.004407,0.936114,5.83,1.000,0.856,0.741
0.260038,-0.691173,0.674285,6.17,1.000,0.771,0.584
0.198278,0.812858,0.547675,6.26,0.797,0.859,1.000
0.092721,0.958101,0.271009,4.45,1.000,0.827,0.689
0.351650,-0.128800,0.927228,6.32,1.000,0.794,0.627
0.348224,0.172154,0.921468,6.35,1.000,0.978,1.000
0.318620,-0.467398,0.824633,6.04,0.748,0.828,1.000
0.183624,0.844751,0.502671,5.91,1.000,0.774,0.589
0.342884,0.257489,0.903399,6.64,0.889,0.914,1.000
0.317165,0.442484,0.838817,5.18,0.751,0.830,1.000
0.293868,0.552200,0.780203,6.06,1.000,0.868,0.761
0.316285,-0.489522,0.812608,5.93,1.000,0.826,0.685
0.147421,0.901763,0.406313,6.52,0.775,0.845,1.000
0.330799,-0.414830,0.847637,5.03,0.871,0.903,1.000
0.333039,-0.406134,0.850964,5.43,1.000,0.797,0.633
0.335352,0.346354,0.876115,6.40,0.791,0.855,1.000
0.185530,0.845886,0.500056,6.43,1.000,0.963,0.925
0.361230,-0.085142,0.928582,6.52,0.921,0.932,1.000
0.353250,-0.240176,0.904174,5.69,1.000,0.797,0.633
0.298316,0.547888,0.781554,6.37,1.000,0.913,0.841
0.344257,0.291333,0.892531,6.25,0.814,0.869,1.000
0.217996,-0.812341,0.540907,5.69,1.000,0.802,0.642
0.141793,0.911509,0.386065,4.59,0.794,0.857,1.000
0.311982,0.494266,0.811399,4.97,0.757,0.834,1.000
0.354471,0.206963,0.911875,5.16,1.000,0.922,0.856
0.317503,0.470824,0.823114,6.53,0.763,0.838,1.000
0.341553,-0.370990,0.863544,5.59,1.000,0.833,0.698
0.288588,0.594148,0.750803,6.36,1.000,0.963,0.925
0.363925,0.054335,0.929842,3.36,0.915,0.929,1.000
0.354650,-0.259713,0.898205,5.72,0.794,0.857,1.000
0.356356,-0.251244,0.899937,6.70,0.804,0.863,1.000
0.321534,-0.496115,0.806527,5.67,0.788,0.853,1.000
0.227480,0.769080,0.597301,6.51,0.763,0.838,1.000
0.260260,0.686936,0.678516,5.84,1.000,0.890,0.800
0.142414,-0.929994,0.338865,5.96,1.000,0.765,0.572
0.341413,0.346467,0.873726,6.31,0.781,0.849,1.000
0.342837,0.338715,0.876205,5.16,1.000,0.878,0.778
0.330299,0.421238,0.844666,6.19,1.000,0.987,0.965
0.368598,0.005910,0.929570,4.66,1.000,0.963,0.925
0.216795,-0.823546,0.524186,6.13,1.000,0.878,0.778
0.358662,0.225357,0.905856,5.74,1.000,0.998,0.983
0.345023,0.343623,0.873431,5.63,0.785,0.851,1.000
0.346461,0.340238,0.874187,5.81,1.000,0.779,0.598
0.276076,-0.687669,0.671487,5.71,0.867,0.901,1.000
0.220221,-0.820252,0.527911,6.30,1.000,0.984,1.000
-0.003136,0.999859,0.016498,6.38,1.000,0.776,0.592
0.295802,0.592263,0.749483,5.15,0.751,0.830,1.000
0.361322,0.246703,0.899213,6.32,0.769,0.842,1.000
0.375517,0.051121,0.925405,5.85,0.791,0.855,1.000
0.340550,-0.453766,0.823482,5.52,1.000,0.851,0.731
0.325044,-0.531284,0.782358,6.60,0.960,0.954,1.000
0.378497,0.034032,0.924977,5.80,0.814,0.869,1.000
0.193592,0.848300,0.492859,6.60,0.742,0.825,1.000
0.377226,-0.122630,0.917966,6.61,1.000,0.854,0.737
0.294181,0.614851,0.731721,6.34,0.745,0.826,1.000
0.379856,0.004295,0.925036,6.25,1.000,0.815,0.667
0.343019,0.417312,0.841539,4.44,1.000,0.786,0.613
0.343632,0.418955,0.840472,5.81,1.000,0.868,0.761
0.367868,0.251999,0.895081,5.56,1.000,0.864,0.754
0.227570,0.791443,0.567301,5.75,0.788,0.853,1.000
0.356496,0.346604,0.867627,6.33,0.757,0.834,1.000
0.359890,-0.363450,0.859292,6.13,0.828,0.878,1.000
0.236291,-0.800583,0.550666,5.75,0.904,0.923,1.000
0.382896,0.050666,0.922401,6.09,1.000,0.740,0.523
0.169733,0.887472,0.428468,6.38,1.000,0.804,0.645
0.384899,-0.048656,0.921675,5.03,1.000,0.750,0.542
0.384211,0.060081,0.921288,6.05,0.791,0.855,1.000
0.278813,-0.710455,0.646155,5.61,0.775,0.845,1.000
0.340584,0.468851,0.814974,3.08,1.000,0.849,0.727
0.340685,0.468936,0.814882,5.11,0.757,0.834,1.000
0.311237,0.591009,0.744204,6.25,0.775,0.845,1.000
0.236287,0.785098,0.572530,3.79,0.835,0.882,1.000
0.347034,0.448028,0.823917,5.87,1.000,0.888,0.796
0.305738,-0.643252,0.701963,5.89,0.817,0.871,1.000
0.062959,0.983580,0.169133,6.05,0.811,0.867,1.000
0.269549,-0.744302,0.611030,4.90,1.000,0.856,0.741
0.036657,0.993498,0.107786,6.53,0.821,0.873,1.000
0.321437,0.565731,0.759360,4.74,0.745,0.826,1.000
0.247810,0.769474,0.588643,5.53,1.000,0.827,0.689
0.218257,0.826412,0.519044,6.37,1.000,0.843,0.717
0.395804,0.128430,0.909310,4.45,1.000,0.841,0.714
0.396403,-0.183270,0.899598,5.12,1.000,0.849,0.727
0.369569,-0.418171,0.829790,5.65,0.854,0.893,1.000
0.401303,-0.129839,0.906696,6.34,1.000,0.851,0.731
0.395757,-0.212225,0.893497,6.27,1.000,0.856,0.741
0.220764,-0.847894,0.482016,6.18,1.000,0.880,0.782
0.167057,-0.918347,0.358792,6.39,0.794,0.857,1.000
0.309697,0.626090,0.715611,6.61,0.797,0.859,1.000
0.377427,0.338300,0.862034,5.00,0.760,0.836,1.000
0.403901,0.050825,0.913390,6.38,0.976,0.963,1.000
0.386556,-0.323138,0.863803,6.11,0.889,0.914,1.000
0.371531,-0.420776,0.827594,4.60,0.766,0.840,1.000
0.350133,0.491862,0.797169,5.38,1.000,0.976,0.947
0.259420,0.757707,0.598816,5.96,1.000,0.765,0.572
0.390310,-0.312851,0.865900,5.64,1.000,0.826,0.685
0.296426,0.674467,0.676185,5.35,0.804,0.863,1.000
0.399581,0.193378,0.896069,6.68,1.000,0.963,0.925
0.407206,-0.122346,0.905105,4.95,0.788,0.853,1.000
0.409508,-0.022450,0.912030,4.36,0.763,0.838,1.000
0.196761,0.867406,0.457047,6.29,1.000,0.776,0.592
0.394989,0.248549,0.884425,6.38,1.000,0.866,0.758
0.125973,0.945459,0.300398,6.07,1.000,0.801,0.639
0.250485,0.779739,0.573816,5.73,1.000,0.995,0.979
0.376051,0.384067,0.843254,6.32,0.766,0.840,1.000
0.267736,0.745065,0.610897,6.67,0.876,0.906,1.000
0.400199,-0.247027,0.882507,5.47,1.000,0.990,0.969
0.175501,-0.912507,0.369500,6.09,1.000,0.779,0.598
0.402307,0.195490,0.894390,5.98,1.000,0.898,0.814
0.324450,0.601040,0.730399,6.05,0.754,0.832,1.000
0.383740,0.347472,0.855574,7.14,1.000,0.815,0.667
0.246612,-0.813279,0.527030,6.26,1.000,0.874,0.771
0.412492,-0.081025,0.907351,5.46,0.993,0.973,1.000
0.296547,-0.710530,0.638128,6.25,0.894,0.917,1.000
0.136310,0.937653,0.319728,4.68,1.000,0.918,0.848
0.394987,0.283392,0.873884,5.66,1.000,0.870,0.765
0.326196,-0.635180,0.700102,6.61,0.871,0.903,1.000
0.259971,0.768715,0.584374,6.52,1.000,0.862,0.751
0.358601,0.489894,0.794613,6.43,0.760,0.836,1.000
0.321773,0.620927,0.714781,6.50,0.742,0.825,1.000
0.290922,0.703333,0.648604,5.17,1.000,0.888,0.796
0.261367,0.768519,0.584008,4.48,0.953,0.950,1.000
0.387137,-0.397593,0.831892,6.34,0.797,0.859,1.000
0.417205,0.058987,0.906896,6.35,0.801,0.861,1.000
0.388793,0.354826,0.850258,6.48,1.000,0.858,0.744
0.388205,-0.397606,0.831388,5.97,1.000,0.866,0.758
0.417566,0.094070,0.903764,5.17,0.797,0.859,1.000
0.402878,0.285210,0.869681,6.38,1.000,0.716,0.475
0.408389,-0.280555,0.868624,6.20,1.000,0.849,0.727
0.270364,0.757957,0.593636,6.47,1.000,0.876,0.775
0.363299,0.502316,0.784661,4.69,1.000,0.880,0.782
0.402266,0.309248,0.861712,4.37,1.000,0.920,0.852
0.425445,-0.010840,0.904919,5.67,0.824,0.875,1.000
0.349632,0.558891,0.751929,6.10,0.814,0.869,1.000
0.397662,0.349826,0.848226,6.50,0.960,0.954,1.000
0.308375,0.679676,0.665541,5.40,0.763,0.838,1.000
0.239577,0.818891,0.521557,5.82,1.000,0.978,1.000
0.389318,0.402227,0.828640,6.64,0.791,0.855,1.000
0.414579,0.238797,0.878123,6.01,0.763,0.838,1.000
0.292624,0.718831,0.630597,6.20,1.000,0.894,0.807
0.407061,0.300308,0.862622,4.37,1.000,0.864,0.754
0.415536,-0.277715,0.866143,5.06,0.921,0.932,1.000
0.395138,0.381922,0.835465,6.36,1.000,0.782,0.604
0.346441,-0.609300,0.713255,6.16,0.791,0.855,1.000
0.310674,0.682991,0.661064,6.16,1.000,0.777,0.595
0.421620,0.211211,0.881831,6.34,0.778,0.847,1.000
0.072931,-0.988625,0.131537,6.39,1.000,0.802,0.642
0.298402,0.713556,0.633872,5.06,0.968,0.959,1.000
0.420819,-0.266734,0.867044,5.49,1.000,1.000,0.988
0.423555,0.204952,0.882381,5.27,1.000,0.971,0.938
0.138151,-0.953734,0.267030,5.41,0.867,0.901,1.000
0.328436,0.646176,0.688903,6.23,0.850,0.891,1.000
0.208483,0.870418,0.445991,6.51,0.867,0.901,1.000
0.378126,0.489864,0.785527,6.49,0.921,0.932,1.000
0.365854,0.536220,0.760670,5.94,0.824,0.875,1.000
0.273229,0.771905,0.574028,5.96,1.000,0.953,0.908
0.273403,0.771819,0.574061,6.20,1.000,0.948,0.900
0.374177,0.510222,0.774381,6.05,0.788,0.853,1.000
0.393760,0.434790,0.809883,5.49,1.000,0.888,0.796
0.378840,-0.528566,0.759670,5.52,0.794,0.857,1.000
0.389881,0.456097,0.799980,6.28,1.000,0.854,0.737
0.244224,0.823764,0.511633,6.48,1.000,0.770,0.581
0.251525,-0.832559,0.493539,5.35,0.859,0.896,1.000
0.428776,0.230097,0.873617,6.26,0.778,0.847,1.000
0.362264,0.561542,0.743932,6.05,0.769,0.842,1.000
0.181637,-0.919223,0.349337,6.45,1.000,0.790,0.618
0.326201,0.666182,0.670667,5.84,1.000,0.776,0.592
0.421250,-0.338099,0.841568,4.86,1.000,0.888,0.796
0.445126,-0.050302,0.894054,6.48,0.804,0.863,1.000
0.349322,0.606744,0.714028,4.89,1.000,0.884,0.789
0.385196,0.488845,0.782722,6.82,1.000,0.953,0.908
0.440967,0.132487,0.887691,5.91,0.850,0.891,1.000
0.363704,0.565167,0.740476,6.57,1.000,0.963,0.925
0.276078,-0.797458,0.536508,6.25,1.000,0.849,0.727
0.230622,0.848200,0.476834,6.22,1.000,0.974,0.943
0.334686,0.652319,0.680048,6.34,1.000,0.765,0.572
0.192345,-0.910720,0.365504,6.05,0.904,0.923,1.000
0.439562,0.184180,0.879126,2.72,1.000,0.783,0.607
0.237756,0.839074,0.489312,6.27,1.000,0.898,0.814
0.224104,-0.875139,0.428847,6.21,0.745,0.826,1.000
0.311961,0.708720,0.632769,2.87,0.778,0.847,1.000
0.359491,0.589071,0.723714,6.43,0.778,0.847,1.000
0.364988,0.573759,0.733201,6.09,1.000,0.862,0.751
0.237962,-0.858898,0.453507,5.42,0.814,0.869,1.000
0.441257,-0.236895,0.865548,6.11,0.859,0.896,1.000
0.406276,0.424735,0.809036,6.62,0.889,0.914,1.000
0.372481,0.555248,0.743611,4.99,1.000,0.998,0.983
0.376596,0.543008,0.750545,6.18,1.000,0.849,0.727
0.428188,0.317870,0.845940,3.82,1.000,0.801,0.639
0.312213,-0.737952,0.598289,5.94,1.000,0.757,0.556
0.401938,-0.481584,0.778796,6.05,0.968,0.959,1.000
0.409493,0.428681,0.805325,5.95,1.000,0.876,0.775
0.449797,-0.188596,0.872992,6.04,1.000,0.829,0.692
0.448040,0.185567,0.874543,6.44,1.000,0.882,0.786
0.354117,0.621250,0.699035,5.77,0.769,0.842,1.000
0.447039,0.204767,0.870762,5.72,1.000,0.963,0.925
0.155115,0.935672,0.316950,5.92,0.804,0.863,1.000
0.432478,0.327914,0.839902,5.00,0.821,0.873,1.000
0.302879,0.742067,0.597998,6.12,1.000,0.765,0.572
0.270856,-0.818863,0.506064,5.74,1.000,0.890,0.800
0.270871,-0.818918,0.505966,6.50,0.821,0.873,1.000
0.372786,0.578020,0.725895,6.53,1.000,0.978,1.000
0.381584,0.551023,0.742137,6.44,0.859,0.896,1.000
0.359833,-0.641107,0.677865,5.33,0.769,0.842,1.000
0.456588,-0.186757,0.869856,5.39,0.953,0.950,1.000
0.458481,0.137488,0.878005,6.51,0.757,0.834,1.000
0.358675,0.625379,0.693003,6.11,1.000,0.894,0.807
0.405715,0.476247,0.780118,6.38,0.769,0.842,1.000
0.459221,0.154164,0.874842,0.77,0.867,0.901,1.000
0.231330,-0.876061,0.423088,6.24,0.843,0.886,1.000
0.465899,-0.042936,0.883796,6.13,1.000,0.776,0.592
0.458044,0.180786,0.870352,5.11,1.000,0.976,0.947
0.444502,-0.326311,0.834230,5.92,1.000,0.878,0.778
0.460176,0.167290,0.871925,6.25,0.821,0.873,1.000
0.165047,0.930023,0.328356,6.34,0.894,0.917,1.000
0.389466,0.543382,0.743675,4.23,1.000,0.740,0.523
0.430072,0.384456,0.816842,4.95,0.745,0.826,1.000
0.361959,0.625549,0.691140,5.12,1.000,0.758,0.558
0.352419,0.650771,0.672531,5.69,0.775,0.845,1.000
0.367115,0.613271,0.699375,6.06,1.000,0.757,0.556
0.460055,0.201572,0.864707,6.13,1.000,0.951,0.904
0.471222,0.017549,0.881840,3.90,1.000,0.896,0.811
0.458426,-0.252121,0.852221,6.48,0.835,0.882,1.000
0.462816,0.179685,0.868052,6.54,0.785,0.851,1.000
0.425606,0.422495,0.800223,5.57,1.000,0.936,0.880
0.446087,0.320149,0.835769,6.23,0.791,0.855,1.000
0.473816,-0.054331,0.878946,5.65,0.859,0.896,1.000
0.279427,0.798510,0.533200,5.03,1.000,0.822,0.679
0.316145,0.735828,0.598840,6.20,0.939,0.943,1.000
0.437139,-0.405797,0.802644,6.18,1.000,0.870,0.765
0.176082,-0.934602,0.309055,5.75,0.871,0.903,1.000
0.473367,0.076729,0.877517,6.53,0.794,0.857,1.000
0.358928,-0.667421,0.652472,4.13,1.000,0.858,0.744
0.153506,0.941281,0.300710,3.83,1.000,0.896,0.811
0.378560,0.593871,0.709936,6.10,1.000,0.797,0.633
0.472344,-0.149090,0.868714,5.79,1.000,0.765,0.572
0.403451,-0.545318,0.734749,6.46,1.000,0.790,0.618
0.259390,-0.847359,0.463357,6.53,1.000,0.782,0.604
0.252582,-0.856280,0.450541,5.26,0.785,0.851,1.000
0.179589,-0.932085,0.314587,6.39,0.843,0.886,1.000
0.319975,0.731681,0.601880,5.62,0.766,0.840,1.000
0.147589,-0.955847,0.254114,3.96,0.778,0.847,1.000
0.314862,0.742350,0.591421,5.91,0.733,0.819,1.000
0.433750,0.408007,0.803362,4.58,0.769,0.842,1.000
0.474625,-0.143099,0.868478,5.71,0.763,0.838,1.000
0.474644,-0.143272,0.868439,6.49,0.775,0.845,1.000
0.472907,0.147143,0.868739,4.71,1.000,0.864,0.754
0.480014,0.004775,0.877248,5.61,0.821,0.873,1.000
0.434080,-0.443062,0.784392,4.70,1.000,0.927,0.864
0.476012,0.124299,0.870610,6.15,0.797,0.859,1.000
0.478911,-0.117263,0.869996,6.51,0.960,0.954,1.000
0.317944,0.740893,0.591599,6.29,0.754,0.832,1.000
0.436627,0.411824,0.799849,5.52,0.781,0.849,1.000
0.479176,0.111585,0.870597,3.71,1.000,0.902,0.822
0.196338,-0.920160,0.338758,5.76,1.000,0.866,0.758
0.434524,-0.456632,0.776322,4.52,1.000,0.793,0.624
0.386794,-0.616463,0.685830,6.55,0.960,0.954,1.000
0.383558,0.601761,0.700548,5.76,1.000,0.927,0.864
0.416085,0.502949,0.757573,6.57,0.763,0.838,1.000
0.254748,0.843613,0.472674,5.14,0.748,0.828,1.000
0.464599,0.286269,0.837972,5.36,1.000,0.946,0.896
0.476096,0.198066,0.856798,5.28,0.785,0.851,1.000
0.239882,0.863474,0.443700,6.06,0.794,0.857,1.000
0.198580,-0.920124,0.337548,5.31,1.000,0.833,0.698
0.379073,0.622332,0.684840,4.94,0.763,0.838,1.000
0.474351,-0.267094,0.838840,5.02,0.804,0.863,1.000
0.397685,0.574767,0.715185,3.89,1.000,0.870,0.765
0.456185,0.358336,0.814549,6.48,0.811,0.867,1.000
0.427191,-0.508111,0.747884,6.28,1.000,0.864,0.754
0.445093,-0.441436,0.779119,4.83,1.000,0.894,0.807
0.294682,0.792704,0.533651,4.92,0.828,0.878,1.000
0.393233,0.591321,0.704064,6.02,0.742,0.825,1.000
0.326748,-0.758716,0.563548,6.17,1.000,0.862,0.751
0.470549,0.288851,0.833756,5.53,0.772,0.844,1.000
0.407375,-0.577521,0.707471,4.37,0.742,0.825,1.000
0.410632,-0.569248,0.712277,5.30,0.847,0.889,1.000
0.258052,-0.860530,0.439202,5.13,1.000,0.782,0.604
0.253842,0.850355,0.460935,6.09,1.000,0.870,0.765
0.366638,-0.682551,0.632219,6.14,1.000,0.765,0.572
0.372952,0.647695,0.664378,5.45,0.757,0.834,1.000
0.396392,-0.611558,0.684741,5.95,1.000,0.874,0.771
0.355000,-0.708501,0.609920,5.81,0.894,0.917,1.000
0.417021,-0.554901,0.719846,5.66,1.000,0.993,0.974
0.307549,0.776074,0.550566,6.43,0.785,0.851,1.000
0.250659,0.855781,0.452558,4.96,1.000,0.773,0.587
0.266927,0.835682,0.479984,6.12,1.000,0.963,0.925
0.466908,0.333679,0.818936,3.47,1.000,0.776,0.592
0.497505,0.024044,0.867128,6.17,1.000,0.849,0.727
0.491685,-0.172932,0.853429,5.88,1.000,0.968,0.934
0.364260,0.672507,0.644243,6.43,1.000,0.963,0.925
0.382527,-0.653608,0.653046,6.29,0.824,0.875,1.000
0.424222,0.514793,0.744999,5.49,0.769,0.842,1.000
0.457036,0.392359,0.798231,5.67,1.000,0.963,0.925
0.389188,0.617112,0.683890,6.32,0.760,0.836,1.000
0.466008,-0.386505,0.795896,6.01,1.000,0.880,0.782
0.200809,-0.922678,0.329151,6.07,1.000,0.953,0.908
0.477013,0.300983,0.825753,5.37,1.000,0.761,0.564
0.347020,0.716573,0.605063,5.92,0.843,0.886,1.000
0.398852,0.602411,0.691389,5.19,0.736,0.821,1.000
0.498096,0.148811,0.854257,5.91,1.000,0.783,0.607
0.493145,-0.235769,0.837389,5.71,0.814,0.869,1.000
0.451521,-0.464992,0.761519,4.58,1.000,0.764,0.570
0.305718,0.788610,0.533508,6.15,0.729,0.817,1.000
0.404879,-0.614847,0.676783,4.77,1.000,0.801,0.639
0.446158,0.465670,0.764261,4.64,0.850,0.891,1.000
0.220265,0.895200,0.387427,5.96,0.817,0.871,1.000
0.402574,0.603193,0.688544,6.20,1.000,0.817,0.670
0.459860,0.419456,0.782678,5.88,0.751,0.830,1.000
0.460297,0.421638,0.781248,5.22,0.939,0.943,1.000
0.474600,-0.384224,0.791914,6.45,1.000,0.990,0.969
0.437543,-0.530754,0.725849,4.99,1.000,0.834,0.701
0.323984,0.767218,0.553544,5.05,1.000,0.852,0.734
0.510741,-0.130002,0.849849,6.72,0.933,0.939,1.000
0.485841,0.317314,0.814414,5.96,1.000,0.799,0.636
0.213043,-0.916046,0.339812,6.45,1.000,0.774,0.589
0.493210,0.276164,0.824911,5.67,0.757,0.834,1.000
0.215084,-0.914832,0.341790,3.56,1.000,0.924,0.860
0.166342,0.941864,0.291930,6.33,1.000,0.898,0.814
0.516444,-0.012382,0.856231,5.68,1.000,0.819,0.673
0.436752,-0.544639,0.715972,6.53,0.763,0.838,1.000
0.511402,0.126685,0.849953,5.52,1.000,0.862,0.751
0.445278,0.498437,0.743833,5.71,1.000,0.931,0.872
0.508507,-0.201068,0.837253,6.34,1.000,0.984,0.960
0.492718,0.293540,0.819184,5.80,1.000,0.961,0.921
0.318422,-0.797382,0.512630,4.94,1.000,0.768,0.578
0.302944,-0.819316,0.486771,6.26,1.000,0.982,0.956
0.507751,-0.219255,0.833137,6.55,0.801,0.861,1.000
0.215090,0.904984,0.367070,5.27,1.000,0.777,0.595
0.476706,0.394107,0.785768,6.45,1.000,0.963,0.925
0.437635,0.533151,0.724034,5.64,1.000,0.979,0.951
0.488070,0.341874,0.803063,5.10,1.000,0.862,0.751
0.501492,0.267243,0.822853,6.34,1.000,0.765,0.572
0.521930,-0.071120,0.850018,6.47,1.000,0.843,0.717
0.217970,0.903593,0.368794,6.57,1.000,0.963,0.925
0.406595,0.622219,0.668973,6.19,1.000,0.953,0.908
0.344286,0.745822,0.570278,6.16,0.801,0.861,1.000
0.192322,0.926355,0.323849,4.51,1.000,0.815,0.667
0.116536,0.972294,0.202642,6.20,1.000,0.770,0.581
0.320790,0.786282,0.528066,6.14,1.000,0.771,0.584
0.481776,0.400580,0.779377,5.07,0.733,0.819,1.000
0.423951,0.587397,0.689370,5.36,1.000,0.905,0.826
0.529993,-0.011839,0.847919,5.99,1.000,0.870,0.765
0.290712,-0.843615,0.451442,6.37,0.807,0.865,1.000
0.288267,0.832355,0.473379,6.21,0.993,0.973,1.000
0.522214,0.163321,0.837030,6.43,1.000,1.000,0.988
0.523667,-0.174727,0.833813,6.18,0.807,0.865,1.000
0.227884,0.897955,0.376491,6.26,0.821,0.873,1.000
0.508048,0.286761,0.812192,6.42,1.000,0.728,0.499
0.313751,0.800374,0.510844,5.85,0.960,0.954,1.000
0.068842,-0.993192,0.093969,6.17,0.859,0.896,1.000
0.436176,0.565299,0.700134,6.11,0.843,0.886,1.000
0.522980,0.186110,0.831778,6.31,0.751,0.830,1.000
0.244542,0.882911,0.400833,5.39,1.000,0.840,0.711
0.337084,0.768609,0.543704,6.54,0.832,0.880,1.000
0.437684,-0.589212,0.679163,5.32,1.000,0.900,0.818
0.193951,0.927362,0.319974,6.28,1.000,0.764,0.570
0.501702,0.356987,0.787944,6.48,0.953,0.950,1.000
0.400813,-0.679192,0.614855,6.22,1.000,0.831,0.695
0.247728,-0.894278,0.372690,6.09,0.910,0.926,1.000
0.428320,0.599579,0.676053,4.93,0.748,0.828,1.000
0.535155,-0.153714,0.830651,6.49,0.742,0.825,1.000
0.542038,-0.014335,0.840232,3.23,0.766,0.840,1.000
0.480976,0.452500,0.750937,5.52,0.814,0.869,1.000
0.531824,-0.214607,0.819211,6.34,1.000,0.834,0.701
0.504786,0.360562,0.784338,6.22,1.000,0.894,0.807
0.337116,-0.792775,0.507801,5.65,1.000,0.786,0.613
0.533027,-0.218441,0.817414,5.85,1.000,0.995,0.979
0.503219,0.372592,0.779709,6.26,0.781,0.849,1.000
0.546721,0.015140,0.837178,6.27,0.794,0.857,1.000
0.485446,0.451016,0.748951,5.49,1.000,0.801,0.639
0.487544,0.445868,0.750668,5.92,0.754,0.832,1.000
0.549053,-0.017617,0.835602,5.47,1.000,0.797,0.633
0.366445,0.740065,0.563934,6.92,0.751,0.830,1.000
0.495809,-0.454500,0.740002,5.73,1.000,0.898,0.814
0.502206,0.410542,0.761081,6.56,0.899,0.920,1.000
0.533606,0.262147,0.804080,4.95,0.814,0.869,1.000
0.483759,-0.500080,0.718260,6.30,1.000,0.785,0.610
0.340524,0.782213,0.521715,6.01,1.000,0.847,0.724
0.254315,0.883591,0.393180,5.75,1.000,0.998,0.983
0.450924,-0.594183,0.666043,6.39,1.000,0.780,0.601
0.458259,-0.576401,0.676580,6.53,0.946,0.946,1.000
0.375971,0.729158,0.571817,4.83,0.817,0.871,1.000
0.484925,0.480143,0.730966,5.18,0.850,0.891,1.000
0.256803,-0.892831,0.370008,6.27,1.000,0.866,0.758
0.400403,0.686823,0.606590,6.14,1.000,0.786,0.613
0.443318,0.596299,0.669251,6.45,0.788,0.853,1.000
0.377319,0.728268,0.572063,3.79,1.000,0.822,0.679
0.443469,0.599113,0.666633,4.97,0.835,0.882,1.000
0.410472,0.670473,0.618044,6.71,0.775,0.845,1.000
0.547622,-0.213660,0.808987,6.32,0.791,0.855,1.000
0.501932,0.431959,0.749317,4.78,0.733,0.819,1.000
0.302883,0.834538,0.460226,4.30,0.824,0.875,1.000
0.511131,0.398887,0.761337,5.15,1.000,0.866,0.758
0.269646,0.871561,0.409478,5.79,1.000,0.791,0.621
0.463242,0.555272,0.690710,5.66,1.000,0.892,0.803
0.493845,0.466605,0.733755,4.52,1.000,0.826,0.685
0.383374,-0.739758,0.552975,6.31,1.000,0.761,0.564
0.521033,0.368102,0.770081,6.13,1.000,0.866,0.758
0.551727,-0.216582,0.805413,4.24,1.000,0.860,0.747
0.525941,-0.371530,0.765083,5.87,1.000,0.874,0.771
0.385216,-0.738223,0.553746,6.13,1.000,1.000,0.988
0.113485,0.977088,0.180057,4.39,0.772,0.844,1.000
0.374953,0.739801,0.558664,3.98,1.000,0.783,0.607
0.435361,0.627933,0.645105,6.27,0.791,0.855,1.000
0.510727,0.417409,0.751617,5.32,1.000,0.884,0.789
0.553077,-0.217202,0.804319,3.57,1.000,0.886,0.793
0.357059,0.768650,0.530742,6.31,1.000,0.963,0.925
0.391415,0.714222,0.580243,5.91,0.953,0.950,1.000
0.447616,0.602601,0.660691,6.48,0.760,0.836,1.000
0.329674,-0.819661,0.468478,6.27,1.000,0.773,0.587
0.428605,0.647655,0.629953,5.24,1.000,0.764,0.570
0.493186,0.487068,0.720786,6.22,1.000,0.872,0.768
0.539889,-0.327525,0.775402,5.28,1.000,0.802,0.642
0.414752,0.678441,0.606382,6.29,1.000,0.765,0.572
0.445529,0.616116,0.649542,4.81,0.984,0.968,1.000
0.502161,-0.487817,0.714051,6.30,0.847,0.889,1.000
0.468454,-0.583167,0.663677,6.46,1.000,0.817,0.670
0.372550,-0.766038,0.523825,6.27,1.000,0.976,0.947
0.429522,0.652525,0.624277,5.84,0.821,0.873,1.000
0.572480,-0.018824,0.819703,6.06,1.000,0.856,0.741
0.453720,0.601815,0.657234,5.58,0.807,0.865,1.000
0.465989,0.573330,0.673904,5.17,1.000,0.951,0.904
0.556596,0.228639,0.798702,6.21,1.000,0.767,0.575
0.571589,-0.110804,0.813024,6.63,1.000,0.779,0.598
0.561723,-0.220853,0.797302,4.76,0.772,0.844,1.000
0.557628,0.234261,0.796350,5.95,0.910,0.926,1.000
0.557266,-0.255193,0.790146,6.10,0.781,0.849,1.000
0.558086,-0.255132,0.789587,3.08,1.000,0.918,0.848
0.393208,0.723242,0.567723,6.45,0.748,0.828,1.000
0.556314,0.251549,0.791983,6.13,1.000,0.892,0.803
0.432417,-0.669775,0.603669,5.59,0.788,0.853,1.000
0.547353,0.305580,0.779118,5.80,1.000,0.788,0.615
0.322496,0.823109,0.467427,5.76,0.824,0.875,1.000
0.456723,0.603660,0.653451,6.57,0.788,0.853,1.000
0.221965,0.919505,0.324409,5.93,1.000,0.968,0.934
0.443900,0.634775,0.632466,6.23,0.807,0.865,1.000
0.097378,-0.987593,0.123201,5.77,1.000,0.847,0.724
0.392207,0.729417,0.560468,6.50,0.769,0.842,1.000
0.433600,-0.674596,0.597420,5.64,0.859,0.896,1.000
0.576021,-0.167710,0.800046,6.30,1.000,0.892,0.803
0.528827,0.413837,0.741000,5.54,0.769,0.842,1.000
0.325591,-0.836143,0.441425,1.94,0.726,0.815,1.000
0.341476,0.804854,0.485391,6.18,1.000,0.777,0.595
0.266353,0.885049,0.381766,5.72,0.772,0.844,1.000
0.565069,0.251248,0.785857,6.17,1.000,0.987,0.965
0.582340,0.093119,0.807595,5.31,1.000,0.880,0.782
0.437521,0.657788,0.613099,6.39,1.000,0.860,0.747
0.443786,0.646213,0.620856,2.20,1.000,0.943,0.892
0.498262,0.518997,0.694534,6.09,1.000,0.810,0.657
0.405105,0.716850,0.567465,5.58,1.000,0.858,0.744
0.449767,-0.653373,0.608945,6.09,1.000,0.809,0.654
0.440109,0.656403,0.612731,5.93,1.000,0.771,0.584
0.520225,-0.479662,0.706605,5.85,1.000,0.854,0.737
0.427215,0.681786,0.593848,6.20,1.000,0.884,0.789
0.589887,0.018650,0.807271,6.15,0.775,0.845,1.000
0.206799,0.932830,0.295065,5.55,1.000,0.773,0.587
0.253479,0.898643,0.358035,5.69,1.000,0.777,0.595
0.497021,0.532729,0.684960,4.43,1.000,0.814,0.664
0.465740,0.608434,0.642568,5.90,0.726,0.815,1.000
0.474974,-0.607418,0.636744,6.25,1.000,0.880,0.782
0.593090,-0.048855,0.803652,6.11,1.000,0.838,0.708
0.584763,0.174617,0.792188,6.33,1.000,0.777,0.595
0.552715,0.365035,0.749170,5.66,1.000,0.888,0.796
0.096494,-0.988465,0.116734,5.91,1.000,0.755,0.553
0.559494,0.339805,0.755975,6.41,1.000,0.870,0.765
0.569416,-0.312528,0.760323,5.25,0.766,0.840,1.000
0.350331,0.804396,0.479808,6.51,0.791,0.855,1.000
0.569159,0.297634,0.766467,6.22,1.000,0.872,0.768
0.491564,-0.582064,0.647739,6.10,0.754,0.832,1.000
0.299374,0.862514,0.407977,6.44,0.817,0.871,1.000
0.581678,-0.271300,0.766842,6.41,1.000,0.876,0.775
0.595732,0.146730,0.789667,6.25,1.000,0.858,0.744
0.602225,-0.058571,0.796175,6.13,0.769,0.842,1.000
0.575811,-0.305921,0.758191,4.78,0.953,0.950,1.000
0.494475,0.563943,0.661410,6.39,1.000,0.995,0.979
0.601999,0.051237,0.796852,6.21,1.000,0.894,0.807
0.561329,-0.380936,0.734709,6.16,1.000,0.779,0.598
0.470206,0.621699,0.626416,5.62,0.807,0.865,1.000
0.327856,0.835221,0.441492,6.36,0.788,0.853,1.000
0.389594,0.759082,0.521547,5.69,0.885,0.911,1.000
0.576600,-0.318739,0.752289,6.74,0.867,0.901,1.000
0.576688,-0.318684,0.752245,5.94,0.814,0.869,1.000
0.606779,-0.050341,0.793275,4.91,1.000,0.845,0.721
0.534713,-0.486526,0.690923,6.39,0.863,0.898,1.000
0.569619,0.343459,0.746706,6.55,0.871,0.903,1.000
0.523425,0.505561,0.685882,4.01,0.968,0.959,1.000
0.487803,0.594187,0.639523,5.88,1.000,0.984,0.960
0.598806,0.189024,0.778268,6.08,0.778,0.847,1.000
0.591439,-0.259770,0.763361,6.12,1.000,0.918,0.848
0.219086,-0.937350,0.270882,6.11,1.000,0.820,0.676
0.572948,0.351937,0.740183,6.18,0.839,0.884,1.000
0.601165,0.195271,0.774900,7.11,0.797,0.859,1.000
0.423422,0.718474,0.551823,6.41,1.000,0.849,0.727
0.560952,-0.421730,0.712374,6.36,0.785,0.851,1.000
0.338755,0.829701,0.443668,5.91,0.775,0.845,1.000
0.399903,0.754156,0.520890,4.95,0.760,0.836,1.000
0.607917,-0.171127,0.775340,5.65,1.000,0.941,0.888
0.443687,-0.701110,0.558199,5.11,1.000,0.872,0.768
0.489314,0.600920,0.632034,6.19,1.000,0.872,0.768
0.308411,-0.871057,0.382286,4.76,0.894,0.917,1.000
0.554178,0.435301,0.709507,6.34,0.885,0.911,1.000
0.275769,0.890960,0.360751,4.22,0.859,0.896,1.000
0.400577,0.757226,0.515894,5.44,1.000,0.779,0.598
0.607802,0.196003,0.769519,4.03,0.748,0.828,1.000
0.492429,-0.616895,0.613966,6.44,0.885,0.911,1.000
0.375047,0.791327,0.482847,6.18,1.000,0.872,0.768
0.605396,-0.237196,0.759759,6.13,1.000,0.979,0.951
0.538844,-0.507141,0.672647,6.40,0.763,0.838,1.000
0.612586,0.174675,0.770862,6.56,0.814,0.869,1.000
0.606327,0.225414,0.762599,5.38,0.811,0.867,1.000
0.302556,-0.879067,0.368376,4.88,0.993,0.973,1.000
0.336869,0.836573,0.432047,6.14,1.000,0.797,0.633
0.451041,0.684441,0.572802,6.60,0.754,0.832,1.000
0.581756,0.358128,0.730277,6.48,0.745,0.826,1.000
0.155167,-0.971053,0.181600,6.00,1.000,0.978,1.000
0.164020,-0.967491,0.192505,6.55,1.000,0.958,0.917
0.601817,-0.284448,0.746261,6.19,0.859,0.896,1.000
0.508096,0.577157,0.639318,4.61,1.000,0.771,0.584
0.463778,0.666171,0.584060,6.49,1.000,0.874,0.771
0.182749,0.953883,0.238138,6.27,1.000,0.810,0.657
0.430443,-0.734813,0.524185,3.11,1.000,0.874,0.771
0.426781,0.727700,0.536946,5.78,0.739,0.823,1.000
0.606522,0.253322,0.753631,4.68,0.824,0.875,1.000
0.292523,-0.890275,0.349058,6.22,1.000,0.854,0.737
0.631156,-0.044491,0.774379,4.89,1.000,0.771,0.584
0.566616,0.436527,0.698849,6.41,0.863,0.898,1.000
0.316117,-0.870776,0.376590,5.12,1.000,0.982,0.956
0.386275,0.786441,0.481977,6.11,0.976,0.963,1.000
0.575569,-0.424340,0.699039,6.36,0.921,0.932,1.000
0.633734,0.001692,0.773549,6.22,0.763,0.838,1.000
0.159374,0.965721,0.204897,5.20,0.811,0.867,1.000
0.566654,0.445603,0.693066,5.59,0.766,0.840,1.000
0.256190,-0.918866,0.300088,5.15,0.769,0.842,1.000
0.614085,0.251990,0.747931,3.63,1.000,0.978,1.000
0.622978,0.197277,0.756954,5.43,0.807,0.865,1.000
0.637098,-0.019290,0.770541,4.32,1.000,0.884,0.789
0.540576,0.523577,0.658517,6.32,0.760,0.836,1.000
0.603728,0.313481,0.732967,6.25,1.000,0.790,0.618
0.540907,0.522825,0.658843,6.49,0.927,0.936,1.000
0.497378,0.620171,0.606633,6.20,1.000,0.876,0.775
0.618667,-0.258056,0.742064,5.22,0.751,0.830,1.000
0.639609,-0.042098,0.767547,6.22,0.757,0.834,1.000
0.594662,0.361643,0.718047,4.82,0.781,0.849,1.000
0.621374,0.230305,0.748902,5.72,1.000,0.782,0.604
0.537352,-0.550946,0.638522,5.47,1.000,0.851,0.731
0.582193,0.408587,0.702928,5.04,0.745,0.826,1.000
0.584322,0.401637,0.705164,5.91,1.000,0.878,0.778
0.629986,0.175128,0.756603,5.05,1.000,0.934,0.876
0.640807,0.008489,0.767655,5.16,1.000,0.862,0.751
0.588839,-0.403128,0.700540,6.37,1.000,0.934,0.876
0.615433,0.272919,0.739431,5.97,0.745,0.826,1.000
0.611004,-0.311317,0.727843,5.10,1.000,0.763,0.567
0.089882,0.988816,0.119015,5.46,1.000,0.870,0.765
0.576316,-0.448461,0.683186,6.51,1.000,0.971,0.938
0.594189,0.371647,0.713315,6.08,0.769,0.842,1.000
0.551871,0.505047,0.663601,5.68,1.000,0.856,0.741
0.619239,-0.277720,0.734448,5.80,1.000,0.874,0.771
0.616995,0.274160,0.737667,3.77,0.769,0.842,1.000
0.629989,0.195086,0.751702,6.42,1.000,0.976,0.947
0.093981,0.987937,0.123080,5.96,1.000,0.890,0.800
0.551451,-0.523961,0.649128,5.76,1.000,0.782,0.604
0.581934,-0.438371,0.684970,6.28,1.000,0.833,0.698
0.487070,0.650502,0.582761,6.06,0.739,0.823,1.000
0.447760,0.715290,0.536537,6.58,0.769,0.842,1.000
0.265989,-0.914981,0.303413,3.42,0.843,0.886,1.000
0.606635,0.340958,0.718152,6.45,1.000,0.956,0.913
0.502963,-0.636867,0.584319,6.29,1.000,0.858,0.744
0.357530,0.829086,0.429870,6.48,1.000,0.963,0.925
0.559507,0.497054,0.663241,6.08,0.835,0.882,1.000
0.626178,0.251783,0.737907,5.99,1.000,0.829,0.692
0.466707,0.687830,0.555945,5.95,1.000,0.838,0.708
0.404700,-0.787162,0.465396,4.51,0.889,0.914,1.000
0.546222,0.534459,0.644977,5.51,1.000,0.898,0.814
0.501566,0.630435,0.592439,6.51,0.751,0.830,1.000
0.619222,0.301062,0.725208,6.22,1.000,0.886,0.793
0.455649,0.710557,0.536183,1.25,0.817,0.871,1.000
0.316963,0.870401,0.376745,6.01,1.000,1.000,0.988
0.484630,0.665451,0.567722,5.67,0.751,0.830,1.000
0.530014,0.580079,0.618541,6.66,0.739,0.823,1.000
0.631759,0.260074,0.730234,4.43,0.915,0.929,1.000
0.414942,0.769845,0.484934,5.39,0.757,0.834,1.000
0.067223,0.993818,0.088362,6.19,0.832,0.880,1.000
0.586826,-0.457831,0.667852,6.50,1.000,0.886,0.793
0.531924,0.581950,0.615136,6.47,1.000,0.831,0.695
0.514348,-0.632018,0.579655,5.50,0.757,0.834,1.000
0.243755,-0.932175,0.267645,5.41,1.000,0.851,0.731
0.536070,-0.589482,0.604268,6.49,0.960,0.954,1.000
0.599488,-0.426898,0.677032,4.14,0.993,0.973,1.000
0.616960,-0.366731,0.696325,5.93,0.801,0.861,1.000
0.319879,0.871226,0.372348,6.15,0.791,0.855,1.000
0.595877,0.426893,0.680215,4.91,1.000,0.840,0.711
0.354831,0.839754,0.410985,6.32,0.921,0.932,1.000
0.628218,0.310515,0.713388,6.38,1.000,0.760,0.561
0.568688,0.510839,0.644700,4.22,1.000,0.864,0.754
0.482559,-0.694515,0.533653,5.11,0.933,0.939,1.000
0.362883,0.833771,0.416103,5.78,1.000,0.761,0.564
0.258881,0.918153,0.299960,5.58,0.867,0.901,1.000
0.665450,-0.043387,0.745181,6.27,1.000,0.779,0.598
0.638575,0.277725,0.717698,5.14,1.000,0.993,0.974
0.638618,0.277720,0.717662,4.27,1.000,0.866,0.758
0.550102,0.558763,0.620622,2.46,1.000,0.868,0.761
0.658927,-0.164976,0.733892,3.77,0.788,0.853,1.000
0.665705,-0.087639,0.741051,4.42,1.000,0.764,0.570
0.466225,-0.722086,0.511104,4.89,1.000,0.783,0.607
0.664826,0.104673,0.739628,5.58,0.781,0.849,1.000
0.667358,0.057680,0.742500,6.40,0.781,0.849,1.000
0.354110,0.844138,0.402538,4.51,1.000,0.979,0.951
0.550081,0.564595,0.615340,4.92,1.000,0.815,0.667
0.311629,0.881624,0.354439,3.43,1.000,0.890,0.800
0.457293,0.725755,0.513968,6.30,0.797,0.859,1.000
0.315125,-0.886439,0.339001,6.28,0.839,0.884,1.000
0.315137,-0.886439,0.338990,6.59,0.847,0.889,1.000
0.606292,-0.434939,0.665761,5.86,0.766,0.840,1.000
0.399513,0.798586,0.450167,6.33,1.000,0.851,0.731
0.536405,0.594694,0.598840,4.53,0.754,0.832,1.000
0.640377,-0.309612,0.702892,6.21,1.000,0.799,0.636
0.561453,-0.556001,0.612889,4.90,1.000,0.874,0.771
0.466851,0.714225,0.521472,6.40,1.000,0.770,0.581
0.227680,0.938203,0.260647,6.41,1.000,0.963,0.925
0.422555,-0.783784,0.455115,5.05,1.000,0.849,0.727
0.448804,0.741179,0.499228,5.57,1.000,0.793,0.624
0.574730,-0.530725,0.622910,6.36,1.000,0.780,0.601
0.535563,-0.614469,0.579310,5.52,1.000,0.806,0.648
0.407963,0.792367,0.453566,6.27,1.000,0.896,0.811
0.658298,0.217211,0.720738,5.98,0.993,0.973,1.000
0.668615,0.136825,0.730913,6.33,0.794,0.857,1.000
0.672381,0.096623,0.733872,6.21,1.000,0.878,0.778
0.661646,-0.217206,0.717667,5.88,1.000,0.860,0.747
0.465962,0.720723,0.513262,4.84,0.976,0.963,1.000
0.414202,0.787049,0.457155,6.29,0.766,0.840,1.000
0.570767,-0.547231,0.612180,6.04,0.797,0.859,1.000
0.607594,-0.452733,0.652582,4.11,1.000,0.765,0.572
0.644221,0.309870,0.699257,6.52,0.801,0.861,1.000
0.676895,-0.098041,0.729521,5.99,1.000,1.000,0.988
0.463471,0.727307,0.506181,6.33,0.766,0.840,1.000
0.485681,0.695404,0.529648,5.04,0.859,0.896,1.000
0.679311,-0.095966,0.727549,5.55,0.763,0.838,1.000
0.361473,-0.852222,0.378227,3.65,1.000,0.827,0.689
0.527972,-0.640244,0.557973,5.35,1.000,0.815,0.667
0.599271,0.473328,0.645627,5.77,1.000,0.934,0.876
0.627055,-0.403275,0.666462,6.33,1.000,0.898,0.814
0.675689,-0.156147,0.720460,4.73,0.915,0.929,1.000
0.590180,-0.510822,0.625099,6.35,1.000,0.856,0.741
0.436900,-0.774147,0.458056,6.24,0.751,0.830,1.000
0.294711,0.899117,0.323627,6.45,0.811,0.867,1.000
0.671542,-0.200627,0.713288,6.38,1.000,0.946,0.896
0.607505,0.455497,0.650738,4.59,1.000,0.909,0.833
0.572961,0.542429,0.614399,6.44,0.742,0.825,1.000
0.608517,-0.468324,0.640609,6.41,1.000,0.771,0.584
0.683300,-0.119959,0.720216,6.44,0.946,0.946,1.000
0.595811,0.494692,0.632684,6.34,1.000,0.856,0.741
0.657349,-0.307740,0.687887,5.78,1.000,0.851,0.731
0.490211,0.699504,0.519987,4.78,0.745,0.826,1.000
0.084673,0.991516,0.098627,5.75,0.788,0.853,1.000
0.483651,0.709349,0.512744,5.45,1.000,0.854,0.737
0.506926,0.674435,0.536809,6.66,0.775,0.845,1.000
0.574153,0.551031,0.605569,5.47,1.000,0.783,0.607
0.691740,-0.023967,0.721749,6.55,0.899,0.920,1.000
0.605849,0.477495,0.636353,6.56,0.748,0.828,1.000
0.609019,0.470357,0.638639,5.01,1.000,0.790,0.618
0.522732,0.652139,0.549059,6.70,0.766,0.840,1.000
0.691479,0.079029,0.718061,6.05,1.000,0.911,0.837
0.673648,0.237201,0.699953,5.17,1.000,0.851,0.731
0.676918,0.217609,0.703156,5.58,0.828,0.878,1.000
0.624986,-0.443015,0.642752,5.70,1.000,0.990,0.969
0.694272,-0.062118,0.717027,6.57,0.757,0.834,1.000
0.687511,-0.168446,0.706367,5.51,1.000,0.791,0.621
0.109601,0.986436,0.122198,5.39,1.000,0.851,0.731
0.698320,0.008091,0.715740,6.05,1.000,0.833,0.698
0.672683,-0.276169,0.686461,5.87,0.850,0.891,1.000
0.264162,-0.928549,0.260798,6.37,0.821,0.873,1.000
0.469678,0.736307,0.487088,5.67,1.000,0.998,0.983
0.162011,-0.974464,0.155476,5.15,1.000,0.993,0.974
0.436879,0.777969,0.451553,6.63,0.757,0.834,1.000
0.493124,0.706181,0.508073,5.96,0.804,0.863,1.000
0.680737,-0.250089,0.688514,6.01,0.871,0.903,1.000
0.440558,0.774156,0.454522,5.81,0.904,0.923,1.000
0.454827,0.756948,0.469215,5.90,1.000,0.866,0.758
0.443139,-0.780051,0.441755,5.76,1.000,0.998,0.983
0.525698,0.658259,0.538829,3.94,0.794,0.857,1.000
0.379967,0.837600,0.392495,6.23,0.733,0.819,1.000
0.689723,0.188053,0.699227,5.48,1.000,0.888,0.796
0.571106,-0.589615,0.571131,6.11,0.960,0.954,1.000
0.649155,0.379873,0.659010,5.31,1.000,0.802,0.642
0.667278,-0.326150,0.669602,6.25,0.748,0.828,1.000
0.702265,0.074868,0.707968,5.23,1.000,1.000,0.988
0.500888,0.700556,0.508264,5.55,1.000,0.880,0.782
0.522553,0.668356,0.529376,6.16,0.763,0.838,1.000
0.676388,0.289436,0.677294,6.66,0.953,0.950,1.000
0.701230,0.130810,0.700832,5.99,0.885,0.911,1.000
0.601329,-0.533729,0.594589,4.67,1.000,0.896,0.811
0.447182,0.771205,0.453068,5.61,0.742,0.825,1.000
0.706428,-0.082465,0.702964,6.21,1.000,0.956,0.913
0.522091,-0.682023,0.512118,6.64,1.000,0.943,0.892
0.167963,0.969981,0.175858,6.05,1.000,0.888,0.796
0.668591,0.330999,0.665902,5.65,1.000,0.770,0.581
0.635513,-0.452141,0.625853,6.05,0.807,0.865,1.000
0.559042,-0.622932,0.547200,5.94,1.000,0.852,0.734
0.477161,0.737526,0.477883,4.74,0.772,0.844,1.000
0.559478,-0.624311,0.545178,5.30,0.976,0.963,1.000
0.358631,0.861085,0.360440,5.51,1.000,0.802,0.642
0.634481,-0.465336,0.617168,6.25,1.000,0.884,0.789
0.574896,0.588154,0.568832,5.97,1.000,0.878,0.778
0.174862,-0.971186,0.161927,6.58,1.000,0.831,0.695
0.492331,0.721226,0.487280,5.37,0.723,0.813,1.000
0.716188,-0.016139,0.697720,6.50,0.757,0.834,1.000
0.417556,-0.816412,0.398897,5.16,1.000,0.834,0.701
0.716198,0.026734,0.697385,6.25,1.000,0.995,0.979
0.692849,0.254264,0.674767,6.31,1.000,0.761,0.564
0.715859,-0.101461,0.690834,7.31,1.000,0.963,0.925
0.715864,-0.101457,0.690829,5.89,1.000,0.943,0.892
0.677732,-0.339641,0.652168,4.84,0.847,0.889,1.000
0.212892,-0.957183,0.196156,5.68,1.000,0.966,0.930
0.507051,0.704524,0.496533,6.19,1.000,0.758,0.558
0.559546,0.624664,0.544705,6.07,1.000,0.872,0.768
0.498536,0.717505,0.486465,6.48,0.742,0.825,1.000
0.392161,0.835517,0.384865,5.83,0.766,0.840,1.000
0.717767,0.095894,0.689648,5.61,1.000,0.764,0.570
0.720492,0.051324,0.691561,6.42,1.000,0.864,0.754
0.721063,0.039604,0.691737,6.33,1.000,0.880,0.782
0.545184,-0.661130,0.515443,5.53,1.000,0.810,0.657
0.627452,-0.501888,0.595325,5.68,1.000,0.868,0.761
0.537389,0.664292,0.519547,6.33,0.953,0.950,1.000
0.457892,0.769978,0.444374,6.37,1.000,0.878,0.778
0.322136,-0.898249,0.298959,5.76,1.000,0.840,0.711
0.491278,0.729708,0.475576,6.32,0.880,0.909,1.000
0.692659,-0.296254,0.657615,4.07,0.785,0.851,1.000
0.613893,-0.534967,0.580470,5.18,1.000,0.854,0.737
0.719796,0.103805,0.686381,5.94,1.000,0.979,0.951
0.429661,0.801631,0.415668,5.90,1.000,0.876,0.775
0.520109,0.693751,0.498193,3.72,1.000,0.764,0.570
0.660445,-0.422711,0.620587,4.50,1.000,0.770,0.581
0.222347,-0.953948,0.201356,6.20,1.000,0.858,0.744
0.647795,0.452815,0.612634,6.12,1.000,0.864,0.754
0.696947,-0.299961,0.651374,6.17,0.794,0.857,1.000
0.621856,0.517799,0.587520,5.82,1.000,0.974,0.943
0.567868,0.625867,0.534618,5.21,1.000,0.840,0.711
0.567916,0.625833,0.534608,6.03,1.000,0.807,0.651
0.683440,-0.361521,0.634203,5.30,0.791,0.855,1.000
0.702949,0.269905,0.658038,6.34,1.000,0.872,0.768
0.489885,0.739024,0.462446,4.55,1.000,0.776,0.592
0.727305,0.121686,0.675440,6.15,1.000,0.763,0.567
0.689089,-0.351129,0.633928,6.25,0.953,0.950,1.000
0.253957,-0.940445,0.225986,5.02,1.000,0.774,0.589
0.721632,-0.197173,0.663604,4.51,1.000,0.886,0.793
0.633718,0.503108,0.587609,5.59,0.757,0.834,1.000
0.736221,0.051348,0.674790,6.45,0.946,0.946,1.000
0.729743,-0.162532,0.664122,6.27,1.000,0.843,0.717
0.726771,0.175911,0.663972,4.69,0.885,0.911,1.000
0.727474,0.174488,0.663577,6.07,0.794,0.857,1.000
0.231353,0.947946,0.218802,5.87,0.968,0.959,1.000
0.567534,-0.646383,0.509994,5.83,1.000,0.984,1.000
0.682829,0.381953,0.622781,6.68,0.797,0.859,1.000
0.718682,-0.249911,0.648876,6.48,0.894,0.917,1.000
0.516693,0.713281,0.473559,6.63,0.739,0.823,1.000
0.576411,-0.635071,0.514233,5.26,1.000,0.978,1.000
0.596723,0.592001,0.541716,6.54,0.745,0.826,1.000
0.438349,0.804514,0.400759,5.73,0.751,0.830,1.000
0.497297,0.739536,0.453631,6.46,0.785,0.851,1.000
0.601048,-0.593754,0.534974,5.96,1.000,0.878,0.778
0.330636,0.893337,0.304351,6.54,0.748,0.828,1.000
0.661783,-0.463597,0.589170,5.42,1.000,0.799,0.636
0.192552,-0.967474,0.164066,6.63,0.797,0.859,1.000
0.148932,0.978604,0.141964,5.91,0.766,0.840,1.000
0.269824,0.930355,0.248261,7.33,1.000,0.788,0.615
0.451021,-0.801390,0.392879,5.75,0.854,0.893,1.000
0.644463,0.503426,0.575525,3.20,1.000,0.876,0.775
0.718558,0.275344,0.638639,6.27,0.876,0.906,1.000
0.572185,-0.649533,0.500711,6.21,1.000,0.847,0.724
0.736953,-0.184042,0.650407,6.77,0.763,0.838,1.000
0.371438,0.865907,0.335022,5.64,0.824,0.875,1.000
0.599708,0.596696,0.533202,6.05,0.863,0.898,1.000
0.750735,0.001610,0.660602,6.38,1.000,0.770,0.581
0.717953,-0.298125,0.629019,6.04,1.000,0.882,0.786
0.738931,0.173768,0.650988,4.49,1.000,0.990,0.969
0.608428,-0.590758,0.529925,6.12,1.000,0.807,0.651
0.325191,-0.903946,0.277727,6.31,0.766,0.840,1.000
0.649690,0.498505,0.573930,6.17,1.000,0.856,0.741
0.705226,-0.352686,0.615036,5.24,1.000,0.841,0.714
0.727710,-0.261707,0.633993,5.28,1.000,0.765,0.572
0.072260,-0.995900,0.054417,6.45,1.000,0.802,0.642
0.591617,0.616288,0.519787,3.72,0.960,0.954,1.000
0.751042,0.091463,0.653888,3.92,1.000,0.982,0.956
0.756298,-0.028057,0.653625,6.48,1.000,0.878,0.778
0.323205,0.901862,0.286677,6.39,1.000,0.963,0.925
0.737934,-0.229691,0.634583,6.40,0.801,0.861,1.000
0.643497,-0.532470,0.549898,4.71,0.807,0.865,1.000
0.504516,0.742837,0.440066,6.46,0.742,0.825,1.000
0.723128,-0.308773,0.617855,5.43,0.751,0.830,1.000
0.559681,0.672385,0.484412,6.43,1.000,0.963,0.925
0.726070,-0.300077,0.618690,7.05,0.927,0.936,1.000
0.455978,-0.803335,0.383063,4.39,0.854,0.893,1.000
0.758564,-0.078797,0.646817,5.82,0.748,0.828,1.000
0.668816,-0.481227,0.566662,6.40,1.000,0.880,0.782
0.586356,0.634659,0.503382,4.23,0.828,0.878,1.000
0.557704,0.677946,0.478911,6.19,0.754,0.832,1.000
0.541779,-0.707381,0.453969,6.00,1.000,0.716,0.475
0.623482,0.572102,0.532888,4.43,0.754,0.832,1.000
0.445368,0.808991,0.383641,6.13,0.804,0.863,1.000
0.685839,-0.443901,0.576695,6.56,1.000,0.931,0.872
0.748319,0.194291,0.634247,5.96,1.000,0.764,0.570
0.426217,0.827061,0.366481,5.98,1.000,0.794,0.627
0.581417,-0.653549,0.484590,4.82,0.794,0.857,1.000
0.495332,-0.765346,0.410965,6.38,1.000,0.815,0.667
0.395031,0.853657,0.339441,6.42,0.859,0.896,1.000
0.548413,0.693978,0.466516,5.00,0.785,0.851,1.000
0.575495,0.656597,0.487530,6.15,0.904,0.923,1.000
0.269449,-0.938096,0.217655,6.41,1.000,0.716,0.475
0.600301,0.618923,0.506531,5.83,1.000,0.990,0.969
0.710738,0.375034,0.595148,6.29,0.763,0.838,1.000
0.243849,-0.949969,0.195183,6.09,1.000,0.826,0.685
0.766607,-0.079503,0.637175,5.87,1.000,0.890,0.800
0.496453,0.760522,0.418497,5.76,0.742,0.825,1.000
0.350864,0.887699,0.298134,2.44,0.867,0.901,1.000
0.762738,0.128007,0.633912,5.82,1.000,0.763,0.567
0.397769,0.853765,0.335953,5.66,1.000,0.806,0.648
0.703344,0.404437,0.584584,5.57,1.000,0.864,0.754
0.648386,0.536604,0.540047,5.68,1.000,0.858,0.744
0.739212,-0.289607,0.608024,4.28,1.000,0.894,0.807
0.169425,0.974418,0.147664,5.95,1.000,0.786,0.613
0.648481,0.538959,0.537583,6.04,0.797,0.859,1.000
0.586025,0.647396,0.487291,6.40,1.000,0.982,0.956
0.324544,0.905361,0.273848,5.18,0.775,0.845,1.000
0.714590,-0.385405,0.583801,5.60,1.000,0.767,0.575
0.726213,0.338811,0.598182,4.08,1.000,0.852,0.734
0.113898,0.988311,0.101338,6.15,0.817,0.871,1.000
0.764003,-0.161939,0.624560,5.99,1.000,0.780,0.601
0.102347,-0.991857,0.075797,6.38,0.832,0.880,1.000
0.534473,-0.726755,0.431470,6.31,0.859,0.896,1.000
0.768635,0.118597,0.628598,5.16,0.804,0.863,1.000
0.374988,0.872555,0.313099,6.11,1.000,0.874,0.771
0.587316,-0.656147,0.473848,5.77,0.772,0.844,1.000
0.326707,-0.908990,0.258844,4.22,1.000,0.993,0.974
0.667821,0.504674,0.547100,6.05,1.000,0.858,0.744
0.726656,-0.355954,0.587595,5.41,1.000,0.843,0.717
0.717034,-0.386662,0.579961,6.38,1.000,0.870,0.765
0.502279,0.759145,0.414022,5.69,1.000,0.854,0.737
0.604444,0.624346,0.494813,6.63,0.791,0.855,1.000
0.758111,-0.222877,0.612857,5.49,0.899,0.920,1.000
0.453079,-0.815740,0.359567,6.12,0.927,0.936,1.000
0.615974,0.607468,0.501556,6.58,1.000,0.963,0.925
0.708387,0.411103,0.573743,5.71,0.915,0.929,1.000
0.766033,0.176641,0.618055,6.35,1.000,0.998,0.983
0.778136,-0.059277,0.625293,6.36,0.921,0.932,1.000
0.617350,0.606702,0.500791,6.47,1.000,0.963,0.925
0.702839,0.427551,0.568522,6.15,1.000,0.963,0.925
0.769210,-0.169326,0.616153,5.70,0.859,0.896,1.000
0.276602,-0.936704,0.214654,5.34,1.000,0.779,0.598
0.707971,0.415152,0.571337,6.32,1.000,0.866,0.758
0.698848,0.441106,0.563061,5.68,0.910,0.926,1.000
0.779154,-0.062036,0.623755,5.49,1.000,0.793,0.624
0.618953,-0.613313,0.490657,5.63,1.000,0.838,0.708
0.138752,-0.984926,0.103287,6.47,0.801,0.861,1.000
0.578607,-0.676205,0.456028,5.51,0.960,0.954,1.000
0.782189,0.009328,0.622971,6.46,0.843,0.886,1.000
0.725169,-0.381254,0.573389,3.74,1.000,0.874,0.771
0.783733,0.019256,0.620799,6.13,1.000,0.978,1.000
0.508187,0.758400,0.408137,6.58,0.778,0.847,1.000
0.732810,-0.361561,0.576423,5.78,1.000,0.796,0.630
0.535327,0.727946,0.428392,5.60,0.915,0.929,1.000
0.627269,0.597170,0.499921,5.94,0.763,0.838,1.000
0.739423,0.331759,0.585823,6.07,0.867,0.901,1.000
0.468042,-0.805989,0.362380,6.39,1.000,0.847,0.724
0.772613,-0.200536,0.602374,6.61,1.000,0.993,0.974
0.733420,-0.371485,0.569292,4.51,1.000,0.892,0.803
0.676196,-0.518603,0.523268,6.50,0.797,0.859,1.000
0.626986,0.603440,0.492696,5.31,0.745,0.826,1.000
0.516670,0.752817,0.407822,5.31,0.811,0.867,1.000
0.697493,0.463429,0.546568,5.41,0.801,0.861,1.000
0.473317,0.797569,0.373971,6.03,0.751,0.830,1.000
0.781061,0.142552,0.607966,6.40,1.000,0.765,0.572
0.666938,0.533250,0.520421,5.80,0.915,0.929,1.000
0.752387,0.307453,0.582569,6.44,1.000,0.804,0.645
0.749445,-0.328006,0.575104,6.57,0.976,0.963,1.000
0.732179,0.377509,0.566922,5.93,1.000,0.782,0.604
0.396195,0.863836,0.311155,6.10,1.000,0.750,0.542
0.726658,0.400971,0.557845,4.57,1.000,0.768,0.578
0.448592,0.823321,0.347718,6.12,0.835,0.882,1.000
0.310069,0.919198,0.242758,5.44,0.754,0.832,1.000
0.544694,0.725861,0.420039,5.24,1.000,0.880,0.782
0.601291,-0.658416,0.452701,5.29,1.000,0.854,0.737
0.663059,-0.558393,0.498548,5.97,0.804,0.863,1.000
0.778621,0.210258,0.591220,6.08,0.772,0.844,1.000
0.793707,-0.097081,0.600503,2.91,1.000,0.909,0.833
0.485599,-0.795870,0.361641,6.41,1.000,0.790,0.618
0.149598,-0.983072,0.105787,6.18,1.000,1.000,0.988
0.727526,-0.416131,0.545473,6.43,0.859,0.896,1.000
0.568791,-0.705236,0.423224,5.57,1.000,0.866,0.758
0.478459,0.798195,0.366008,6.02,0.814,0.869,1.000
0.262844,0.942995,0.204140,3.23,0.720,0.811,1.000
0.128309,0.986357,0.103137,5.97,1.000,0.890,0.800
0.734069,0.397059,0.550896,6.70,0.760,0.836,1.000
0.589159,-0.681040,0.434828,6.32,1.000,0.856,0.741
0.483986,0.794627,0.366506,6.16,1.000,0.894,0.807
0.392445,0.870007,0.298454,5.53,0.828,0.878,1.000
0.700269,-0.495400,0.514007,6.41,0.754,0.832,1.000
0.757039,-0.343405,0.555846,5.69,0.968,0.959,1.000
0.515179,0.765795,0.384901,5.75,0.778,0.847,1.000
0.740442,-0.398015,0.541599,6.40,1.000,0.854,0.737
0.558605,0.717569,0.415999,6.25,1.000,0.741,0.526
0.346375,-0.905007,0.246957,6.20,0.797,0.859,1.000
0.742646,0.386787,0.546693,6.47,1.000,0.987,0.965
0.805251,-0.069461,0.588851,5.77,1.000,0.852,0.734
0.562477,0.714374,0.416280,4.02,1.000,0.896,0.811
0.726497,-0.441058,0.526944,5.73,0.867,0.901,1.000
0.179634,-0.975879,0.124066,3.76,1.000,0.874,0.771
0.630380,0.622981,0.463159,4.90,1.000,0.858,0.744
0.679877,-0.545342,0.490275,6.11,0.867,0.901,1.000
0.711460,0.472508,0.520154,6.31,0.933,0.939,1.000
0.735167,0.413934,0.536831,6.11,1.000,0.963,0.925
0.498968,0.784758,0.367675,6.15,0.794,0.857,1.000
0.765376,-0.333249,0.550586,4.68,0.736,0.821,1.000
0.700751,0.500839,0.508044,6.36,1.000,0.963,0.925
0.568380,0.711716,0.412801,5.53,1.000,0.774,0.589
0.812989,-0.006812,0.582240,6.25,0.807,0.865,1.000
0.805855,-0.136652,0.576129,4.69,0.847,0.889,1.000
0.808006,0.115255,0.577791,6.18,0.794,0.857,1.000
0.617823,0.648301,0.444973,5.01,0.850,0.891,1.000
0.767693,0.330821,0.548821,5.45,0.904,0.923,1.000
0.679786,-0.554542,0.479973,6.28,1.000,0.890,0.800
0.500256,-0.791855,0.350300,6.21,1.000,0.963,0.925
0.811327,0.100564,0.575879,5.67,0.880,0.909,1.000
0.461958,-0.826467,0.321787,6.33,1.000,0.862,0.751
0.577741,0.703353,0.414137,6.20,0.854,0.893,1.000
0.803924,-0.183556,0.565697,6.08,1.000,0.868,0.761
0.736527,0.430494,0.521731,6.16,1.000,0.870,0.765
0.477511,0.809450,0.341722,6.15,1.000,0.876,0.775
0.766134,0.346367,0.541358,5.85,0.915,0.929,1.000
0.817410,0.039148,0.574725,5.10,1.000,0.866,0.758
0.784977,-0.286729,0.549179,3.68,0.915,0.929,1.000
0.381081,0.883618,0.272023,4.73,0.904,0.923,1.000
0.107153,-0.991937,0.067671,5.29,1.000,0.927,0.864
0.438857,0.843290,0.310269,5.62,0.863,0.898,1.000
0.745772,-0.424230,0.513666,6.49,1.000,0.838,0.708
0.798396,-0.242726,0.551042,5.18,1.000,0.951,0.904
0.596749,0.685487,0.417131,5.11,1.000,0.771,0.584
0.757158,-0.394949,0.520315,5.24,1.000,0.884,0.789
0.270956,-0.945569,0.180227,6.01,0.757,0.834,1.000
0.824335,0.022430,0.565658,5.67,1.000,0.796,0.630
0.781387,-0.323362,0.533734,4.73,1.000,0.898,0.814
0.820715,0.098972,0.562701,5.30,1.000,0.765,0.572
0.472378,0.817871,0.328551,6.20,1.000,0.843,0.717
0.623007,0.653490,0.429898,6.11,0.811,0.867,1.000
0.810795,0.187805,0.554384,6.09,0.754,0.832,1.000
0.779114,-0.335794,0.529361,6.22,0.889,0.914,1.000
0.019542,-0.999787,0.006588,6.57,0.894,0.917,1.000
0.800796,-0.248685,0.544868,5.88,0.880,0.909,1.000
0.670885,0.580849,0.461007,6.07,1.000,0.716,0.475
0.575145,0.716495,0.394769,6.17,1.000,0.779,0.598
0.649275,-0.623231,0.435918,6.30,1.000,0.851,0.731
0.621957,0.657076,0.425936,5.69,0.791,0.855,1.000
0.516663,0.779226,0.354777,4.67,0.751,0.830,1.000
0.801759,-0.254593,0.540708,5.99,0.863,0.898,1.000
0.540510,-0.760390,0.360078,6.45,1.000,0.845,0.721
0.535166,0.761541,0.365585,6.09,1.000,0.874,0.771
0.697016,-0.545017,0.465966,4.34,0.772,0.844,1.000
0.622563,0.658098,0.423464,5.49,1.000,0.773,0.587
0.649657,0.619558,0.440561,5.65,0.788,0.853,1.000
0.817203,0.171499,0.550243,2.39,1.000,0.782,0.604
0.727196,0.480878,0.489839,4.73,1.000,0.995,0.979
0.727184,0.480883,0.489853,6.08,0.939,0.943,1.000
0.821057,-0.157856,0.548587,5.09,1.000,0.852,0.734
0.422062,0.859595,0.288028,6.08,1.000,0.812,0.660
0.792507,0.298208,0.531982,4.34,1.000,0.841,0.714
0.802865,0.254972,0.538885,5.94,1.000,0.966,0.930
0.748787,0.432794,0.502003,4.13,0.993,0.973,1.000
0.429086,0.855183,0.290768,4.08,1.000,0.716,0.475
0.264008,0.947274,0.181581,4.56,1.000,0.854,0.737
0.823627,-0.161188,0.543744,6.00,1.000,0.763,0.567
0.818793,-0.197073,0.539203,5.58,0.785,0.851,1.000
0.675342,0.585767,0.448095,6.40,1.000,0.874,0.771
0.768049,0.389910,0.508007,5.29,1.000,0.801,0.639
0.803468,-0.277771,0.526576,2.87,0.899,0.920,1.000
0.569138,-0.734957,0.368673,5.58,1.000,0.963,0.925
0.251082,0.952769,0.170849,5.17,1.000,0.864,0.754
0.753124,0.431509,0.496594,6.28,1.000,0.834,0.701
0.719109,-0.513516,0.468170,5.01,0.801,0.861,1.000
0.384312,0.886693,0.257060,5.95,0.910,0.926,1.000
0.835924,0.046864,0.546840,5.64,0.788,0.853,1.000
0.609748,0.682774,0.402525,6.54,0.894,0.917,1.000
0.799090,0.295611,0.523516,6.21,0.927,0.936,1.000
0.360265,-0.904176,0.229511,5.62,1.000,0.870,0.765
0.833338,-0.103092,0.543065,6.17,0.867,0.901,1.000
0.294215,-0.937461,0.186022,5.53,1.000,0.807,0.651
0.402094,0.875640,0.267534,4.29,1.000,0.984,0.960
0.544914,0.758242,0.357964,4.23,0.751,0.830,1.000
0.673733,0.595952,0.436949,6.47,1.000,0.963,0.925
0.821962,-0.220239,0.525237,6.31,0.867,0.901,1.000
0.655902,0.624542,0.423957,6.12,0.763,0.838,1.000
0.409849,0.872008,0.267632,5.52,1.000,0.783,0.607
0.807694,-0.289779,0.513477,6.38,1.000,0.799,0.636
0.788960,0.349594,0.505297,6.29,0.757,0.834,1.000
0.283970,0.940590,0.186150,6.29,1.000,0.963,0.925
0.728799,0.502630,0.464989,5.04,0.778,0.847,1.000
0.805625,0.297134,0.512523,5.29,0.946,0.946,1.000
0.634489,0.658018,0.405506,6.48,0.984,0.968,1.000
0.802979,-0.319341,0.503236,6.16,0.939,0.943,1.000
0.404596,0.876918,0.259455,6.17,1.000,0.761,0.564
0.796842,0.339176,0.500003,5.77,0.757,0.834,1.000
0.652387,0.636572,0.411300,6.17,0.763,0.838,1.000
0.790917,0.362813,0.492765,6.89,1.000,0.963,0.925
0.827339,-0.234322,0.510493,5.08,0.946,0.946,1.000
0.403057,-0.882015,0.244120,5.90,0.960,0.954,1.000
0.677536,-0.606890,0.415486,3.01,0.751,0.830,1.000
0.744206,0.481652,0.462784,5.53,0.984,0.968,1.000
0.837970,-0.179003,0.515523,6.59,0.751,0.830,1.000
0.764910,0.437194,0.473048,5.08,0.736,0.821,1.000
0.476733,0.827051,0.297848,5.71,0.748,0.828,1.000
0.802085,0.336575,0.493333,5.68,0.791,0.855,1.000
0.846445,0.119521,0.518889,6.15,1.000,0.915,0.844
0.850661,-0.074563,0.520401,5.71,1.000,0.840,0.711
0.347912,0.911782,0.218199,6.37,1.000,0.963,0.925
0.455783,-0.847117,0.273231,6.19,0.863,0.898,1.000
0.852584,-0.057583,0.519407,6.20,1.000,0.995,0.979
0.803265,0.337396,0.490845,6.39,1.000,0.880,0.782
0.737609,-0.509137,0.443522,6.41,1.000,0.888,0.796
0.682953,-0.605344,0.408820,5.46,0.814,0.869,1.000
0.679616,-0.612175,0.404182,6.18,0.921,0.932,1.000
0.494199,-0.819077,0.291343,4.40,0.894,0.917,1.000
0.444185,-0.857277,0.260337,6.12,1.000,1.000,0.988
0.185908,-0.976906,0.105323,6.41,0.867,0.901,1.000
0.470329,0.834957,0.285721,5.80,1.000,0.931,0.872
0.799779,0.362271,0.478658,6.40,1.000,0.757,0.556
0.840256,0.209216,0.500198,5.54,0.804,0.863,1.000
0.407750,0.879166,0.246590,6.13,1.000,0.771,0.584
0.357446,0.908660,0.215799,5.86,0.769,0.842,1.000
0.858258,-0.094538,0.504435,6.33,0.946,0.946,1.000
0.567617,0.750902,0.337574,6.42,0.763,0.838,1.000
0.804914,-0.361344,0.470684,6.12,1.000,0.764,0.570
0.677540,-0.621083,0.393949,5.50,1.000,0.874,0.771
0.209355,-0.970794,0.117169,5.95,0.960,0.954,1.000
0.486234,-0.827892,0.279592,6.01,0.757,0.834,1.000
0.861138,-0.076250,0.502621,6.22,1.000,0.874,0.771
0.381433,0.895910,0.227715,4.91,1.000,0.747,0.536
0.347578,0.914650,0.206408,6.43,0.772,0.844,1.000
0.860365,0.116974,0.496073,6.00,0.751,0.830,1.000
0.763012,-0.476447,0.436819,5.42,0.760,0.836,1.000
0.478344,-0.836632,0.266899,4.69,1.000,0.862,0.751
0.396109,0.888604,0.231259,5.93,1.000,0.761,0.564
0.462574,0.844873,0.268729,6.59,0.797,0.859,1.000
0.868331,0.010559,0.495873,5.58,1.000,0.822,0.679
0.727076,0.544728,0.417890,6.46,1.000,0.963,0.925
0.845727,0.226987,0.482932,5.60,0.927,0.936,1.000
0.859527,0.143617,0.490497,5.65,1.000,0.796,0.630
0.828614,-0.307417,0.467861,6.28,1.000,0.872,0.768
0.222968,0.965911,0.131535,6.35,1.000,0.777,0.595
0.833394,-0.291774,0.469386,6.37,0.984,0.968,1.000
0.854490,0.190362,0.483332,6.37,0.757,0.834,1.000
0.756862,-0.498551,0.422620,7.10,0.915,0.929,1.000
0.400705,0.886915,0.229822,6.66,0.807,0.865,1.000
0.250123,0.957219,0.145502,5.03,1.000,0.978,1.000
0.867427,-0.113593,0.484424,5.54,1.000,0.882,0.786
0.872549,-0.037608,0.487077,4.69,0.769,0.842,1.000
0.525018,0.797397,0.297515,5.78,0.754,0.832,1.000
0.855985,0.197424,0.477822,5.80,0.766,0.840,1.000
0.758807,-0.498740,0.418891,6.47,1.000,0.767,0.575
0.461298,0.848053,0.260786,5.56,0.807,0.865,1.000
0.620622,0.702774,0.347760,5.60,0.778,0.847,1.000
0.781673,-0.451228,0.430558,5.96,0.745,0.826,1.000
0.444074,-0.862832,0.241493,5.62,1.000,0.793,0.624
0.876176,-0.015824,0.481732,5.30,0.871,0.903,1.000
0.677878,-0.636662,0.367618,4.46,1.000,0.807,0.651
0.735016,0.543789,0.405025,6.38,1.000,0.854,0.737
0.874730,0.088175,0.476522,4.84,1.000,0.796,0.630
0.878352,-0.005580,0.477982,2.96,1.000,0.878,0.778
0.783778,0.448912,0.429150,5.78,1.000,0.827,0.689
0.395327,0.891953,0.219400,5.29,1.000,0.774,0.589
0.374582,0.903543,0.208083,4.29,0.927,0.936,1.000
0.854075,-0.239715,0.461620,4.27,0.766,0.840,1.000
0.768130,0.484258,0.418892,5.70,0.769,0.842,1.000
0.216728,-0.969789,0.111972,6.55,1.000,0.840,0.711
0.601170,0.728308,0.328881,6.13,1.000,0.770,0.581
0.619969,0.708490,0.337165,6.44,0.778,0.847,1.000
0.107009,0.992266,0.062900,6.98,1.000,0.984,0.960
0.621310,0.707285,0.337227,5.14,1.000,0.776,0.592
0.602933,-0.730891,0.319798,1.74,0.748,0.828,1.000
0.400955,0.889301,0.219952,5.27,1.000,0.801,0.639
0.585194,0.745844,0.318220,6.27,0.769,0.842,1.000
0.407955,0.885231,0.223468,5.11,0.814,0.869,1.000
0.619018,0.710168,0.335377,6.19,0.817,0.871,1.000
0.796124,0.428068,0.427721,3.76,1.000,0.978,1.000
0.741255,-0.544472,0.392544,4.50,0.804,0.863,1.000
0.213764,-0.970784,0.109010,6.15,1.000,0.874,0.771
0.732353,-0.559828,0.387624,4.99,1.000,0.790,0.618
0.487317,0.832371,0.263972,6.39,0.757,0.834,1.000
0.831416,0.333405,0.444510,5.75,1.000,0.963,0.925
0.838754,0.309026,0.448324,6.35,1.000,0.765,0.572
0.740664,-0.546476,0.390873,6.37,0.859,0.896,1.000
0.820052,0.369792,0.436771,5.78,0.757,0.834,1.000
0.839126,-0.317631,0.441563,5.81,0.736,0.821,1.000
0.592247,-0.744396,0.308414,6.43,1.000,0.804,0.645
0.797175,0.431198,0.422587,6.11,0.889,0.914,1.000
0.455959,0.855733,0.244586,6.32,1.000,0.898,0.814
0.526877,0.801851,0.281843,6.14,0.993,0.973,1.000
0.735118,-0.559406,0.382970,5.37,0.876,0.906,1.000
0.570311,0.763755,0.302363,6.42,1.000,0.963,0.925
0.781051,-0.473973,0.406582,6.44,0.839,0.884,1.000
0.747944,-0.538011,0.388747,4.92,1.000,0.995,0.979
0.617175,0.716204,0.325801,6.11,1.000,0.934,0.876
0.741146,0.547157,0.389000,5.58,1.000,0.874,0.771
0.882227,0.107961,0.458280,3.53,0.814,0.869,1.000
0.885669,-0.067914,0.459324,6.27,0.785,0.851,1.000
0.870233,-0.200479,0.450003,5.46,0.751,0.830,1.000
0.885681,-0.074408,0.458293,6.01,1.000,0.878,0.778
0.742380,0.547247,0.386514,4.29,1.000,1.000,0.988
0.836127,0.335730,0.433793,6.18,1.000,0.941,0.888
0.858972,0.252576,0.445391,6.33,1.000,0.858,0.744
0.828744,-0.362153,0.426648,6.09,1.000,0.990,0.969
0.870045,0.201496,0.449913,5.78,1.000,0.774,0.589
0.829163,0.358010,0.429323,6.46,0.828,0.878,1.000
0.765344,0.508336,0.394770,6.32,0.850,0.891,1.000
0.856040,0.276318,0.436857,5.95,1.000,0.884,0.789
0.864630,-0.245204,0.438509,6.03,0.953,0.950,1.000
0.561812,0.775202,0.288841,5.40,0.839,0.884,1.000
0.800278,-0.443506,0.403556,6.17,0.847,0.889,1.000
0.468305,0.849903,0.241568,3.35,1.000,0.776,0.592
0.808094,0.421827,0.411152,5.92,1.000,0.785,0.610
0.889420,-0.082301,0.449620,6.39,1.000,0.990,0.969
0.268956,0.952879,0.140298,4.79,1.000,0.890,0.800
0.452873,0.860870,0.231967,5.04,0.880,0.909,1.000
0.809430,-0.425477,0.404714,5.58,1.000,0.993,0.974
0.195111,-0.976340,0.093229,5.51,0.910,0.926,1.000
0.487167,0.837141,0.248724,5.24,1.000,0.987,0.965
0.272623,0.951654,0.141533,6.37,0.769,0.842,1.000
0.301886,0.940483,0.156068,5.50,0.953,0.950,1.000
0.734673,0.567912,0.371123,5.33,1.000,0.849,0.727
0.457720,0.857928,0.233350,6.30,1.000,0.849,0.727
0.672427,-0.661072,0.332906,6.23,1.000,0.951,0.904
0.792422,-0.465876,0.393735,5.43,0.739,0.823,1.000
0.435267,0.872577,0.221704,5.35,1.000,0.841,0.714
0.835622,-0.359576,0.415261,5.32,1.000,0.915,0.844
0.150532,-0.986111,0.070174,5.10,1.000,0.791,0.621
0.785064,0.478820,0.392945,5.89,1.000,0.845,0.721
0.400796,0.893304,0.203398,5.79,1.000,0.761,0.564
0.641026,-0.700311,0.314087,6.10,1.000,0.870,0.765
0.688230,0.638969,0.343595,4.49,1.000,0.804,0.645
0.674195,-0.660613,0.330230,4.79,1.000,0.915,0.844
0.627683,0.712526,0.313561,5.53,0.801,0.861,1.000
0.672463,-0.664285,0.326373,5.10,1.000,0.890,0.800
0.656056,0.681410,0.324457,5.71,0.788,0.853,1.000
0.403875,0.892291,0.201750,6.11,0.763,0.838,1.000
0.888800,0.148663,0.433513,6.21,0.794,0.857,1.000
0.809598,-0.436776,0.392145,6.15,1.000,0.852,0.734
0.256432,0.957859,0.129419,6.08,1.000,0.872,0.768
0.487934,0.839085,0.240534,4.19,0.894,0.917,1.000
0.899513,-0.027859,0.436004,6.15,0.854,0.893,1.000
0.877839,-0.222083,0.424356,5.34,1.000,0.847,0.724
0.828229,-0.392979,0.399505,6.17,1.000,0.864,0.754
0.710632,0.612202,0.346714,4.13,1.000,0.793,0.624
0.892087,-0.135427,0.431092,4.16,1.000,0.878,0.778
0.889280,-0.157124,0.429528,5.79,1.000,0.843,0.717
0.535548,-0.805181,0.254698,5.37,1.000,0.963,0.925
0.448211,-0.868283,0.212583,2.86,1.000,0.804,0.645
0.795861,0.466451,0.386042,6.37,1.000,0.876,0.775
0.896924,-0.093886,0.432102,5.75,1.000,0.898,0.814
0.065163,-0.997524,0.026452,5.77,1.000,0.870,0.765
0.487073,0.840758,0.236401,5.88,1.000,0.888,0.796
0.902712,-0.004150,0.430225,6.39,1.000,0.978,1.000
0.880203,-0.230135,0.415068,5.95,1.000,0.862,0.751
0.487421,-0.843485,0.225728,6.34,1.000,0.807,0.651
0.714862,0.612486,0.337392,6.17,0.894,0.917,1.000
0.412689,0.889452,0.196375,5.75,1.000,0.826,0.685
0.898239,-0.136081,0.417910,5.37,0.769,0.842,1.000
0.902527,0.100873,0.418652,5.37,0.781,0.849,1.000
0.898762,0.142399,0.414668,6.17,1.000,0.978,1.000
0.278754,-0.952425,0.123216,5.29,1.000,0.951,0.904
0.845385,-0.368098,0.387077,5.13,1.000,0.860,0.747
0.809629,0.452984,0.373237,6.47,1.000,0.773,0.587
0.909072,-0.024209,0.415934,3.84,0.772,0.844,1.000
0.571357,0.776935,0.264428,6.42,1.000,0.963,0.925
0.888539,0.211415,0.407188,5.01,0.748,0.828,1.000
0.633626,-0.718706,0.286321,6.62,1.000,0.716,0.475
0.799886,0.474558,0.367392,4.81,0.788,0.853,1.000
0.624736,0.725815,0.287919,4.57,0.757,0.834,1.000
0.634346,-0.718474,0.285308,5.62,0.939,0.943,1.000
0.211036,0.972321,0.100275,6.66,0.788,0.853,1.000
0.237045,-0.965996,0.103254,6.04,1.000,0.953,0.908
0.306669,-0.942243,0.134658,5.78,0.953,0.950,1.000
0.675196,0.670146,0.308244,6.41,0.763,0.838,1.000
0.828763,-0.418858,0.371093,5.53,1.000,0.876,0.775
0.905532,-0.125237,0.405372,5.93,1.000,0.874,0.771
0.487729,-0.846167,0.214758,5.32,1.000,0.946,0.896
0.853167,0.355895,0.381372,6.04,1.000,0.963,0.925
0.910495,-0.084320,0.404831,5.78,0.775,0.845,1.000
0.888972,-0.233945,0.393698,5.76,1.000,0.880,0.782
0.492782,0.841364,0.221974,6.16,0.748,0.828,1.000
0.714083,0.623520,0.318291,6.22,1.000,0.993,0.974
0.422136,0.886365,0.190151,6.04,0.804,0.863,1.000
0.559072,0.790467,0.250202,4.43,1.000,0.870,0.765
0.915532,0.024040,0.401525,4.66,0.778,0.847,1.000
0.389029,-0.906060,0.166470,4.48,0.778,0.847,1.000
0.594181,0.760138,0.262943,4.57,0.817,0.871,1.000
0.840114,-0.401668,0.364515,6.29,0.778,0.847,1.000
0.869420,0.316385,0.379486,6.26,1.000,0.833,0.698
0.879137,-0.288052,0.379663,6.57,1.000,0.963,0.925
0.879138,-0.288071,0.379648,6.35,1.000,0.961,0.921
0.060634,0.997694,0.030504,5.27,0.778,0.847,1.000
0.352832,-0.923807,0.148628,5.55,0.859,0.896,1.000
0.915443,0.076608,0.395089,5.75,1.000,0.984,0.960
0.729147,0.607984,0.314165,6.46,0.748,0.828,1.000
0.186027,0.979022,0.083128,6.76,0.769,0.842,1.000
0.917175,0.081861,0.389987,4.79,1.000,0.864,0.754
0.714892,-0.631108,0.301051,5.47,1.000,0.884,0.789
0.706375,0.640240,0.301872,6.14,0.745,0.826,1.000
0.507993,0.833243,0.218286,6.57,0.757,0.834,1.000
0.781656,0.527553,0.332719,5.98,1.000,0.794,0.627
0.669320,-0.688298,0.279743,3.97,1.000,0.868,0.761
0.302039,0.944209,0.131309,5.47,1.000,0.836,0.705
0.921911,-0.000354,0.387402,4.59,1.000,0.963,0.925
0.921922,-0.000349,0.387375,4.42,0.953,0.950,1.000
0.667092,-0.691506,0.277143,4.11,1.000,0.776,0.592
0.386439,0.907281,0.165851,5.46,0.946,0.946,1.000
0.910742,0.158656,0.381283,5.58,1.000,0.779,0.598
0.822049,-0.455657,0.341485,5.95,0.921,0.932,1.000
0.823667,0.450302,0.344674,5.79,1.000,0.827,0.689
0.900549,-0.223505,0.372904,6.40,0.915,0.929,1.000
0.921062,0.077270,0.381673,5.48,0.953,0.950,1.000
0.894572,-0.251830,0.369218,6.37,0.775,0.845,1.000
0.402531,0.899448,0.170184,6.29,1.000,0.858,0.744
0.749663,0.583903,0.311549,6.56,1.000,0.963,0.925
0.831192,-0.439526,0.340494,6.43,1.000,0.858,0.744
0.483162,0.851867,0.202181,3.75,1.000,0.963,0.925
0.621170,0.739713,0.258791,4.36,1.000,0.760,0.561
0.908939,-0.185290,0.373494,4.82,0.769,0.842,1.000
0.778606,0.538366,0.322390,5.65,0.775,0.845,1.000
0.601892,0.758773,0.248979,6.40,1.000,0.845,0.721
0.782629,-0.535032,0.318171,4.29,0.791,0.855,1.000
0.181615,-0.980859,0.070225,6.15,1.000,0.806,0.648
0.178586,0.980907,0.076996,5.83,0.839,0.884,1.000
0.674918,0.683571,0.277877,4.51,0.760,0.836,1.000
0.924851,-0.050787,0.376923,6.16,1.000,0.858,0.744
0.919993,-0.114157,0.374943,6.14,1.000,0.974,0.943
0.436305,-0.882802,0.174065,4.81,1.000,0.770,0.581
0.909938,-0.189191,0.369079,6.38,0.894,0.917,1.000
0.806026,0.493073,0.327416,6.35,0.854,0.893,1.000
0.591730,0.769204,0.241205,3.77,0.791,0.855,1.000
0.870892,0.345790,0.349251,6.42,0.915,0.929,1.000
0.893097,0.273344,0.357296,6.32,1.000,0.838,0.708
0.713101,0.639838,0.286520,5.88,0.843,0.886,1.000
0.544794,0.809402,0.219245,6.35,1.000,0.963,0.925
0.930144,-0.027471,0.366167,5.89,1.000,0.876,0.775
0.179029,0.981037,0.074264,5.50,0.807,0.865,1.000
0.871339,-0.353611,0.340188,5.20,1.000,0.978,1.000
0.496231,-0.846970,0.190779,6.23,0.859,0.896,1.000
0.511553,0.835088,0.202340,5.71,1.000,0.882,0.786
0.319014,0.939176,0.127196,6.60,0.915,0.929,1.000
0.852366,-0.406595,0.328865,5.97,1.000,0.876,0.775
0.932569,-0.002051,0.360986,4.02,0.760,0.836,1.000
0.312123,0.941904,0.124077,6.34,0.788,0.853,1.000
0.220855,0.971244,0.088929,5.68,0.804,0.863,1.000
0.709602,-0.650546,0.270657,6.28,0.828,0.878,1.000
0.795392,-0.524935,0.302975,5.82,1.000,0.856,0.741
0.710092,-0.650656,0.269101,5.86,0.807,0.865,1.000
0.718826,0.637883,0.276394,5.73,0.742,0.825,1.000
0.759478,0.581800,0.291036,6.10,1.000,0.874,0.771
0.915119,0.202735,0.348505,6.40,0.788,0.853,1.000
0.599095,0.766842,0.230301,6.29,0.772,0.844,1.000
0.520986,0.829720,0.200344,6.38,0.828,0.878,1.000
0.912813,0.217755,0.345477,6.30,1.000,0.963,0.925
0.759623,0.582868,0.288510,6.30,1.000,0.807,0.651
0.933752,-0.073727,0.350246,5.03,1.000,0.847,0.724
0.568762,-0.795391,0.209433,6.65,0.933,0.939,1.000
0.928346,-0.137406,0.345387,6.23,1.000,0.920,0.852
0.581915,0.783100,0.219385,4.63,0.876,0.906,1.000
0.822217,-0.480955,0.304372,6.47,1.000,0.866,0.758
0.262813,0.959526,0.101189,5.08,0.960,0.954,1.000
0.785927,-0.545830,0.290496,5.66,0.804,0.863,1.000
0.660521,0.709362,0.246001,6.40,1.000,0.963,0.925
0.884081,0.334172,0.326695,5.82,1.000,0.890,0.800
0.826831,-0.474477,0.302032,6.31,1.000,0.872,0.768
0.506624,-0.842661,0.182358,5.97,1.000,0.793,0.624
0.513471,0.836724,0.190368,5.21,1.000,0.774,0.589
0.728900,0.630002,0.267960,4.88,0.726,0.815,1.000
0.808817,-0.509926,0.292901,5.87,1.000,0.819,0.673
0.884492,0.336785,0.322876,6.21,0.788,0.853,1.000
0.236251,0.967584,0.089252,5.79,1.000,0.776,0.592
0.744073,0.610045,0.272396,6.03,1.000,0.902,0.822
0.417145,0.895591,0.154617,5.19,0.807,0.865,1.000
0.837817,-0.454669,0.302225,4.17,0.754,0.832,1.000
0.939071,-0.061992,0.338086,6.31,1.000,0.984,0.960
0.142119,-0.988708,0.047515,4.15,0.859,0.896,1.000
0.910820,0.251215,0.327564,5.71,1.000,0.934,0.876
0.673350,0.698120,0.243367,4.46,1.000,0.814,0.664
0.554647,0.807435,0.201035,5.93,1.000,0.888,0.796
0.925075,0.187919,0.330034,3.40,0.760,0.836,1.000
0.640948,-0.733855,0.225038,5.98,1.000,0.968,0.934
0.644928,-0.729980,0.226267,2.10,1.000,0.771,0.584
0.822025,-0.490308,0.289608,6.17,1.000,0.780,0.601
0.807694,0.514527,0.287911,6.34,1.000,0.963,0.925
0.675988,-0.697763,0.236998,6.07,1.000,0.878,0.778
0.719131,0.645798,0.256507,5.25,0.745,0.826,1.000
0.821679,0.489497,0.291954,4.79,0.785,0.851,1.000
0.912487,0.250657,0.323323,5.90,1.000,0.852,0.734
0.705022,0.663266,0.251041,5.94,1.000,0.963,0.925
0.708552,-0.661501,0.245704,4.85,1.000,0.868,0.761
0.934256,-0.144558,0.325990,6.45,0.847,0.889,1.000
0.465796,-0.870351,0.159761,6.30,1.000,0.974,0.943
0.937466,-0.121225,0.326284,6.41,0.775,0.845,1.000
0.555580,0.808081,0.195796,6.12,1.000,0.768,0.578
0.894358,-0.322766,0.309750,4.69,1.000,0.807,0.651
0.815777,0.503343,0.284875,2.94,1.000,0.902,0.822
0.745863,0.612945,0.260741,6.43,0.760,0.836,1.000
0.641906,0.733358,0.223928,6.39,1.000,0.998,0.983
0.927935,0.189767,0.320820,6.51,1.000,1.000,0.988
0.730042,0.635614,0.251065,5.95,1.000,0.790,0.618
0.563777,-0.803860,0.189645,4.85,1.000,0.840,0.711
0.704748,0.666782,0.242349,5.08,1.000,0.882,0.786
0.651905,-0.725945,0.219142,5.51,1.000,0.815,0.667
0.622541,-0.754468,0.207897,6.62,1.000,0.956,0.913
0.613966,-0.762508,0.204026,6.48,1.000,0.847,0.724
0.893969,0.331612,0.301418,6.25,1.000,0.864,0.754
0.576075,0.793536,0.196056,6.55,1.000,0.963,0.925
0.648173,-0.730632,0.214588,6.56,0.904,0.923,1.000
0.163661,-0.985182,0.051303,5.35,0.742,0.825,1.000
0.213626,-0.974568,0.067682,6.73,0.824,0.875,1.000
0.927936,0.210860,0.307365,4.19,1.000,0.990,0.969
0.676025,0.701483,0.225637,5.76,0.939,0.943,1.000
0.869909,0.399798,0.288825,3.95,1.000,0.860,0.747
0.786199,-0.561522,0.258039,6.28,1.000,0.843,0.717
0.451344,-0.880346,0.145874,6.37,1.000,0.862,0.751
0.895304,-0.335671,0.292840,5.26,1.000,0.886,0.793
0.746941,-0.618709,0.243471,6.71,1.000,0.995,0.979
0.320430,-0.941751,0.102124,6.34,0.811,0.867,1.000
0.922204,-0.242877,0.300918,5.66,0.772,0.844,1.000
0.855367,-0.436989,0.278187,6.30,1.000,0.892,0.803
0.594888,-0.780615,0.191699,3.49,0.814,0.869,1.000
0.935627,-0.183189,0.301734,6.19,0.894,0.917,1.000
0.496735,0.852483,0.162870,6.36,0.775,0.845,1.000
0.755559,0.607607,0.244834,5.90,1.000,0.868,0.761
0.926483,-0.235015,0.293935,4.01,1.000,0.776,0.592
0.801598,-0.541786,0.252801,6.33,0.910,0.926,1.000
0.937213,0.181873,0.297579,6.54,0.899,0.920,1.000
0.554051,0.813253,0.177895,6.12,0.766,0.840,1.000
0.433132,0.890517,0.139196,6.06,1.000,0.836,0.705
0.867146,0.416307,0.273396,3.48,1.000,0.888,0.796
0.740578,-0.631447,0.229826,5.42,1.000,0.797,0.633
0.479704,-0.864988,0.147237,6.46,1.000,0.849,0.727
0.347973,0.930866,0.111367,6.19,1.000,0.963,0.925
0.534483,0.828088,0.169112,5.43,1.000,0.841,0.714
0.431441,-0.892496,0.131565,6.12,1.000,0.868,0.761
0.709620,0.668529,0.222506,5.92,0.814,0.869,1.000
0.901795,0.327891,0.281518,6.40,1.000,0.963,0.925
0.604504,0.773585,0.190107,6.21,1.000,0.847,0.724
0.831302,-0.492972,0.256741,5.97,1.000,0.892,0.803
0.384690,0.914964,0.121883,3.52,1.000,0.864,0.754
0.803716,-0.542816,0.243703,4.46,0.775,0.845,1.000
0.453041,0.880452,0.139850,5.60,1.000,0.920,0.852
0.942753,0.170821,0.286423,5.16,1.000,0.995,0.979
0.948723,-0.131906,0.287272,3.74,1.000,0.765,0.572
0.695860,0.685977,0.212635,4.94,1.000,0.777,0.595
0.633801,-0.750089,0.188849,6.04,1.000,0.958,0.917
0.327054,-0.940131,0.095859,6.05,1.000,0.948,0.900
0.113286,0.992870,0.037091,4.74,1.000,0.826,0.685
0.916549,0.289719,0.275683,5.64,1.000,0.851,0.731
0.938544,-0.201363,0.280335,5.80,0.763,0.838,1.000
0.610122,0.770646,0.183999,6.46,0.775,0.845,1.000
0.731923,0.645021,0.219628,6.34,0.763,0.838,1.000
0.477361,0.866906,0.143526,6.01,1.000,0.750,0.542
0.680657,0.704004,0.202692,5.81,0.885,0.911,1.000
0.923270,-0.272630,0.270639,3.27,0.804,0.863,1.000
0.951945,-0.125415,0.279413,6.19,1.000,0.822,0.679
0.921309,-0.280197,0.269591,5.56,1.000,0.847,0.724
0.730538,0.647813,0.215991,5.81,1.000,0.849,0.727
0.773095,-0.593259,0.224428,6.40,1.000,0.817,0.670
0.917911,0.291398,0.269307,6.12,1.000,0.747,0.536
0.959874,0.018582,0.279816,6.11,0.859,0.896,1.000
0.956637,-0.086943,0.278004,5.72,1.000,0.898,0.814
0.948983,0.153259,0.275578,4.90,0.788,0.853,1.000
0.765996,0.602887,0.223110,5.91,0.984,0.968,1.000
0.818295,-0.524477,0.235196,6.10,1.000,0.809,0.654
0.810309,-0.537884,0.232550,4.21,1.000,0.880,0.782
0.819444,-0.523474,0.233425,6.48,1.000,0.854,0.737
0.644232,-0.742785,0.182309,5.70,0.867,0.901,1.000
0.773944,0.592740,0.222869,5.74,0.772,0.844,1.000
0.941785,0.205322,0.266239,6.51,0.850,0.891,1.000
0.719139,0.663977,0.204875,5.59,0.745,0.826,1.000
0.621640,0.763048,0.176981,4.95,1.000,0.746,0.534
0.959403,-0.083852,0.269285,6.31,1.000,0.886,0.793
0.837333,-0.494279,0.233584,1.16,0.817,0.871,1.000
0.900426,0.354599,0.251975,5.49,1.000,0.946,0.896
0.960971,0.066453,0.268549,6.28,1.000,0.851,0.731
0.635480,0.751082,0.179000,5.43,0.760,0.836,1.000
0.784832,-0.581031,0.215504,6.13,1.000,0.968,0.934
0.745310,0.633501,0.207820,6.18,0.742,0.825,1.000
0.963089,-0.041793,0.265919,6.16,1.000,0.929,0.868
0.963798,-0.024612,0.265497,6.37,0.933,0.939,1.000
0.077034,0.996742,0.023906,5.90,1.000,0.815,0.667
0.951479,0.162585,0.261255,6.43,1.000,0.953,0.908
0.956551,0.127752,0.262087,6.33,0.807,0.865,1.000
0.944864,0.203281,0.256729,5.75,0.915,0.929,1.000
0.840615,-0.491850,0.226828,5.51,0.880,0.909,1.000
0.940453,-0.226155,0.253776,6.07,1.000,0.794,0.627
0.965173,0.016803,0.261071,5.43,1.000,0.878,0.778
0.874352,-0.425213,0.233887,5.65,1.000,0.827,0.689
0.585379,0.794991,0.159122,6.29,1.000,0.799,0.636
0.485179,0.864404,0.131934,6.43,0.797,0.859,1.000
0.871325,-0.432505,0.231801,6.29,1.000,0.849,0.727
0.585210,-0.796046,0.154401,4.12,1.000,0.878,0.778
0.094512,0.995135,0.027810,4.71,1.000,0.797,0.633
0.609325,-0.776596,0.160066,5.68,1.000,0.799,0.636
0.966630,0.003243,0.256154,6.21,1.000,0.896,0.811
0.965393,0.052539,0.255451,5.83,1.000,0.812,0.660
0.526907,0.838150,0.140975,5.00,1.000,0.799,0.636
0.827919,0.516280,0.219100,6.60,0.775,0.845,1.000
0.847306,-0.482573,0.221799,5.55,1.000,0.810,0.657
0.678980,0.711720,0.180113,6.50,1.000,0.963,0.925
0.891935,-0.387368,0.233232,6.28,0.832,0.880,1.000
0.960144,-0.122928,0.251023,6.21,1.000,0.801,0.639
0.754550,0.625352,0.198968,6.54,0.754,0.832,1.000
0.964361,-0.082137,0.251519,5.94,1.000,0.874,0.771
0.779543,-0.593712,0.199548,6.47,1.000,0.886,0.793
0.525503,0.839673,0.137100,6.20,1.000,0.786,0.613
0.715712,0.673350,0.185357,3.62,0.760,0.836,1.000
0.962369,-0.114489,0.246453,6.15,1.000,0.774,0.589
0.905374,-0.356258,0.231036,5.97,1.000,0.886,0.793
0.823505,0.526667,0.210859,6.57,0.933,0.939,1.000
0.711326,0.678900,0.181959,5.10,0.817,0.871,1.000
0.796807,-0.569989,0.200526,5.11,0.899,0.920,1.000
0.696323,0.695397,0.177642,6.39,0.788,0.853,1.000
0.350892,-0.932452,0.086074,5.52,0.939,0.943,1.000
0.552482,0.821512,0.141006,6.50,0.763,0.838,1.000
0.726945,-0.662337,0.181276,5.79,1.000,0.858,0.744
0.966852,-0.083596,0.241265,6.68,1.000,0.968,0.934
0.968010,0.066622,0.241905,4.53,0.751,0.830,1.000
0.571212,-0.808658,0.140673,5.37,1.000,0.794,0.627
0.855851,0.470747,0.214280,2.42,1.000,0.761,0.564
0.963850,0.115226,0.240240,6.41,0.960,0.954,1.000
0.478286,0.869885,0.120592,6.74,0.781,0.849,1.000
0.505689,0.853230,0.127583,6.43,1.000,0.894,0.807
0.375676,0.921925,0.094453,5.24,1.000,0.826,0.685
0.623140,0.766630,0.154837,4.65,1.000,0.862,0.751
0.937099,0.262278,0.230340,2.49,0.775,0.845,1.000
0.962766,-0.133876,0.234860,5.43,0.904,0.923,1.000
0.928717,-0.293693,0.226340,6.14,1.000,0.807,0.651
0.931142,0.285070,0.227397,6.44,1.000,0.909,0.833
0.971393,0.022809,0.236381,6.39,1.000,0.886,0.793
0.177956,-0.983194,0.040761,6.12,0.835,0.882,1.000
0.705737,-0.688615,0.166569,4.28,0.984,0.968,1.000
0.922319,0.317594,0.220139,6.13,1.000,0.978,1.000
0.890700,-0.402636,0.211038,4.47,1.000,0.894,0.807
0.757526,-0.627857,0.178746,5.61,0.791,0.855,1.000
0.630883,-0.761614,0.148093,6.33,1.000,0.794,0.627
0.914752,0.340557,0.217369,6.30,1.000,0.993,0.974
0.616854,-0.773690,0.144554,5.83,1.000,0.995,0.979
0.275491,-0.959247,0.062849,6.15,1.000,0.799,0.636
0.960288,0.163489,0.226096,4.52,1.000,0.776,0.592
0.878891,0.430012,0.206493,4.76,1.000,0.812,0.660
0.495005,0.860917,0.117436,4.85,0.778,0.847,1.000
0.818339,0.542087,0.190954,6.02,0.828,0.878,1.000
0.908353,0.360553,0.211889,5.99,0.885,0.911,1.000
0.675543,0.720164,0.158131,6.66,0.772,0.844,1.000
0.588384,0.796703,0.138090,6.11,1.000,0.864,0.754
0.853956,-0.482111,0.195778,5.60,1.000,0.898,0.814
0.490781,0.863638,0.115172,6.40,0.785,0.851,1.000
0.671868,0.724018,0.156179,5.33,1.000,0.801,0.639
0.635283,0.758087,0.147377,5.70,1.000,0.978,1.000
0.694378,0.701677,0.159656,6.56,0.847,0.889,1.000
0.974363,0.037128,0.221899,5.40,1.000,0.892,0.803
0.432642,0.895970,0.100291,6.26,0.781,0.849,1.000
0.383775,-0.919530,0.084738,6.47,1.000,0.884,0.789
0.154515,-0.987449,0.032702,6.41,1.000,0.786,0.613
0.423712,0.900490,0.097912,6.21,1.000,0.854,0.737
0.909903,-0.361177,0.204027,3.66,1.000,0.833,0.698
0.861094,-0.470837,0.191912,5.87,1.000,0.817,0.670
0.715605,-0.680216,0.158793,5.81,1.000,0.995,0.979
0.964676,0.150868,0.215962,5.12,1.000,0.791,0.621
0.944995,-0.250558,0.210250,6.42,0.791,0.855,1.000
0.902181,-0.381998,0.200367,4.69,1.000,0.951,0.904
0.741483,-0.650664,0.163828,5.83,1.000,0.768,0.578
0.245789,0.967654,0.056860,4.41,1.000,0.915,0.844
0.687606,-0.710144,0.151306,3.90,1.000,0.870,0.765
0.962009,0.170587,0.213162,5.39,0.763,0.838,1.000
0.497829,0.860147,0.110970,5.70,0.921,0.932,1.000
0.850148,-0.492803,0.185453,6.51,0.889,0.914,1.000
0.931260,0.302277,0.203431,5.71,1.000,0.812,0.660
0.707971,0.688914,0.155485,5.94,1.000,0.978,1.000
0.966604,0.151606,0.206619,5.16,0.832,0.880,1.000
0.872571,0.451613,0.186187,6.17,1.000,0.886,0.793
0.634437,-0.761752,0.131241,6.80,1.000,0.890,0.800
0.449486,-0.888617,0.091224,6.12,1.000,0.918,0.848
0.636793,0.759344,0.133758,4.52,0.899,0.920,1.000
0.852660,0.491537,0.177095,6.35,1.000,0.888,0.796
0.530948,0.840267,0.109753,5.56,1.000,0.872,0.768
0.961228,0.191922,0.198004,5.82,1.000,0.872,0.768
0.974748,-0.105377,0.196883,4.22,1.000,0.777,0.595
0.739006,-0.657448,0.147076,5.77,1.000,0.840,0.711
0.963491,-0.185471,0.193093,6.12,1.000,0.788,0.615
0.621884,0.772930,0.125850,6.31,1.000,0.963,0.925
0.850858,0.496545,0.171711,6.41,1.000,0.984,1.000
0.894967,0.408379,0.179611,6.36,1.000,0.963,0.925
0.979442,-0.060986,0.192285,5.55,0.807,0.865,1.000
0.969216,-0.157947,0.188872,4.21,1.000,0.852,0.734
0.864556,0.473286,0.168947,6.49,1.000,0.905,0.826
0.461201,-0.882957,0.087642,5.66,1.000,0.987,0.965
0.266448,0.962366,0.053457,5.84,1.000,0.963,0.925
0.891280,0.418994,0.173389,6.60,0.968,0.959,1.000
0.700666,-0.700774,0.134098,5.92,1.000,0.862,0.751
0.739169,-0.658617,0.140904,6.47,1.000,0.858,0.744
0.517369,-0.850222,0.097220,3.99,0.968,0.959,1.000
0.179806,-0.983168,0.032405,6.33,1.000,0.892,0.803
0.973408,-0.134447,0.185475,5.06,1.000,0.771,0.584
0.321298,0.944881,0.062993,5.56,0.876,0.906,1.000
0.980973,0.057254,0.185512,3.69,1.000,0.890,0.800
0.588180,0.800874,0.112454,5.54,1.000,0.984,0.960
0.461579,0.882645,0.088789,6.53,0.871,0.903,1.000
0.376834,-0.923686,0.069275,6.13,1.000,0.810,0.657
0.962520,-0.203010,0.179841,6.34,0.804,0.863,1.000
0.692862,0.709130,0.130678,6.43,1.000,0.860,0.747
0.970579,-0.159580,0.180310,4.39,0.742,0.825,1.000
0.744144,-0.653744,0.137365,5.53,1.000,0.978,1.000
0.644742,0.754884,0.120238,4.85,1.000,0.761,0.564
0.689272,0.713115,0.127951,6.48,0.778,0.847,1.000
0.043503,-0.999035,0.006102,5.49,1.000,0.824,0.682
0.829521,-0.537770,0.150662,4.41,1.000,0.849,0.727
0.733525,0.666189,0.134660,6.02,1.000,0.963,0.925
0.970200,-0.166955,0.175608,4.98,0.781,0.849,1.000
0.957100,-0.232748,0.172590,5.08,1.000,0.915,0.844
0.249383,0.967264,0.046992,6.38,0.797,0.859,1.000
0.980415,-0.089319,0.175521,5.55,0.960,0.954,1.000
0.935773,-0.310266,0.167522,5.93,1.000,0.783,0.607
0.694175,0.708798,0.125402,6.50,1.000,0.963,0.925
0.819061,-0.554961,0.145455,6.37,1.000,0.819,0.673
0.366740,0.927912,0.066937,4.75,1.000,0.907,0.829
0.808399,0.570618,0.144520,6.32,0.763,0.838,1.000
0.650685,0.750403,0.116207,5.44,1.000,0.868,0.761
0.653931,0.747576,0.116208,6.32,1.000,0.851,0.731
0.730885,0.670142,0.129291,5.79,1.000,0.790,0.618
0.629374,-0.769474,0.108618,6.05,0.984,0.968,1.000
0.980725,0.093785,0.171414,5.05,1.000,0.836,0.705
0.980086,-0.102932,0.169811,6.17,1.000,0.860,0.747
0.901911,0.402591,0.156449,4.60,0.847,0.889,1.000
0.462879,0.882702,0.081122,6.45,1.000,0.963,0.925
0.849814,0.506260,0.146687,5.59,1.000,0.786,0.613
0.878411,-0.453783,0.149919,5.64,1.000,0.911,0.837
0.707416,0.696118,0.122404,6.13,0.847,0.889,1.000
0.774630,0.618165,0.133494,5.77,1.000,1.000,0.988
0.459305,0.884687,0.079797,6.39,1.000,0.770,0.581
0.838071,0.527141,0.140565,5.32,0.754,0.832,1.000
0.881804,0.447898,0.147682,6.62,0.946,0.946,1.000
0.492647,-0.866512,0.080347,6.09,1.000,0.771,0.584
0.952955,-0.259479,0.156679,5.20,0.859,0.896,1.000
0.922280,0.355574,0.151546,6.29,0.775,0.845,1.000
0.926860,-0.343669,0.151073,3.97,1.000,0.854,0.737
0.964342,0.213267,0.156722,5.08,1.000,0.817,0.670
0.491343,0.867189,0.081029,5.56,1.000,0.760,0.561
0.583180,-0.807046,0.092614,6.15,0.885,0.911,1.000
0.720763,-0.683585,0.114942,6.10,1.000,0.793,0.624
0.987354,0.005086,0.158450,6.31,1.000,0.770,0.581
0.609648,-0.786842,0.095963,5.75,1.000,0.773,0.587
0.832597,0.537762,0.132646,6.69,1.000,0.984,1.000
0.935702,-0.320406,0.147657,6.19,1.000,0.870,0.765
0.540597,-0.837234,0.082425,5.59,1.000,0.860,0.747
0.744439,0.657543,0.115966,6.72,0.807,0.865,1.000
0.834554,0.535606,0.129022,5.57,0.754,0.832,1.000
0.459645,0.885254,0.071078,4.98,1.000,0.760,0.561
0.907275,0.397215,0.138103,4.40,1.000,0.961,0.921
0.925551,-0.352527,0.138132,4.39,1.000,0.791,0.621
0.599271,-0.795703,0.087932,5.52,0.968,0.959,1.000
0.393367,-0.917624,0.056825,6.45,1.000,0.791,0.621
0.517525,-0.852422,0.074461,5.63,1.000,0.878,0.778
0.634114,-0.767805,0.091514,6.20,0.763,0.838,1.000
0.989372,0.021912,0.143746,4.94,0.797,0.859,1.000
0.989615,0.019590,0.142400,6.25,1.000,0.870,0.765
0.724878,0.680874,0.104704,5.75,0.788,0.853,1.000
0.805752,-0.581334,0.113199,6.32,1.000,0.836,0.705
0.896082,0.425262,0.127239,5.98,0.769,0.842,1.000
0.984118,0.111103,0.138447,4.28,1.000,0.860,0.747
0.970613,-0.198508,0.136036,6.37,1.000,0.894,0.807
0.332693,0.941821,0.047828,5.60,0.854,0.893,1.000
0.448139,-0.891883,0.060956,5.68,0.736,0.821,1.000
0.706768,-0.700882,0.096145,6.43,1.000,0.840,0.711
0.977942,-0.161020,0.133049,6.18,1.000,0.796,0.630
0.911824,0.391499,0.123716,6.35,1.000,0.963,0.925
0.966482,0.220877,0.130867,4.55,1.000,0.886,0.793
0.988078,-0.079029,0.132123,6.25,1.000,0.856,0.741
0.648753,0.756231,0.085055,6.17,1.000,0.793,0.624
0.517317,0.853086,0.068030,4.91,0.751,0.830,1.000
0.774456,0.624724,0.099685,6.05,1.000,0.876,0.775
0.986046,-0.109532,0.125361,6.39,1.000,0.826,0.685
0.703540,-0.705174,0.088098,6.02,1.000,0.870,0.765
0.768473,0.632521,0.096774,5.22,1.000,0.870,0.765
0.989768,-0.071275,0.123611,6.49,1.000,0.979,0.951
0.924160,-0.364380,0.114694,6.29,0.921,0.932,1.000
0.872930,0.475680,0.108271,6.41,0.791,0.855,1.000
0.992347,-0.018950,0.122021,6.38,1.000,0.840,0.711
0.216916,-0.975861,0.025362,5.81,1.000,0.943,0.892
0.813695,0.572897,0.098432,6.65,0.769,0.842,1.000
0.784472,-0.613160,0.092947,4.37,0.760,0.836,1.000
0.046490,0.998896,0.006738,5.58,0.871,0.903,1.000
0.927772,-0.356974,0.108673,4.71,0.794,0.857,1.000
0.917703,0.382666,0.106716,5.32,1.000,0.771,0.584
0.701748,0.707823,0.080849,6.24,1.000,0.878,0.778
0.928530,0.355773,0.106100,6.06,1.000,0.753,0.547
0.848719,0.519896,0.096874,4.98,1.000,0.806,0.648
0.993410,-0.021771,0.112526,5.87,0.904,0.923,1.000
0.425026,-0.904004,0.046151,7.40,1.000,0.963,0.925
0.958991,-0.262961,0.105775,5.96,1.000,0.809,0.654
0.758712,0.645943,0.084349,5.59,0.821,0.873,1.000
0.828811,0.551897,0.092100,5.63,1.000,0.868,0.761
0.731573,-0.677069,0.079873,4.71,0.814,0.869,1.000
0.782989,0.615990,0.086518,6.18,1.000,0.774,0.589
0.985882,-0.129911,0.105643,6.39,1.000,0.898,0.814
0.313075,0.949108,0.034310,5.84,1.000,0.743,0.528
0.904508,0.415664,0.095340,6.45,1.000,0.753,0.547
0.994028,0.036682,0.102774,5.68,1.000,0.978,1.000
0.835174,0.543236,0.085908,6.35,1.000,1.000,0.988
0.845001,-0.528006,0.084752,6.52,1.000,0.826,0.685
0.226153,-0.973857,0.021376,6.00,1.000,0.894,0.807
0.969509,-0.225976,0.094805,5.65,1.000,0.868,0.761
0.697731,-0.713159,0.067645,4.74,0.814,0.869,1.000
0.952648,0.289459,0.093142,6.26,0.788,0.853,1.000
0.685587,0.724870,0.067328,3.82,1.000,0.872,0.768
0.710688,0.700027,0.069892,5.80,0.769,0.842,1.000
0.944483,0.315658,0.091165,5.53,0.788,0.853,1.000
0.688953,0.721757,0.066409,6.58,1.000,0.948,0.900
0.724844,0.685412,0.069358,4.29,0.757,0.834,1.000
0.683854,-0.727028,0.061433,6.09,0.876,0.906,1.000
0.633825,0.771310,0.057855,5.30,0.769,0.842,1.000
0.965584,-0.245674,0.085391,5.00,0.876,0.906,1.000
0.991376,0.098041,0.086952,4.13,1.000,0.987,0.965
0.981989,0.168098,0.086265,5.97,0.859,0.896,1.000
0.252832,0.967236,0.023039,5.95,0.832,0.880,1.000
0.274473,0.961275,0.024796,5.98,1.000,0.896,0.811
0.788731,0.610871,0.068843,6.53,0.933,0.939,1.000
0.213312,0.976794,0.019275,3.21,1.000,0.868,0.761
0.844349,-0.531000,0.071508,5.31,1.000,0.880,0.782
0.712668,0.698838,0.061071,4.14,0.763,0.838,1.000
0.798711,0.597917,0.067502,6.23,0.960,0.954,1.000
0.909309,-0.409291,0.075092,6.60,1.000,0.776,0.592
0.975980,-0.202455,0.080462,5.89,1.000,0.874,0.771
0.947838,-0.309469,0.076365,5.34,1.000,0.776,0.592
0.647160,0.760544,0.052500,6.26,0.854,0.893,1.000
0.949029,-0.305968,0.075676,4.82,1.000,0.911,0.837
0.988927,0.126209,0.078069,5.89,0.821,0.873,1.000
0.996452,0.031062,0.078218,4.50,0.859,0.896,1.000
0.539143,0.841133,0.042648,6.24,1.000,0.963,0.925
0.705085,0.707007,0.054728,6.57,1.000,0.963,0.925
0.961054,-0.266360,0.073675,5.28,1.000,0.807,0.651
0.965201,-0.251140,0.072906,4.49,0.775,0.845,1.000
0.428990,0.902702,0.033109,6.56,1.000,0.732,0.507
0.473026,0.880307,0.036138,6.40,1.000,0.829,0.692
0.981199,0.179341,0.071309,5.06,1.000,0.760,0.561
0.962228,-0.263611,0.068024,6.36,1.000,0.774,0.589
0.704363,-0.708134,0.049182,6.09,1.000,0.878,0.778
0.333196,-0.942585,0.022681,6.07,1.000,0.892,0.803
0.193948,-0.980926,0.012985,5.75,1.000,0.852,0.734
0.430990,-0.901866,0.029760,5.72,1.000,0.802,0.642
0.869417,0.490321,0.060827,4.93,1.000,0.884,0.789
0.947297,-0.313610,0.065404,5.24,0.763,0.838,1.000
0.894845,-0.442232,0.060684,6.17,1.000,0.990,0.969
0.560852,0.827078,0.037239,6.51,1.000,0.963,0.925
0.762572,-0.645224,0.046574,6.31,0.859,0.896,1.000
0.945570,-0.320250,0.057771,5.29,0.894,0.917,1.000
0.688084,0.724416,0.041980,4.95,1.000,0.852,0.734
0.996390,0.060816,0.059233,5.04,1.000,0.716,0.475
0.393555,0.919013,0.023017,5.95,0.775,0.845,1.000
0.638765,-0.768581,0.035526,5.18,0.729,0.817,1.000
0.367662,-0.929739,0.020252,6.89,1.000,1.000,0.988
0.519406,0.854023,0.029361,4.87,1.000,0.852,0.734
0.976960,-0.206389,0.054343,5.73,1.000,0.858,0.744
0.537154,0.842935,0.030427,5.51,1.000,0.764,0.570
0.683125,0.729357,0.037136,6.07,0.745,0.826,1.000
0.997456,-0.048182,0.052529,5.49,1.000,0.886,0.793
0.377203,0.925916,0.019911,5.04,0.785,0.851,1.000
0.992564,-0.111132,0.049666,6.07,1.000,0.794,0.627
0.998065,0.038635,0.048719,6.46,1.000,0.978,1.000
0.880849,-0.471478,0.042593,4.57,0.791,0.855,1.000
0.424052,0.905394,0.021018,6.41,0.807,0.865,1.000
0.465611,0.884699,0.022697,5.43,1.000,0.946,0.896
0.499732,0.865841,0.024226,6.34,0.785,0.851,1.000
0.515018,0.856835,0.024288,6.33,0.968,0.959,1.000
0.960923,-0.273306,0.043943,6.24,1.000,0.833,0.698
0.998766,0.018781,0.045972,5.77,0.843,0.886,1.000
0.456029,-0.889731,0.020419,6.59,1.000,0.790,0.618
0.803817,0.593774,0.036208,5.90,1.000,0.918,0.848
0.875057,0.482404,0.039519,5.97,0.854,0.893,1.000
0.902958,-0.427853,0.040108,6.42,0.828,0.878,1.000
0.983994,-0.173204,0.041908,5.94,1.000,0.849,0.727
0.620304,0.783928,0.026075,6.44,0.946,0.946,1.000
0.967752,-0.248723,0.039905,5.72,1.000,0.785,0.610
0.986116,0.161833,0.037222,5.79,1.000,0.763,0.567
0.945362,-0.324064,0.035677,5.18,0.745,0.826,1.000
0.138764,-0.990314,0.004781,5.11,1.000,0.890,0.800
0.998079,0.051121,0.035006,5.55,1.000,0.782,0.604
0.214613,0.976670,0.007532,6.55,1.000,0.978,1.000
0.928808,0.369274,0.030852,6.11,1.000,0.773,0.587
0.944326,0.327552,0.030962,5.08,1.000,0.771,0.584
0.968707,-0.246172,0.031712,5.87,1.000,0.822,0.679
0.249488,0.968343,0.008256,6.39,1.000,0.878,0.778
0.981292,0.189909,0.031617,5.30,0.850,0.891,1.000
0.987216,-0.156377,0.030845,5.75,1.000,0.841,0.714
0.998008,-0.055047,0.030812,5.93,1.000,0.860,0.747
0.998879,0.036479,0.030170,6.28,0.785,0.851,1.000
0.911527,-0.410387,0.026470,6.24,0.854,0.893,1.000
0.890402,-0.454647,0.021929,6.35,0.859,0.896,1.000
0.537146,0.843386,0.013167,4.54,1.000,0.833,0.698
0.762460,-0.646790,0.017824,6.03,1.000,0.971,0.938
0.999738,0.001905,0.022789,5.61,1.000,0.773,0.587
0.992170,0.123101,0.021086,6.21,0.766,0.840,1.000
0.848592,-0.528759,0.017491,6.10,0.763,0.838,1.000
0.848937,-0.528204,0.017499,6.83,0.763,0.838,1.000
0.898956,0.437665,0.018111,6.54,1.000,0.963,0.925
0.538490,0.842567,0.010430,6.00,0.863,0.898,1.000
0.677316,0.735575,0.013123,6.00,1.000,0.843,0.717
0.908131,-0.418457,0.013876,6.31,1.000,0.890,0.800
0.922791,0.385070,0.013322,6.15,1.000,0.771,0.584
0.118544,0.992947,0.001830,6.59,0.804,0.863,1.000
0.735347,0.677625,0.009434,5.97,1.000,0.941,0.888
0.893900,-0.448128,0.011162,6.26,1.000,0.794,0.627
0.563398,0.826156,0.007027,5.55,1.000,0.993,0.974
0.454638,-0.890661,0.005293,5.97,0.824,0.875,1.000
0.136226,-0.990677,0.001459,5.73,1.000,0.864,0.754
0.433661,-0.901064,0.004567,5.00,0.807,0.865,1.000
0.499615,0.866231,0.005323,6.47,0.791,0.855,1.000
0.905219,0.424853,0.008854,4.66,1.000,0.773,0.587
0.961967,-0.273078,0.006912,6.26,1.000,0.858,0.744
0.624020,0.781396,0.004320,4.80,1.000,0.739,0.520
0.998058,-0.062026,0.005777,4.86,1.000,0.888,0.796
0.844488,0.535557,0.004348,6.52,0.754,0.832,1.000
0.605345,-0.795958,0.002826,5.13,1.000,0.849,0.727
0.689445,0.724329,0.003685,6.54,0.760,0.836,1.000
0.562728,0.826639,0.002435,4.88,0.766,0.840,1.000
0.992830,0.119501,0.002982,4.01,0.984,0.968,1.000
0.870482,-0.492196,0.002032,5.62,1.000,0.771,0.584
0.831715,0.555199,0.001863,6.58,1.000,0.976,0.947
0.831715,0.555199,0.001863,6.58,1.000,0.963,0.925
0.413466,-0.910519,0.000150,4.50,0.763,0.838,1.000
0.715807,-0.698297,-0.000999,6.29,1.000,0.924,0.860
0.891651,0.452720,-0.001550,6.46,1.000,0.990,0.969
0.506639,0.862158,-0.001138,6.19,1.000,0.872,0.768
0.703970,0.710226,-0.002237,6.38,0.766,0.840,1.000
0.658551,-0.752530,-0.003089,5.71,1.000,0.892,0.803
0.638257,-0.769814,-0.003713,5.53,1.000,0.771,0.584
0.643022,0.765839,-0.003708,6.22,1.000,0.880,0.782
0.223826,-0.974628,-0.001558,4.78,1.000,0.824,0.682
0.481389,0.876500,-0.003392,5.55,0.976,0.963,1.000
0.738820,0.673880,-0.005577,6.25,0.778,0.847,1.000
0.998573,-0.052815,-0.007945,5.10,0.751,0.830,1.000
0.890316,0.455264,-0.008430,5.75,1.000,0.946,0.896
0.994460,-0.104774,-0.008505,4.41,1.000,0.767,0.575
0.967332,-0.253355,-0.008955,7.10,1.000,0.743,0.528
0.868411,-0.495766,-0.008835,5.01,0.742,0.825,1.000
0.987751,0.155692,-0.010358,6.32,0.850,0.891,1.000
0.988994,0.147560,-0.010767,5.63,0.899,0.920,1.000
0.405133,0.914246,-0.004599,5.86,1.000,0.856,0.741
0.939339,-0.342776,-0.012133,6.25,1.000,0.982,0.956
0.912426,-0.409052,-0.012455,6.44,1.000,0.840,0.711
0.443930,0.896037,-0.006641,6.24,0.921,0.932,1.000
0.954446,-0.297977,-0.015577,4.55,0.772,0.844,1.000
0.395293,0.918531,-0.006667,6.29,1.000,0.761,0.564
0.464952,0.885294,-0.008576,5.88,0.904,0.923,1.000
0.958505,-0.284499,-0.018104,5.78,1.000,0.854,0.737
0.872181,-0.488905,-0.016512,6.40,0.788,0.853,1.000
0.983035,-0.182398,-0.019311,4.94,1.000,0.767,0.575
0.387970,0.921638,-0.007957,5.67,1.000,0.860,0.747
0.741917,0.670326,-0.014931,6.01,1.000,0.963,0.925
0.294020,-0.955782,-0.005789,7.31,1.000,0.978,1.000
0.822356,0.568701,-0.017573,6.12,1.000,0.958,0.917
0.318282,-0.947974,-0.006512,5.59,0.751,0.830,1.000
0.893565,0.448522,-0.019238,6.25,1.000,0.802,0.642
0.479888,0.877265,-0.010688,5.80,0.760,0.836,1.000
